merchant_id,declared_category,label,archetype,hard_negative,telemetry_visible,telemetry_score,vision_vertical,vision_confidence,vision_surface,injection_present,infra_linked,network_score,network_synchrony,voice_status,voice_consistent,contradictions,evidence_agreement,action_confidence,tier,dissenting_channels,second_channel,steps_used,stop_reason,investigation_cost_inr,daily_gmv_recent,triage_reasons,in_test_split,cost_analyst_cost,cost_false_hold_cost,cost_missed_abuse_cost,cost_total
MID100494,electronics_retail,0,legit,festival_season,0,0.01165596632305239,electronics_retail,0.99,homepage,False,0,0.0,0.0,not_called,,0,0,NONE,0,,,2,evidence_exhausted,2.2,568215.075,external_signal,False,0.0,0.0,0.0,0.0
MID103472,apparel,0,legit,none,0,0.0005891656820305646,,,,False,0,0.0,0.0,not_called,,0,0,NONE,0,,,0,not_triaged,0.0,40054.79133333333,,True,0.0,0.0,0.0,0.0
MID102478,home_furnishing,0,legit,none,0,0.001166750583902645,,,,False,0,0.0,0.0,not_called,,0,0,NONE,0,,,0,not_triaged,0.0,55603.79133333333,,False,0.0,0.0,0.0,0.0
MID102674,digital_services,0,legit,shared_platform,0,0.0011719151323047216,,,,False,0,0.0,0.0,not_called,,0,0,NONE,0,,,0,not_triaged,0.0,52820.02933333334,,False,0.0,0.0,0.0,0.0
MID100272,electronics_retail,0,legit,none,0,0.0020199787055715504,,,,False,0,0.0,0.0,not_called,,0,0,NONE,0,,,0,not_triaged,0.0,170902.56100000002,,False,0.0,0.0,0.0,0.0
MID102145,electronics_retail,0,legit,none,0,0.0010837100636668824,,,,False,0,0.0,0.0,not_called,,0,0,NONE,0,,,0,not_triaged,0.0,60540.77099999999,,False,0.0,0.0,0.0,0.0
MID103478,skill_gaming,0,legit,none,0,0.0008282649789161194,,,,False,0,0.0,0.0,not_called,,0,0,NONE,0,,,0,not_triaged,0.0,72333.15933333334,,False,0.0,0.0,0.0,0.0
MID103310,apparel,0,legit,viral_spike,0,0.005276229722419881,,,,False,0,0.0,0.0,not_called,,0,0,NONE,0,,,0,not_triaged,0.0,94347.535,,True,0.0,0.0,0.0,0.0
MID102051,electronics_retail,0,legit,none,0,0.00046770311253964257,,,,False,0,0.0,0.0,not_called,,0,0,NONE,0,,,0,not_triaged,0.0,120158.569,,True,0.0,0.0,0.0,0.0
MID101346,electronics_retail,0,legit,festival_season,0,0.0026796109109130674,,,,False,0,0.0,0.0,not_called,,0,0,NONE,0,,,0,not_triaged,0.0,2363572.7336666663,,False,0.0,0.0,0.0,0.0
MID101059,travel_agency,0,legit,festival_season,0,0.12384382778986336,,,,False,0,0.0,0.0,not_called,,0,0,NONE,0,,,0,not_triaged,0.0,791916.8003333333,,False,0.0,0.0,0.0,0.0
MID101063,electronics_retail,0,legit,none,0,0.0006596823094292221,,,,False,0,0.0,0.0,not_called,,0,0,NONE,0,,,0,not_triaged,0.0,262712.704,,False,0.0,0.0,0.0,0.0
MID102031,subscription_box,0,legit,price_point_change,0,0.011424984320073033,,,,False,0,0.0,0.0,not_called,,0,0,NONE,0,,,0,not_triaged,0.0,50861.07233333333,,True,0.0,0.0,0.0,0.0
MID102799,electronics_retail,0,legit,festival_season,0,0.003110399122942182,,,,False,0,0.0,0.0,not_called,,0,0,NONE,0,,,0,not_triaged,0.0,423665.528,,False,0.0,0.0,0.0,0.0
MID102411,electronics_retail,0,legit,festival_season,0,0.0018433533579779921,,,,False,0,0.0,0.0,not_called,,0,0,NONE,0,,,0,not_triaged,0.0,306727.0373333333,,True,0.0,0.0,0.0,0.0
MID103792,electronics_retail,0,legit,viral_spike,0,0.021390276980193187,,,,False,0,0.0,0.0,not_called,,0,0,NONE,0,,,0,not_triaged,0.0,129605.76333333334,,True,0.0,0.0,0.0,0.0
MID101911,apparel,0,legit,festival_season,0,0.030861906330094984,,,,False,0,0.0,0.0,not_called,,0,0,NONE,0,,,0,not_triaged,0.0,37787.92633333334,,False,0.0,0.0,0.0,0.0
MID103898,pharmacy,0,legit,shared_platform,0,0.02255665845189053,,,,False,0,0.0,0.0,not_called,,0,0,NONE,0,,,0,not_triaged,0.0,46582.19533333333,,False,0.0,0.0,0.0,0.0
MID101458,electronics_retail,0,legit,festival_season,0,0.011243636267226177,,,,False,6,0.363,0.109,not_called,,0,0,NONE,0,,,0,not_triaged,0.0,222918.4296666667,,False,0.0,0.0,0.0,0.0
MID102569,subscription_box,0,legit,viral_spike,0,0.0012245953287911334,,,,False,0,0.0,0.0,not_called,,0,0,NONE,0,,,0,not_triaged,0.0,48515.561,,False,0.0,0.0,0.0,0.0
MID103995,home_furnishing,0,legit,none,0,0.0006539364490997801,,,,False,0,0.0,0.0,not_called,,0,0,NONE,0,,,0,not_triaged,0.0,254879.2996666667,,False,0.0,0.0,0.0,0.0
MID100922,digital_services,0,legit,none,0,0.0012397900913939375,,,,False,0,0.0,0.0,not_called,,0,0,NONE,0,,,0,not_triaged,0.0,71542.44666666667,,False,0.0,0.0,0.0,0.0
MID100211,apparel,0,legit,festival_season,0,0.005844042644045618,,,,False,0,0.0,0.0,not_called,,0,0,NONE,0,,,0,not_triaged,0.0,227664.597,,False,0.0,0.0,0.0,0.0
MID100595,apparel,0,legit,none,0,0.00615481145108446,,,,False,0,0.0,0.0,not_called,,0,0,NONE,0,,,0,not_triaged,0.0,92018.56333333332,,True,0.0,0.0,0.0,0.0
MID100971,electronics_retail,0,legit,none,0,0.001476653120047281,,,,False,0,0.0,0.0,not_called,,0,0,NONE,0,,,0,not_triaged,0.0,212281.236,,False,0.0,0.0,0.0,0.0
MID102127,apparel,0,legit,none,0,0.01233399430385313,,,,False,0,0.0,0.0,not_called,,0,0,NONE,0,,,0,not_triaged,0.0,12652.390666666668,,False,0.0,0.0,0.0,0.0
MID100048,pharmacy,1,licensing_violation,none,0,0.4993324779432499,unregistered_pharmacy,0.9314,homepage,False,0,0.0,0.0,answered,True,2,2,RESTRICT,3,storefront,,4,evidence_exhausted,2.2,47784.89366666667,telemetry_drift,False,900.0,0.0,0.0,900.0
MID103052,home_furnishing,0,legit,viral_spike,0,0.0004191911842540988,,,,False,0,0.0,0.0,not_called,,0,0,NONE,0,,,0,not_triaged,0.0,41585.985,,False,0.0,0.0,0.0,0.0
MID100320,apparel,0,legit,none,0,0.001009629014466621,,,,False,0,0.0,0.0,not_called,,0,0,NONE,0,,,0,not_triaged,0.0,108905.90666666668,,False,0.0,0.0,0.0,0.0
MID103801,electronics_retail,0,legit,none,0,0.0032030150968956088,,,,False,0,0.0,0.0,not_called,,0,0,NONE,0,,,0,not_triaged,0.0,395223.4853333334,,True,0.0,0.0,0.0,0.0
MID101301,home_furnishing,0,legit,none,0,0.004721465248574135,,,,False,0,0.0,0.0,not_called,,0,0,NONE,0,,,0,not_triaged,0.0,15962.198666666663,,False,0.0,0.0,0.0,0.0
MID100675,subscription_box,0,legit,none,0,0.011298686850438392,,,,False,0,0.0,0.0,not_called,,0,0,NONE,0,,,0,not_triaged,0.0,98454.372,,True,0.0,0.0,0.0,0.0
MID101597,apparel,0,legit,festival_season,0,0.05638797865648,,,,False,0,0.0,0.0,not_called,,0,0,NONE,0,,,0,not_triaged,0.0,39346.23833333333,,False,0.0,0.0,0.0,0.0
MID102271,digital_services,0,legit,none,0,0.0009414205175647214,,,,False,0,0.0,0.0,not_called,,0,0,NONE,0,,,0,not_triaged,0.0,20051.875,,False,0.0,0.0,0.0,0.0
MID102505,electronics_retail,0,legit,festival_season,0,0.003454181666283657,,,,False,0,0.0,0.0,not_called,,0,0,NONE,0,,,0,not_triaged,0.0,1435397.1079999998,,False,0.0,0.0,0.0,0.0
MID101225,apparel,0,legit,none,0,0.004641560053109265,,,,False,0,0.0,0.0,not_called,,0,0,NONE,0,,,0,not_triaged,0.0,94888.032,,False,0.0,0.0,0.0,0.0
MID103551,apparel,0,legit,price_point_change,0,0.00438880308382197,,,,False,0,0.0,0.0,not_called,,0,0,NONE,0,,,0,not_triaged,0.0,26193.931666666664,,False,0.0,0.0,0.0,0.0
MID101206,electronics_retail,0,legit,none,0,0.0006355837932984602,,,,False,0,0.0,0.0,not_called,,0,0,NONE,0,,,0,not_triaged,0.0,103174.44966666668,,False,0.0,0.0,0.0,0.0
MID101842,subscription_box,0,legit,none,0,0.0007341227793478227,,,,False,0,0.0,0.0,not_called,,0,0,NONE,0,,,0,not_triaged,0.0,72984.62333333332,,True,0.0,0.0,0.0,0.0
MID102841,pharmacy,0,legit,none,0,0.005303433954088307,,,,False,0,0.0,0.0,not_called,,0,0,NONE,0,,,0,not_triaged,0.0,53373.32966666667,,False,0.0,0.0,0.0,0.0
MID101235,pharmacy,0,legit,shared_platform,0,0.011276382347916643,,,,False,0,0.0,0.0,not_called,,0,0,NONE,0,,,0,not_triaged,0.0,66079.68966666666,,True,0.0,0.0,0.0,0.0
MID102966,home_furnishing,0,legit,none,0,0.0012983210070474614,,,,False,0,0.0,0.0,not_called,,0,0,NONE,0,,,0,not_triaged,0.0,43548.30299999999,,True,0.0,0.0,0.0,0.0
MID103326,skill_gaming,0,legit,none,0,0.0008852804384765451,,,,False,0,0.0,0.0,not_called,,0,0,NONE,0,,,0,not_triaged,0.0,210172.52366666665,,False,0.0,0.0,0.0,0.0
MID102187,skill_gaming,0,legit,none,0,0.0105437595895484,,,,False,0,0.0,0.0,not_called,,0,0,NONE,0,,,0,not_triaged,0.0,269642.674,,False,0.0,0.0,0.0,0.0
MID102375,apparel,0,legit,viral_spike,0,0.008459080756178036,,,,False,0,0.0,0.0,not_called,,0,0,NONE,0,,,0,not_triaged,0.0,113570.804,,False,0.0,0.0,0.0,0.0
MID103541,digital_services,0,legit,none,0,0.002232113380188199,,,,False,0,0.0,0.0,not_called,,0,0,NONE,0,,,0,not_triaged,0.0,30046.36633333333,,False,0.0,0.0,0.0,0.0
MID101824,digital_services,0,legit,none,0,0.0006275541490877791,,,,False,0,0.0,0.0,not_called,,0,0,NONE,0,,,0,not_triaged,0.0,53916.75433333333,,True,0.0,0.0,0.0,0.0
MID103459,pharmacy,0,legit,shared_platform,0,0.002255570215506235,,,,False,0,0.0,0.0,not_called,,0,0,NONE,0,,,0,not_triaged,0.0,43369.501,,False,0.0,0.0,0.0,0.0
MID103275,apparel,0,legit,none,0,0.009862243676412735,apparel,0.99,homepage,False,0,0.0,0.0,not_called,,0,0,NONE,0,,,2,evidence_exhausted,2.2,252652.429,high_volume_rotation,True,0.0,0.0,0.0,0.0
MID103936,travel_agency,0,legit,festival_season,0,0.0023247450642888156,,,,False,0,0.0,0.0,not_called,,0,0,NONE,0,,,0,not_triaged,0.0,218629.733,,False,0.0,0.0,0.0,0.0
MID100939,home_furnishing,0,legit,none,0,0.0006949374861296129,,,,False,0,0.0,0.0,not_called,,0,0,NONE,0,,,0,not_triaged,0.0,42234.53733333333,,True,0.0,0.0,0.0,0.0
MID100450,travel_agency,0,legit,festival_season,0,0.006058261028828338,,,,False,0,0.0,0.0,not_called,,0,0,NONE,0,,,0,not_triaged,0.0,656146.5473333334,,False,0.0,0.0,0.0,0.0
MID100976,home_furnishing,0,legit,none,0,0.0010520335918447559,,,,False,0,0.0,0.0,not_called,,0,0,NONE,0,,,0,not_triaged,0.0,40919.43166666666,,False,0.0,0.0,0.0,0.0
MID101045,skill_gaming,0,legit,none,0,0.0008417234678014565,,,,False,0,0.0,0.0,not_called,,0,0,NONE,0,,,0,not_triaged,0.0,283433.736,,True,0.0,0.0,0.0,0.0
MID101934,electronics_retail,0,legit,none,0,0.0024345246684222906,,,,False,0,0.0,0.0,not_called,,0,0,NONE,0,,,0,not_triaged,0.0,302233.0156666666,,False,0.0,0.0,0.0,0.0
MID101395,subscription_box,0,legit,none,0,0.002167674551018186,,,,False,0,0.0,0.0,not_called,,0,0,NONE,0,,,0,not_triaged,0.0,21528.231666666667,,True,0.0,0.0,0.0,0.0
MID102223,pharmacy,0,legit,shared_platform,0,0.0015516953704042267,,,,False,0,0.0,0.0,not_called,,0,0,NONE,0,,,0,not_triaged,0.0,53373.908,,False,0.0,0.0,0.0,0.0
MID102506,pharmacy,0,legit,shared_platform,0,0.0009754573205669143,pharmacy,0.9754,homepage,False,0,0.0,0.0,not_called,,0,0,NONE,0,,,2,evidence_exhausted,2.2,111745.83566666668,high_volume_rotation,True,0.0,0.0,0.0,0.0
MID101216,skill_gaming,0,legit,none,0,0.0047482286244948605,,,,False,0,0.0,0.0,not_called,,0,0,NONE,0,,,0,not_triaged,0.0,67500.15566666666,,True,0.0,0.0,0.0,0.0
MID101919,apparel,0,legit,none,0,0.004148378925303561,,,,False,0,0.0,0.0,not_called,,0,0,NONE,0,,,0,not_triaged,0.0,84623.48433333334,,False,0.0,0.0,0.0,0.0
MID102480,travel_agency,0,legit,none,0,0.0013512721861252718,travel_agency,0.9607,homepage,False,0,0.0,0.0,not_called,,0,0,NONE,0,,,2,evidence_exhausted,2.2,517590.37733333337,high_volume_rotation,False,0.0,0.0,0.0,0.0
MID100103,digital_services,1,pivot_prohibited,none,1,0.9991466068590624,sports_betting,0.9395,homepage,False,0,0.0,0.0,no_answer,,2,2,RESTRICT,4,telemetry;storefront,telemetry,2,confidence_threshold_met,2.2,35752.50533333333,telemetry_drift,False,900.0,0.0,0.0,900.0
MID103468,apparel,0,legit,none,0,0.023358005636051157,,,,False,0,0.0,0.0,not_called,,0,0,NONE,0,,,0,not_triaged,0.0,174419.32166666668,,True,0.0,0.0,0.0,0.0
MID103986,apparel,0,legit,none,0,0.001581803785631643,,,,False,0,0.0,0.0,not_called,,0,0,NONE,0,,,0,not_triaged,0.0,113692.92066666669,,False,0.0,0.0,0.0,0.0
MID100406,apparel,0,legit,none,0,0.0006671593228584642,,,,False,0,0.0,0.0,not_called,,0,0,NONE,0,,,0,not_triaged,0.0,18871.168,,False,0.0,0.0,0.0,0.0
MID102739,skill_gaming,0,legit,none,0,0.00677069179804903,,,,False,0,0.0,0.0,not_called,,0,0,NONE,0,,,0,not_triaged,0.0,96256.98033333334,,True,0.0,0.0,0.0,0.0
MID101735,apparel,0,legit,none,0,0.002549795402366485,,,,False,0,0.0,0.0,not_called,,0,0,NONE,0,,,0,not_triaged,0.0,150499.0013333333,,True,0.0,0.0,0.0,0.0
MID100505,subscription_box,0,legit,price_point_change,0,0.025239863906380885,,,,False,0,0.0,0.0,not_called,,0,0,NONE,0,,,0,not_triaged,0.0,25334.90333333333,,False,0.0,0.0,0.0,0.0
MID103428,skill_gaming,0,legit,none,0,0.001262235889774285,,,,False,0,0.0,0.0,not_called,,0,0,NONE,0,,,0,not_triaged,0.0,153923.01466666668,,False,0.0,0.0,0.0,0.0
MID101586,travel_agency,0,legit,none,0,0.005754206600436719,,,,False,0,0.0,0.0,not_called,,0,0,NONE,0,,,0,not_triaged,0.0,52265.43433333332,,False,0.0,0.0,0.0,0.0
MID102371,travel_agency,0,legit,none,0,0.0007765999561166777,,,,False,0,0.0,0.0,not_called,,0,0,NONE,0,,,0,not_triaged,0.0,76237.06466666666,,True,0.0,0.0,0.0,0.0
MID103009,digital_services,0,legit,none,0,0.010326646998583268,,,,False,0,0.0,0.0,not_called,,0,0,NONE,0,,,0,not_triaged,0.0,80287.14166666666,,False,0.0,0.0,0.0,0.0
MID103725,subscription_box,0,legit,none,0,0.0024190655281387382,,,,False,0,0.0,0.0,not_called,,0,0,NONE,0,,,0,not_triaged,0.0,51229.999,,True,0.0,0.0,0.0,0.0
MID101114,electronics_retail,0,legit,none,0,0.0014039398704876614,,,,False,0,0.0,0.0,not_called,,0,0,NONE,0,,,0,not_triaged,0.0,75267.68933333334,,False,0.0,0.0,0.0,0.0
MID103570,digital_services,0,legit,none,0,0.0010746137801274647,,,,False,0,0.0,0.0,not_called,,0,0,NONE,0,,,0,not_triaged,0.0,143080.79166666666,,False,0.0,0.0,0.0,0.0
MID101561,apparel,0,legit,none,0,0.00180224901623281,,,,False,0,0.0,0.0,not_called,,0,0,NONE,0,,,0,not_triaged,0.0,25511.028999999995,,False,0.0,0.0,0.0,0.0
MID100228,skill_gaming,0,legit,none,0,0.0018462021918723055,,,,False,0,0.0,0.0,not_called,,0,0,NONE,0,,,0,not_triaged,0.0,342384.46766666666,,False,0.0,0.0,0.0,0.0
MID103320,electronics_retail,0,legit,none,0,0.0033055715854127367,,,,False,0,0.0,0.0,not_called,,0,0,NONE,0,,,0,not_triaged,0.0,75368.65366666667,,False,0.0,0.0,0.0,0.0
MID100999,apparel,0,legit,festival_season,0,0.003329435061666396,,,,False,0,0.0,0.0,not_called,,0,0,NONE,0,,,0,not_triaged,0.0,272744.6226666667,,False,0.0,0.0,0.0,0.0
MID101504,travel_agency,0,legit,none,0,0.002383082814142318,,,,False,0,0.0,0.0,not_called,,0,0,NONE,0,,,0,not_triaged,0.0,449610.578,,False,0.0,0.0,0.0,0.0
MID101786,home_furnishing,0,legit,none,0,0.003623001645534582,,,,False,0,0.0,0.0,not_called,,0,0,NONE,0,,,0,not_triaged,0.0,23712.98933333333,,False,0.0,0.0,0.0,0.0
MID102085,apparel,0,legit,shared_platform,0,0.00435478299671725,,,,False,0,0.0,0.0,not_called,,0,0,NONE,0,,,0,not_triaged,0.0,395670.01833333337,,False,0.0,0.0,0.0,0.0
MID103745,home_furnishing,0,legit,none,0,0.001390457372096926,,,,False,0,0.0,0.0,not_called,,0,0,NONE,0,,,0,not_triaged,0.0,54648.32266666667,,False,0.0,0.0,0.0,0.0
MID101774,electronics_retail,0,legit,viral_spike,0,0.0017004490258870225,,,,False,0,0.0,0.0,not_called,,0,0,NONE,0,,,0,not_triaged,0.0,267341.87566666666,,True,0.0,0.0,0.0,0.0
MID102618,digital_services,0,legit,none,0,0.0009671962765928769,,,,False,0,0.0,0.0,not_called,,0,0,NONE,0,,,0,not_triaged,0.0,123493.811,,False,0.0,0.0,0.0,0.0
MID103444,subscription_box,0,legit,none,0,0.16753573513083872,,,,False,0,0.0,0.0,not_called,,0,0,NONE,0,,,0,not_triaged,0.0,86241.00600000001,,True,0.0,0.0,0.0,0.0
MID100780,subscription_box,0,legit,price_point_change,0,0.001175708709285734,,,,False,0,0.0,0.0,not_called,,0,0,NONE,0,,,0,not_triaged,0.0,88627.35633333333,,False,0.0,0.0,0.0,0.0
MID102090,home_furnishing,0,legit,none,0,0.0017349929682372281,,,,False,0,0.0,0.0,not_called,,0,0,NONE,0,,,0,not_triaged,0.0,32800.09566666667,,False,0.0,0.0,0.0,0.0
MID103435,digital_services,0,legit,none,0,0.0004482335414792629,,,,False,0,0.0,0.0,not_called,,0,0,NONE,0,,,0,not_triaged,0.0,29275.247333333336,,False,0.0,0.0,0.0,0.0
MID103604,apparel,0,legit,none,0,0.0013245091434719038,,,,False,3,0.4176,0.298,not_called,,0,0,NONE,0,,,0,not_triaged,0.0,253666.29900000003,,False,0.0,0.0,0.0,0.0
MID102570,electronics_retail,0,legit,festival_season,0,0.008625366412614988,,,,False,0,0.0,0.0,not_called,,0,0,NONE,0,,,0,not_triaged,0.0,285162.1093333334,,False,0.0,0.0,0.0,0.0
MID101472,apparel,0,legit,none,0,0.014403554899835507,,,,False,0,0.0,0.0,not_called,,0,0,NONE,0,,,0,not_triaged,0.0,54242.73633333333,,False,0.0,0.0,0.0,0.0
MID102851,subscription_box,0,legit,price_point_change,0,0.0009962196821524363,,,,False,0,0.0,0.0,not_called,,0,0,NONE,0,,,0,not_triaged,0.0,18131.80633333333,,True,0.0,0.0,0.0,0.0
MID103262,apparel,0,legit,none,0,0.0006766157683754952,,,,False,0,0.0,0.0,not_called,,0,0,NONE,0,,,0,not_triaged,0.0,175386.65366666668,,True,0.0,0.0,0.0,0.0
MID102133,travel_agency,0,legit,festival_season,0,0.007221791998261685,,,,False,0,0.0,0.0,not_called,,0,0,NONE,0,,,0,not_triaged,0.0,380317.6556666668,,False,0.0,0.0,0.0,0.0
MID102344,electronics_retail,0,legit,none,0,0.0015820894653369214,,,,False,0,0.0,0.0,not_called,,0,0,NONE,0,,,0,not_triaged,0.0,203447.705,,True,0.0,0.0,0.0,0.0
MID100116,apparel,1,rented_account,none,1,0.5245271940922092,unlicensed_lending,0.99,checkout,False,0,0.0,0.0,declined,,1,1,VERIFY,4,storefront;scripts,scripts,4,confidence_threshold_met,4.4,180960.44933333332,telemetry_drift,False,900.0,0.0,0.0,900.0
MID102235,home_furnishing,0,legit,none,0,0.02026476036708932,,,,False,0,0.0,0.0,not_called,,0,0,NONE,0,,,0,not_triaged,0.0,6378.5853333333325,,True,0.0,0.0,0.0,0.0
MID100348,electronics_retail,0,legit,none,0,0.0012720886572367635,,,,False,0,0.0,0.0,not_called,,0,0,NONE,0,,,0,not_triaged,0.0,133671.96266666666,,False,0.0,0.0,0.0,0.0
MID103231,travel_agency,0,legit,festival_season,0,0.0027187792591394557,,,,False,0,0.0,0.0,not_called,,0,0,NONE,0,,,0,not_triaged,0.0,218807.36200000005,,False,0.0,0.0,0.0,0.0
MID103780,electronics_retail,0,legit,festival_season,0,0.004489878379299753,,,,False,0,0.0,0.0,not_called,,0,0,NONE,0,,,0,not_triaged,0.0,547036.8666666667,,True,0.0,0.0,0.0,0.0
MID101931,home_furnishing,0,legit,none,0,0.00612237749021243,,,,False,0,0.0,0.0,not_called,,0,0,NONE,0,,,0,not_triaged,0.0,36371.961,,False,0.0,0.0,0.0,0.0
MID101634,apparel,0,legit,none,0,0.0008048257478005003,,,,False,0,0.0,0.0,not_called,,0,0,NONE,0,,,0,not_triaged,0.0,52910.508,,False,0.0,0.0,0.0,0.0
MID103193,electronics_retail,0,legit,viral_spike,0,0.003239391266835311,electronics_retail,0.99,homepage,False,0,0.0,0.0,not_called,,0,0,NONE,0,,,2,evidence_exhausted,2.2,270706.9276666667,external_signal,False,0.0,0.0,0.0,0.0
MID102307,skill_gaming,0,legit,none,0,0.005049245609410132,,,,False,0,0.0,0.0,not_called,,0,0,NONE,0,,,0,not_triaged,0.0,74819.74933333333,,False,0.0,0.0,0.0,0.0
MID100977,home_furnishing,0,legit,viral_spike,0,0.0007937397368732569,,,,False,0,0.0,0.0,not_called,,0,0,NONE,0,,,0,not_triaged,0.0,21436.70733333333,,False,0.0,0.0,0.0,0.0
MID101639,apparel,0,legit,none,0,0.0007862210121533688,,,,False,0,0.0,0.0,not_called,,0,0,NONE,0,,,0,not_triaged,0.0,239069.83833333332,,True,0.0,0.0,0.0,0.0
MID103162,apparel,0,legit,none,0,0.0024886854122682747,,,,False,0,0.0,0.0,not_called,,0,0,NONE,0,,,0,not_triaged,0.0,147959.11733333333,,False,0.0,0.0,0.0,0.0
MID102630,electronics_retail,0,legit,none,0,0.0033113310155115498,,,,False,0,0.0,0.0,not_called,,0,0,NONE,0,,,0,not_triaged,0.0,212066.155,,False,0.0,0.0,0.0,0.0
MID101887,electronics_retail,0,legit,viral_spike,0,0.0011870186327248861,,,,False,0,0.0,0.0,not_called,,0,0,NONE,0,,,0,not_triaged,0.0,314890.612,,False,0.0,0.0,0.0,0.0
MID102688,apparel,0,legit,shared_platform,0,0.001157855531939736,,,,False,0,0.0,0.0,not_called,,0,0,NONE,0,,,0,not_triaged,0.0,164035.5263333333,,False,0.0,0.0,0.0,0.0
MID101033,subscription_box,0,legit,none,0,0.060364515059338084,,,,False,0,0.0,0.0,not_called,,0,0,NONE,0,,,0,not_triaged,0.0,46033.343,,False,0.0,0.0,0.0,0.0
MID100560,electronics_retail,0,legit,none,0,0.004358922155501359,,,,False,0,0.0,0.0,not_called,,0,0,NONE,0,,,0,not_triaged,0.0,38145.568666666666,,False,0.0,0.0,0.0,0.0
MID100583,apparel,0,legit,price_point_change,0,0.0006881455687955447,,,,False,0,0.0,0.0,not_called,,0,0,NONE,0,,,0,not_triaged,0.0,41905.07833333334,,True,0.0,0.0,0.0,0.0
MID100376,home_furnishing,0,legit,none,0,0.008005117606389235,,,,False,0,0.0,0.0,not_called,,0,0,NONE,0,,,0,not_triaged,0.0,83253.45766666668,,True,0.0,0.0,0.0,0.0
MID103749,home_furnishing,0,legit,none,0,0.0020083848461378913,,,,False,0,0.0,0.0,not_called,,0,0,NONE,0,,,0,not_triaged,0.0,48874.99533333333,,True,0.0,0.0,0.0,0.0
MID103327,electronics_retail,0,legit,none,0,0.0010461011048393462,,,,False,0,0.0,0.0,not_called,,0,0,NONE,0,,,0,not_triaged,0.0,168321.49366666668,,False,0.0,0.0,0.0,0.0
MID100995,pharmacy,0,legit,none,0,0.001725680821998157,,,,False,0,0.0,0.0,not_called,,0,0,NONE,0,,,0,not_triaged,0.0,30008.851,,False,0.0,0.0,0.0,0.0
MID103790,home_furnishing,0,legit,none,0,0.001435391609905842,,,,False,0,0.0,0.0,not_called,,0,0,NONE,0,,,0,not_triaged,0.0,156771.93133333334,,False,0.0,0.0,0.0,0.0
MID100695,electronics_retail,0,legit,none,0,0.002262109047094976,,,,False,0,0.0,0.0,not_called,,0,0,NONE,0,,,0,not_triaged,0.0,180155.95766666665,,True,0.0,0.0,0.0,0.0
MID102840,apparel,0,legit,none,0,0.0036447629941234565,,,,False,0,0.0,0.0,not_called,,0,0,NONE,0,,,0,not_triaged,0.0,164357.661,,False,0.0,0.0,0.0,0.0
MID102248,apparel,0,legit,none,0,0.0008598622791821844,,,,False,0,0.0,0.0,not_called,,0,0,NONE,0,,,0,not_triaged,0.0,96027.00933333334,,False,0.0,0.0,0.0,0.0
MID101483,pharmacy,0,legit,none,0,0.0020822014491980734,,,,False,0,0.0,0.0,not_called,,0,0,NONE,0,,,0,not_triaged,0.0,84691.43733333334,,False,0.0,0.0,0.0,0.0
MID102525,skill_gaming,0,legit,none,0,0.026229045807022025,,,,False,0,0.0,0.0,not_called,,0,0,NONE,0,,,0,not_triaged,0.0,422718.5263333333,,False,0.0,0.0,0.0,0.0
MID101295,apparel,0,legit,festival_season,0,0.005029454154642206,,,,False,0,0.0,0.0,not_called,,0,0,NONE,0,,,0,not_triaged,0.0,118044.79,,False,0.0,0.0,0.0,0.0
MID101563,apparel,0,legit,none,0,0.12001944646329185,,,,False,0,0.0,0.0,not_called,,0,0,NONE,0,,,0,not_triaged,0.0,14348.501666666669,,True,0.0,0.0,0.0,0.0
MID101411,home_furnishing,0,legit,none,0,0.001241051247303806,,,,False,0,0.0,0.0,not_called,,0,0,NONE,0,,,0,not_triaged,0.0,27080.015333333333,,False,0.0,0.0,0.0,0.0
MID100633,electronics_retail,0,legit,none,0,0.0018718857898500274,,,,False,0,0.0,0.0,not_called,,0,0,NONE,0,,,0,not_triaged,0.0,461839.74,,False,0.0,0.0,0.0,0.0
MID101254,pharmacy,0,legit,none,0,0.0015235489531975996,,,,False,0,0.0,0.0,not_called,,0,0,NONE,0,,,0,not_triaged,0.0,32882.234333333334,,False,0.0,0.0,0.0,0.0
MID103269,home_furnishing,0,legit,none,0,0.0010260208266199408,,,,False,0,0.0,0.0,not_called,,0,0,NONE,0,,,0,not_triaged,0.0,59102.01,,True,0.0,0.0,0.0,0.0
MID103195,apparel,0,legit,none,0,0.0007847568998790129,,,,False,0,0.0,0.0,not_called,,0,0,NONE,0,,,0,not_triaged,0.0,75215.30033333333,,False,0.0,0.0,0.0,0.0
MID100042,apparel,1,rented_account,none,1,0.444795693092754,unlicensed_lending,0.8643,checkout,False,0,0.0,0.0,answered,True,2,2,RESTRICT,4,storefront;scripts,scripts,5,confidence_threshold_met,4.4,157146.74033333335,telemetry_drift,False,900.0,0.0,0.0,900.0
MID103427,electronics_retail,0,legit,viral_spike,0,0.002313570053728761,,,,False,0,0.0,0.0,not_called,,0,0,NONE,0,,,0,not_triaged,0.0,108128.526,,False,0.0,0.0,0.0,0.0
MID103352,home_furnishing,0,legit,viral_spike,0,0.004324723261325344,,,,False,0,0.0,0.0,not_called,,0,0,NONE,0,,,0,not_triaged,0.0,107350.29866666668,,False,0.0,0.0,0.0,0.0
MID103723,travel_agency,0,legit,none,0,0.0007900034111056614,,,,False,0,0.0,0.0,not_called,,0,0,NONE,0,,,0,not_triaged,0.0,181125.133,,True,0.0,0.0,0.0,0.0
MID100959,travel_agency,0,legit,none,0,0.0012017812737010471,,,,False,0,0.0,0.0,not_called,,0,0,NONE,0,,,0,not_triaged,0.0,159635.48,,False,0.0,0.0,0.0,0.0
MID102882,digital_services,0,legit,none,0,0.0007916741030504674,,,,False,0,0.0,0.0,not_called,,0,0,NONE,0,,,0,not_triaged,0.0,28689.372,,False,0.0,0.0,0.0,0.0
MID100503,subscription_box,0,legit,viral_spike,0,0.00355157771454937,,,,False,0,0.0,0.0,not_called,,0,0,NONE,0,,,0,not_triaged,0.0,122522.189,,False,0.0,0.0,0.0,0.0
MID102771,subscription_box,0,legit,none,0,0.0008583784343420969,,,,False,0,0.0,0.0,not_called,,0,0,NONE,0,,,0,not_triaged,0.0,124913.39866666666,,True,0.0,0.0,0.0,0.0
MID100713,pharmacy,0,legit,none,0,0.001334722648127275,,,,False,0,0.0,0.0,not_called,,0,0,NONE,0,,,0,not_triaged,0.0,103709.62566666667,,True,0.0,0.0,0.0,0.0
MID100701,apparel,0,legit,none,0,0.01854641332639795,,,,False,0,0.0,0.0,not_called,,0,0,NONE,0,,,0,not_triaged,0.0,48373.68566666667,,True,0.0,0.0,0.0,0.0
MID102724,electronics_retail,0,legit,viral_spike,0,0.001484586962321108,,,,False,0,0.0,0.0,not_called,,0,0,NONE,0,,,0,not_triaged,0.0,91181.52433333336,,False,0.0,0.0,0.0,0.0
MID101835,apparel,0,legit,none,0,0.0009774848468580412,,,,False,0,0.0,0.0,not_called,,0,0,NONE,0,,,0,not_triaged,0.0,153041.88066666666,,True,0.0,0.0,0.0,0.0
MID102255,apparel,0,legit,none,0,0.001232870637412316,,,,False,0,0.0,0.0,not_called,,0,0,NONE,0,,,0,not_triaged,0.0,105235.89833333336,,False,0.0,0.0,0.0,0.0
MID101135,apparel,0,legit,none,0,0.0007980605616655616,,,,False,0,0.0,0.0,not_called,,0,0,NONE,0,,,0,not_triaged,0.0,105506.83066666666,,True,0.0,0.0,0.0,0.0
MID103091,home_furnishing,0,legit,none,0,0.0009605803397555283,,,,False,0,0.0,0.0,not_called,,0,0,NONE,0,,,0,not_triaged,0.0,71918.78866666667,,False,0.0,0.0,0.0,0.0
MID102291,home_furnishing,0,legit,none,0,0.0021952962114042745,,,,False,0,0.0,0.0,not_called,,0,0,NONE,0,,,0,not_triaged,0.0,41329.403000000006,,True,0.0,0.0,0.0,0.0
MID103220,digital_services,0,legit,none,0,0.002258603737048185,,,,False,0,0.0,0.0,not_called,,0,0,NONE,0,,,0,not_triaged,0.0,62489.609,,False,0.0,0.0,0.0,0.0
MID101841,travel_agency,0,legit,none,0,0.023956979409570624,,,,False,0,0.0,0.0,not_called,,0,0,NONE,0,,,0,not_triaged,0.0,14177.325,,False,0.0,0.0,0.0,0.0
MID102719,electronics_retail,0,legit,festival_season,0,0.010112756935057525,,,,False,0,0.0,0.0,not_called,,0,0,NONE,0,,,0,not_triaged,0.0,227144.653,,True,0.0,0.0,0.0,0.0
MID103241,travel_agency,0,legit,none,0,0.0030192969703479056,,,,False,0,0.0,0.0,not_called,,0,0,NONE,0,,,0,not_triaged,0.0,79817.84300000001,,False,0.0,0.0,0.0,0.0
MID102416,travel_agency,0,legit,none,0,0.0022885899797204104,,,,False,0,0.0,0.0,not_called,,0,0,NONE,0,,,0,not_triaged,0.0,62717.62433333333,,True,0.0,0.0,0.0,0.0
MID101569,electronics_retail,0,legit,festival_season,0,0.0018383376736000809,,,,False,0,0.0,0.0,not_called,,0,0,NONE,0,,,0,not_triaged,0.0,220875.113,,False,0.0,0.0,0.0,0.0
MID103452,electronics_retail,0,legit,none,0,0.004209398129322233,,,,False,0,0.0,0.0,not_called,,0,0,NONE,0,,,0,not_triaged,0.0,260188.46666666667,,False,0.0,0.0,0.0,0.0
MID100714,electronics_retail,0,legit,none,0,0.013595277649337373,electronics_retail,0.9442,homepage,False,0,0.0,0.0,not_called,,0,0,NONE,0,,,2,evidence_exhausted,2.2,173881.62833333333,external_signal,True,0.0,0.0,0.0,0.0
MID103828,apparel,0,legit,viral_spike,0,0.0013389979941795908,,,,False,0,0.0,0.0,not_called,,0,0,NONE,0,,,0,not_triaged,0.0,196606.44033333333,,True,0.0,0.0,0.0,0.0
MID103527,home_furnishing,0,legit,festival_season,0,0.003865397152588255,,,,False,0,0.0,0.0,not_called,,0,0,NONE,0,,,0,not_triaged,0.0,103530.34766666668,,False,0.0,0.0,0.0,0.0
MID100556,electronics_retail,0,legit,none,0,0.000731847117373279,,,,False,0,0.0,0.0,not_called,,0,0,NONE,0,,,0,not_triaged,0.0,624329.0,,False,0.0,0.0,0.0,0.0
MID101800,home_furnishing,0,legit,viral_spike,0,0.0012204638352784592,,,,False,0,0.0,0.0,not_called,,0,0,NONE,0,,,0,not_triaged,0.0,71651.929,,False,0.0,0.0,0.0,0.0
MID102232,home_furnishing,0,legit,festival_season,0,0.015028226261829937,home_furnishing,0.99,homepage,False,0,0.0,0.0,not_called,,0,0,NONE,0,,,2,evidence_exhausted,2.2,201806.99833333332,high_volume_rotation,True,0.0,0.0,0.0,0.0
MID103583,pharmacy,0,legit,none,0,0.0029322132887867687,,,,False,0,0.0,0.0,not_called,,0,0,NONE,0,,,0,not_triaged,0.0,120254.857,,True,0.0,0.0,0.0,0.0
MID101812,subscription_box,0,legit,none,0,0.001063621331010274,,,,False,0,0.0,0.0,not_called,,0,0,NONE,0,,,0,not_triaged,0.0,82812.03833333333,,True,0.0,0.0,0.0,0.0
MID103299,apparel,0,legit,none,0,0.0009814564861138216,,,,False,0,0.0,0.0,not_called,,0,0,NONE,0,,,0,not_triaged,0.0,135872.54366666666,,False,0.0,0.0,0.0,0.0
MID100640,electronics_retail,0,legit,festival_season,0,0.0010712563697510313,,,,False,0,0.0,0.0,not_called,,0,0,NONE,0,,,0,not_triaged,0.0,861622.2943333333,,False,0.0,0.0,0.0,0.0
MID102230,electronics_retail,0,legit,none,0,0.0004589302193639627,,,,False,0,0.0,0.0,not_called,,0,0,NONE,0,,,0,not_triaged,0.0,108111.67033333331,,True,0.0,0.0,0.0,0.0
MID102567,home_furnishing,0,legit,viral_spike,0,0.005705737838540409,,,,False,0,0.0,0.0,not_called,,0,0,NONE,0,,,0,not_triaged,0.0,426205.1323333333,,False,0.0,0.0,0.0,0.0
MID103713,home_furnishing,0,legit,none,0,0.0005721430647957636,,,,False,0,0.0,0.0,not_called,,0,0,NONE,0,,,0,not_triaged,0.0,22524.097,,False,0.0,0.0,0.0,0.0
MID103334,home_furnishing,0,legit,festival_season,0,0.018665129124710633,,,,False,0,0.0,0.0,not_called,,0,0,NONE,0,,,0,not_triaged,0.0,32529.878,,True,0.0,0.0,0.0,0.0
MID101968,travel_agency,0,legit,festival_season,0,0.0027332154441476945,,,,False,0,0.0,0.0,not_called,,0,0,NONE,0,,,0,not_triaged,0.0,148434.45433333333,,False,0.0,0.0,0.0,0.0
MID101286,travel_agency,0,legit,festival_season,0,0.0024561250366697137,travel_agency,0.99,homepage,False,0,0.0,0.0,not_called,,0,0,NONE,0,,,2,evidence_exhausted,2.2,955699.9833333332,high_volume_rotation,False,0.0,0.0,0.0,0.0
MID101190,apparel,0,legit,none,0,0.006364107522267413,,,,False,0,0.0,0.0,not_called,,0,0,NONE,0,,,0,not_triaged,0.0,109919.11066666667,,False,0.0,0.0,0.0,0.0
MID103715,home_furnishing,0,legit,none,0,0.013730528887287988,,,,False,0,0.0,0.0,not_called,,0,0,NONE,0,,,0,not_triaged,0.0,35517.42,,False,0.0,0.0,0.0,0.0
MID101795,apparel,0,legit,none,0,0.0074788979688471275,,,,False,0,0.0,0.0,not_called,,0,0,NONE,0,,,0,not_triaged,0.0,75481.53300000001,,False,0.0,0.0,0.0,0.0
MID102648,electronics_retail,0,legit,none,0,0.050931004683970056,,,,False,0,0.0,0.0,not_called,,0,0,NONE,0,,,0,not_triaged,0.0,48553.04666666666,,False,0.0,0.0,0.0,0.0
MID102696,home_furnishing,0,legit,viral_spike,0,0.005190012756380452,,,,False,0,0.0,0.0,not_called,,0,0,NONE,0,,,0,not_triaged,0.0,77417.19166666667,,True,0.0,0.0,0.0,0.0
MID101215,pharmacy,0,legit,none,0,0.001262777092947096,,,,False,0,0.0,0.0,not_called,,0,0,NONE,0,,,0,not_triaged,0.0,149241.76966666666,,False,0.0,0.0,0.0,0.0
MID102494,travel_agency,0,legit,none,0,0.0015789513797915856,,,,False,0,0.0,0.0,not_called,,0,0,NONE,0,,,0,not_triaged,0.0,246707.0023333333,,False,0.0,0.0,0.0,0.0
MID100868,home_furnishing,0,legit,none,0,0.0008374121889429391,,,,False,0,0.0,0.0,not_called,,0,0,NONE,0,,,0,not_triaged,0.0,77742.72633333334,,False,0.0,0.0,0.0,0.0
MID102492,electronics_retail,0,legit,none,0,0.000518028380676837,,,,False,0,0.0,0.0,not_called,,0,0,NONE,0,,,0,not_triaged,0.0,461331.3746666666,,True,0.0,0.0,0.0,0.0
MID100749,skill_gaming,0,legit,none,0,0.0013609295996759208,,,,False,0,0.0,0.0,not_called,,0,0,NONE,0,,,0,not_triaged,0.0,103759.95066666669,,False,0.0,0.0,0.0,0.0
MID100218,apparel,0,legit,none,0,0.001004231050624058,,,,False,0,0.0,0.0,not_called,,0,0,NONE,0,,,0,not_triaged,0.0,63306.05033333333,,True,0.0,0.0,0.0,0.0
MID103359,travel_agency,0,legit,none,0,0.0029589747771016426,travel_agency,0.99,homepage,False,0,0.0,0.0,not_called,,0,0,NONE,0,,,2,evidence_exhausted,2.2,67188.92199999999,external_signal,False,0.0,0.0,0.0,0.0
MID103772,pharmacy,0,legit,none,0,0.0013894866403533507,,,,False,0,0.0,0.0,not_called,,0,0,NONE,0,,,0,not_triaged,0.0,46171.35733333333,,True,0.0,0.0,0.0,0.0
MID101995,electronics_retail,0,legit,none,0,0.0009779660633126373,,,,False,0,0.0,0.0,not_called,,0,0,NONE,0,,,0,not_triaged,0.0,142369.78866666666,,True,0.0,0.0,0.0,0.0
MID101675,digital_services,0,legit,none,0,0.00691561664235631,,,,False,0,0.0,0.0,not_called,,0,0,NONE,0,,,0,not_triaged,0.0,43695.944,,False,0.0,0.0,0.0,0.0
MID100040,electronics_retail,1,rented_account,none,1,0.9353262175970442,unlicensed_lending,0.99,checkout,True,0,0.0,0.0,no_answer,,2,2,RESTRICT,4,telemetry;storefront,telemetry,3,confidence_threshold_met,4.4,195861.43466666667,telemetry_drift;external_signal,False,900.0,0.0,0.0,900.0
MID100594,apparel,0,legit,price_point_change,0,0.0010160644409973648,,,,False,0,0.0,0.0,not_called,,0,0,NONE,0,,,0,not_triaged,0.0,30844.74033333333,,False,0.0,0.0,0.0,0.0
MID101109,digital_services,0,legit,shared_platform,0,0.0014609410489305006,,,,False,0,0.0,0.0,not_called,,0,0,NONE,0,,,0,not_triaged,0.0,33869.23333333333,,True,0.0,0.0,0.0,0.0
MID102621,subscription_box,0,legit,none,0,0.0010573367860324155,,,,False,0,0.0,0.0,not_called,,0,0,NONE,0,,,0,not_triaged,0.0,88613.48066666667,,False,0.0,0.0,0.0,0.0
MID100156,subscription_box,0,legit,none,0,0.0013661916558344713,,,,False,0,0.0,0.0,not_called,,0,0,NONE,0,,,0,not_triaged,0.0,70210.42666666667,,False,0.0,0.0,0.0,0.0
MID100146,pharmacy,0,legit,shared_platform,0,0.0014501038468385486,,,,False,0,0.0,0.0,not_called,,0,0,NONE,0,,,0,not_triaged,0.0,53082.38833333333,,True,0.0,0.0,0.0,0.0
MID102113,apparel,0,legit,none,0,0.0017283578570219534,apparel,0.951,homepage,False,0,0.0,0.0,not_called,,0,0,NONE,0,,,2,evidence_exhausted,2.2,45850.69133333334,high_volume_rotation,False,0.0,0.0,0.0,0.0
MID103147,electronics_retail,0,legit,viral_spike,0,0.0015972742410786183,,,,False,0,0.0,0.0,not_called,,0,0,NONE,0,,,0,not_triaged,0.0,644172.6426666667,,False,0.0,0.0,0.0,0.0
MID102083,electronics_retail,0,legit,none,0,0.0007119725609908414,,,,False,0,0.0,0.0,not_called,,0,0,NONE,0,,,0,not_triaged,0.0,247243.38766666668,,False,0.0,0.0,0.0,0.0
MID101071,digital_services,0,legit,none,0,0.0017828578083785528,,,,False,0,0.0,0.0,not_called,,0,0,NONE,0,,,0,not_triaged,0.0,58066.551,,False,0.0,0.0,0.0,0.0
MID103576,electronics_retail,0,legit,none,0,0.0008815080790146037,,,,False,0,0.0,0.0,not_called,,0,0,NONE,0,,,0,not_triaged,0.0,922256.3453333334,,False,0.0,0.0,0.0,0.0
MID103030,home_furnishing,0,legit,none,0,0.001524447361666437,,,,False,0,0.0,0.0,not_called,,0,0,NONE,0,,,0,not_triaged,0.0,24839.055333333334,,False,0.0,0.0,0.0,0.0
MID101598,apparel,0,legit,none,0,0.001309006068908321,,,,False,0,0.0,0.0,not_called,,0,0,NONE,0,,,0,not_triaged,0.0,120913.65499999998,,False,0.0,0.0,0.0,0.0
MID102701,travel_agency,0,legit,festival_season,0,0.008611586222550887,,,,False,0,0.0,0.0,not_called,,0,0,NONE,0,,,0,not_triaged,0.0,520485.461,,False,0.0,0.0,0.0,0.0
MID103701,apparel,0,legit,none,0,0.005275110838100079,,,,False,0,0.0,0.0,not_called,,0,0,NONE,0,,,0,not_triaged,0.0,220841.50066666663,,False,0.0,0.0,0.0,0.0
MID101356,pharmacy,0,legit,none,0,0.10384710661753373,,,,False,0,0.0,0.0,not_called,,0,0,NONE,0,,,0,not_triaged,0.0,74563.96833333332,,False,0.0,0.0,0.0,0.0
MID102518,pharmacy,0,legit,none,0,0.0023686900959232187,,,,False,0,0.0,0.0,not_called,,0,0,NONE,0,,,0,not_triaged,0.0,29201.07833333333,,False,0.0,0.0,0.0,0.0
MID102078,home_furnishing,0,legit,none,0,0.0011487858955163224,,,,False,0,0.0,0.0,not_called,,0,0,NONE,0,,,0,not_triaged,0.0,62282.04366666667,,False,0.0,0.0,0.0,0.0
MID100139,apparel,1,rented_account,none,1,0.9999863766040514,unlicensed_lending,0.99,checkout,False,0,0.0,0.0,answered,False,3,3,RESTRICT,4,telemetry;storefront;scripts;statement,the merchant's own statement,4,confidence_threshold_met,4.4,96123.67333333334,telemetry_drift,False,900.0,0.0,0.0,900.0
MID101422,home_furnishing,0,legit,festival_season,0,0.002646485631541132,,,,False,0,0.0,0.0,not_called,,0,0,NONE,0,,,0,not_triaged,0.0,54294.95233333334,,True,0.0,0.0,0.0,0.0
MID100735,home_furnishing,0,legit,none,0,0.004542125526399146,,,,False,0,0.0,0.0,not_called,,0,0,NONE,0,,,0,not_triaged,0.0,60316.96366666666,,False,0.0,0.0,0.0,0.0
MID103485,subscription_box,0,legit,none,0,0.0032240321278595987,,,,False,0,0.0,0.0,not_called,,0,0,NONE,0,,,0,not_triaged,0.0,77811.06199999999,,False,0.0,0.0,0.0,0.0
MID103982,apparel,0,legit,none,0,0.0012284278848678292,,,,False,0,0.0,0.0,not_called,,0,0,NONE,0,,,0,not_triaged,0.0,63124.52966666667,,False,0.0,0.0,0.0,0.0
MID100838,digital_services,0,legit,none,0,0.021389436863888077,,,,False,0,0.0,0.0,not_called,,0,0,NONE,0,,,0,not_triaged,0.0,41561.71833333334,,False,0.0,0.0,0.0,0.0
MID102169,electronics_retail,0,legit,none,0,0.0017642806444044658,,,,False,0,0.0,0.0,not_called,,0,0,NONE,0,,,0,not_triaged,0.0,135152.99899999998,,False,0.0,0.0,0.0,0.0
MID103381,home_furnishing,0,legit,none,0,0.0019208117680595072,,,,False,0,0.0,0.0,not_called,,0,0,NONE,0,,,0,not_triaged,0.0,85308.52333333335,,True,0.0,0.0,0.0,0.0
MID101616,home_furnishing,0,legit,festival_season,0,0.019966071514505516,,,,False,0,0.0,0.0,not_called,,0,0,NONE,0,,,0,not_triaged,0.0,253702.01366666667,,False,0.0,0.0,0.0,0.0
MID100822,electronics_retail,0,legit,none,0,0.00125755529550216,,,,False,0,0.0,0.0,not_called,,0,0,NONE,0,,,0,not_triaged,0.0,84796.506,,False,0.0,0.0,0.0,0.0
MID103722,home_furnishing,0,legit,none,0,0.003242449262141776,,,,False,0,0.0,0.0,not_called,,0,0,NONE,0,,,0,not_triaged,0.0,86375.863,,True,0.0,0.0,0.0,0.0
MID103876,travel_agency,0,legit,festival_season,0,0.001584410332614803,,,,False,0,0.0,0.0,not_called,,0,0,NONE,0,,,0,not_triaged,0.0,601179.8663333334,,False,0.0,0.0,0.0,0.0
MID103458,home_furnishing,0,legit,none,0,0.0015308169875745572,,,,False,0,0.0,0.0,not_called,,0,0,NONE,0,,,0,not_triaged,0.0,85256.23766666667,,False,0.0,0.0,0.0,0.0
MID101012,digital_services,0,legit,none,0,0.0015744580612643635,digital_services,0.9442,homepage,False,0,0.0,0.0,not_called,,0,0,NONE,0,,,2,evidence_exhausted,2.2,69648.367,external_signal,False,0.0,0.0,0.0,0.0
MID103691,apparel,0,legit,viral_spike,0,0.0017509384827531845,,,,False,0,0.0,0.0,not_called,,0,0,NONE,0,,,0,not_triaged,0.0,217674.64633333337,,False,0.0,0.0,0.0,0.0
MID103306,electronics_retail,0,legit,none,0,0.001102754662587646,,,,False,0,0.0,0.0,not_called,,0,0,NONE,0,,,0,not_triaged,0.0,91080.361,,True,0.0,0.0,0.0,0.0
MID102524,apparel,0,legit,festival_season,0,0.11936936292606806,,,,False,0,0.0,0.0,not_called,,0,0,NONE,0,,,0,not_triaged,0.0,82371.99166666667,,False,0.0,0.0,0.0,0.0
MID101943,apparel,0,legit,viral_spike,0,0.004446912336788418,,,,False,0,0.0,0.0,not_called,,0,0,NONE,0,,,0,not_triaged,0.0,393124.779,,True,0.0,0.0,0.0,0.0
MID100946,digital_services,0,legit,none,0,0.0024494560328251584,,,,False,0,0.0,0.0,not_called,,0,0,NONE,0,,,0,not_triaged,0.0,14482.410666666668,,False,0.0,0.0,0.0,0.0
MID101130,apparel,0,legit,none,0,0.02292192317096261,,,,False,0,0.0,0.0,not_called,,0,0,NONE,0,,,0,not_triaged,0.0,182114.23266666668,,True,0.0,0.0,0.0,0.0
MID100011,electronics_retail,1,funnel_ring,none,0,0.7658838131768713,unknown,0.1689,checkout,False,6,0.9424,0.808,not_called,,2,2,VERIFY,2,telemetry;infrastructure,,4,confidence_threshold_met,4.4,218731.50833333333,telemetry_drift;network_cluster,True,900.0,0.0,0.0,900.0
MID100696,subscription_box,0,legit,none,0,0.007782731169351911,,,,False,0,0.0,0.0,not_called,,0,0,NONE,0,,,0,not_triaged,0.0,51947.403666666665,,True,0.0,0.0,0.0,0.0
MID102089,electronics_retail,0,legit,festival_season,0,0.002342529246236223,,,,False,0,0.0,0.0,not_called,,0,0,NONE,0,,,0,not_triaged,0.0,345895.5473333333,,False,0.0,0.0,0.0,0.0
MID101484,travel_agency,0,legit,festival_season,0,0.005137903986845063,travel_agency,0.99,homepage,False,0,0.0,0.0,not_called,,0,0,NONE,0,,,2,evidence_exhausted,2.2,279971.4936666666,high_volume_rotation,False,0.0,0.0,0.0,0.0
MID100197,electronics_retail,0,legit,none,0,0.0011870698394173135,,,,False,0,0.0,0.0,not_called,,0,0,NONE,0,,,0,not_triaged,0.0,154792.10866666667,,False,0.0,0.0,0.0,0.0
MID100972,electronics_retail,0,legit,viral_spike,0,0.0011015332883715224,,,,False,0,0.0,0.0,not_called,,0,0,NONE,0,,,0,not_triaged,0.0,97531.942,,False,0.0,0.0,0.0,0.0
MID102293,subscription_box,0,legit,none,0,0.002847159392592103,,,,False,0,0.0,0.0,not_called,,0,0,NONE,0,,,0,not_triaged,0.0,82967.01900000001,,False,0.0,0.0,0.0,0.0
MID101860,electronics_retail,0,legit,none,0,0.0018668536044375542,,,,False,0,0.0,0.0,not_called,,0,0,NONE,0,,,0,not_triaged,0.0,225813.56633333332,,False,0.0,0.0,0.0,0.0
MID102559,subscription_box,0,legit,none,0,0.0010456122224032174,,,,False,0,0.0,0.0,not_called,,0,0,NONE,0,,,0,not_triaged,0.0,164930.06666666668,,False,0.0,0.0,0.0,0.0
MID103156,apparel,0,legit,shared_platform,0,0.00241683780522113,,,,False,0,0.0,0.0,not_called,,0,0,NONE,0,,,0,not_triaged,0.0,205163.7893333333,,False,0.0,0.0,0.0,0.0
MID101441,pharmacy,0,legit,shared_platform,0,0.002385502189533498,,,,False,0,0.0,0.0,not_called,,0,0,NONE,0,,,0,not_triaged,0.0,88065.37633333333,,True,0.0,0.0,0.0,0.0
MID101272,home_furnishing,0,legit,none,0,0.007980041611980073,,,,False,0,0.0,0.0,not_called,,0,0,NONE,0,,,0,not_triaged,0.0,8130.972000000001,,True,0.0,0.0,0.0,0.0
MID100476,home_furnishing,0,legit,festival_season,0,0.008528208215986002,,,,False,0,0.0,0.0,not_called,,0,0,NONE,0,,,0,not_triaged,0.0,109107.84866666669,,False,0.0,0.0,0.0,0.0
MID103884,apparel,0,legit,none,0,0.0016459994602576512,,,,False,0,0.0,0.0,not_called,,0,0,NONE,0,,,0,not_triaged,0.0,38882.623666666674,,True,0.0,0.0,0.0,0.0
MID102305,apparel,0,legit,none,0,0.00505007326153355,,,,False,0,0.0,0.0,not_called,,0,0,NONE,0,,,0,not_triaged,0.0,104480.39333333333,,False,0.0,0.0,0.0,0.0
MID102095,pharmacy,0,legit,none,0,0.0007013649466182416,,,,False,0,0.0,0.0,not_called,,0,0,NONE,0,,,0,not_triaged,0.0,86888.021,,False,0.0,0.0,0.0,0.0
MID102673,digital_services,0,legit,none,0,0.002493137986268443,digital_services,0.9201,homepage,False,0,0.0,0.0,not_called,,0,0,NONE,0,,,2,evidence_exhausted,2.2,43354.776333333335,external_signal,False,0.0,0.0,0.0,0.0
MID102177,subscription_box,0,legit,none,0,0.0012217758163998286,,,,False,0,0.0,0.0,not_called,,0,0,NONE,0,,,0,not_triaged,0.0,59200.35566666666,,False,0.0,0.0,0.0,0.0
MID103460,apparel,0,legit,none,0,0.0011234604873032418,,,,False,0,0.0,0.0,not_called,,0,0,NONE,0,,,0,not_triaged,0.0,47403.059,,False,0.0,0.0,0.0,0.0
MID101693,apparel,0,legit,none,0,0.0005327017558625336,,,,False,0,0.0,0.0,not_called,,0,0,NONE,0,,,0,not_triaged,0.0,136554.56100000002,,True,0.0,0.0,0.0,0.0
MID103497,apparel,0,legit,none,0,0.0005599336296085183,,,,False,0,0.0,0.0,not_called,,0,0,NONE,0,,,0,not_triaged,0.0,92808.21966666666,,False,0.0,0.0,0.0,0.0
MID100088,pharmacy,1,licensing_violation,none,0,0.4935383561978632,unregistered_pharmacy,0.99,homepage,False,0,0.0,0.0,no_answer,,1,1,VERIFY,3,storefront,,4,evidence_exhausted,2.2,17691.093999999997,telemetry_drift,False,900.0,0.0,0.0,900.0
MID103821,home_furnishing,0,legit,none,0,0.06730805181528864,,,,False,0,0.0,0.0,not_called,,0,0,NONE,0,,,0,not_triaged,0.0,20155.51966666667,,False,0.0,0.0,0.0,0.0
MID101121,pharmacy,0,legit,none,0,0.0023493159545288343,,,,False,0,0.0,0.0,not_called,,0,0,NONE,0,,,0,not_triaged,0.0,86423.134,,False,0.0,0.0,0.0,0.0
MID101332,apparel,0,legit,none,0,0.0028175491082191445,,,,False,0,0.0,0.0,not_called,,0,0,NONE,0,,,0,not_triaged,0.0,143225.80533333335,,True,0.0,0.0,0.0,0.0
MID100625,home_furnishing,0,legit,none,0,0.000861624985476204,,,,False,0,0.0,0.0,not_called,,0,0,NONE,0,,,0,not_triaged,0.0,45660.74866666667,,False,0.0,0.0,0.0,0.0
MID100887,electronics_retail,0,legit,festival_season,0,0.011854651533414482,,,,False,0,0.0,0.0,not_called,,0,0,NONE,0,,,0,not_triaged,0.0,288338.14900000003,,False,0.0,0.0,0.0,0.0
MID102295,pharmacy,0,legit,none,0,0.0015004653856500356,,,,False,0,0.0,0.0,not_called,,0,0,NONE,0,,,0,not_triaged,0.0,51996.23433333333,,False,0.0,0.0,0.0,0.0
MID100187,pharmacy,0,legit,shared_platform,0,0.00424284285668524,,,,False,0,0.0,0.0,not_called,,0,0,NONE,0,,,0,not_triaged,0.0,43720.137,,True,0.0,0.0,0.0,0.0
MID103728,electronics_retail,0,legit,none,0,0.001468529764262516,,,,False,0,0.0,0.0,not_called,,0,0,NONE,0,,,0,not_triaged,0.0,112649.59866666669,,False,0.0,0.0,0.0,0.0
MID100659,home_furnishing,0,legit,none,0,0.003851850779805103,,,,False,0,0.0,0.0,not_called,,0,0,NONE,0,,,0,not_triaged,0.0,65063.60933333333,,False,0.0,0.0,0.0,0.0
MID101444,pharmacy,0,legit,none,0,0.00781968509670665,,,,False,0,0.0,0.0,not_called,,0,0,NONE,0,,,0,not_triaged,0.0,59687.60633333333,,True,0.0,0.0,0.0,0.0
MID101975,apparel,0,legit,none,0,0.00798564981723285,,,,False,0,0.0,0.0,not_called,,0,0,NONE,0,,,0,not_triaged,0.0,167415.66433333332,,False,0.0,0.0,0.0,0.0
MID102207,pharmacy,0,legit,none,0,0.002175632024818951,,,,False,11,0.4123,0.164,not_called,,0,0,NONE,0,,,0,not_triaged,0.0,15712.693,,False,0.0,0.0,0.0,0.0
MID100220,apparel,0,legit,none,0,0.00462188136142551,,,,False,0,0.0,0.0,not_called,,0,0,NONE,0,,,0,not_triaged,0.0,111507.77,,False,0.0,0.0,0.0,0.0
MID101554,subscription_box,0,legit,none,0,0.000859585630724735,,,,False,0,0.0,0.0,not_called,,0,0,NONE,0,,,0,not_triaged,0.0,115714.078,,True,0.0,0.0,0.0,0.0
MID101112,apparel,0,legit,none,0,0.007589733898794369,,,,False,0,0.0,0.0,not_called,,0,0,NONE,0,,,0,not_triaged,0.0,68236.07766666666,,False,0.0,0.0,0.0,0.0
MID102039,digital_services,0,legit,shared_platform,0,0.000757420253429382,,,,False,0,0.0,0.0,not_called,,0,0,NONE,0,,,0,not_triaged,0.0,37832.86666666667,,True,0.0,0.0,0.0,0.0
MID103036,skill_gaming,0,legit,none,0,0.0026574749660381353,,,,False,0,0.0,0.0,not_called,,0,0,NONE,0,,,0,not_triaged,0.0,127446.06266666666,,False,0.0,0.0,0.0,0.0
MID102304,home_furnishing,0,legit,none,0,0.0261772872703452,home_furnishing,0.925,homepage,False,0,0.0,0.0,not_called,,0,0,NONE,0,,,2,evidence_exhausted,2.2,22172.07333333333,external_signal,False,0.0,0.0,0.0,0.0
MID102443,digital_services,0,legit,none,0,0.0015002403014552652,,,,False,0,0.0,0.0,not_called,,0,0,NONE,0,,,0,not_triaged,0.0,58723.45533333334,,True,0.0,0.0,0.0,0.0
MID101362,apparel,0,legit,none,0,0.04920051132822508,,,,False,0,0.0,0.0,not_called,,0,0,NONE,0,,,0,not_triaged,0.0,13615.733666666669,,False,0.0,0.0,0.0,0.0
MID100106,apparel,1,pivot_prohibited,none,1,0.9766040306405331,sports_betting,0.9877,homepage,True,0,0.0,0.0,answered,False,3,3,RESTRICT,4,telemetry;storefront;statement,the merchant's own statement,2,confidence_threshold_met,2.2,242960.408,telemetry_drift,False,900.0,0.0,0.0,900.0
MID101570,apparel,0,legit,none,0,0.004329447610365804,,,,False,0,0.0,0.0,not_called,,0,0,NONE,0,,,0,not_triaged,0.0,47972.747,,False,0.0,0.0,0.0,0.0
MID102631,electronics_retail,0,legit,none,0,0.0010368532281867502,,,,False,0,0.0,0.0,not_called,,0,0,NONE,0,,,0,not_triaged,0.0,68342.86633333334,,False,0.0,0.0,0.0,0.0
MID100981,electronics_retail,0,legit,none,0,0.0029518620560831854,,,,False,0,0.0,0.0,not_called,,0,0,NONE,0,,,0,not_triaged,0.0,87382.45466666666,,True,0.0,0.0,0.0,0.0
MID103081,home_furnishing,0,legit,viral_spike,0,0.0205537859627688,,,,False,0,0.0,0.0,not_called,,0,0,NONE,0,,,0,not_triaged,0.0,66856.257,,True,0.0,0.0,0.0,0.0
MID103895,home_furnishing,0,legit,none,0,0.0025389953988129497,,,,False,0,0.0,0.0,not_called,,0,0,NONE,0,,,0,not_triaged,0.0,147757.392,,False,0.0,0.0,0.0,0.0
MID100572,subscription_box,0,legit,none,0,0.000882413717043001,,,,False,0,0.0,0.0,not_called,,0,0,NONE,0,,,0,not_triaged,0.0,44998.62933333333,,False,0.0,0.0,0.0,0.0
MID101656,pharmacy,0,legit,none,0,0.0009730162348520082,,,,False,0,0.0,0.0,not_called,,0,0,NONE,0,,,0,not_triaged,0.0,62493.193666666666,,False,0.0,0.0,0.0,0.0
MID102578,pharmacy,0,legit,shared_platform,0,0.0012005516951031636,,,,False,0,0.0,0.0,not_called,,0,0,NONE,0,,,0,not_triaged,0.0,44410.77,,False,0.0,0.0,0.0,0.0
MID101588,skill_gaming,0,legit,none,0,0.0008586327372992183,,,,False,0,0.0,0.0,not_called,,0,0,NONE,0,,,0,not_triaged,0.0,73089.66533333334,,True,0.0,0.0,0.0,0.0
MID101442,travel_agency,0,legit,festival_season,0,0.010045746007246913,,,,False,0,0.0,0.0,not_called,,0,0,NONE,0,,,0,not_triaged,0.0,597265.6736666667,,False,0.0,0.0,0.0,0.0
MID101475,pharmacy,0,legit,none,0,0.0026291964534955214,,,,False,0,0.0,0.0,not_called,,0,0,NONE,0,,,0,not_triaged,0.0,46029.725666666665,,False,0.0,0.0,0.0,0.0
MID101606,electronics_retail,0,legit,viral_spike,0,0.0046937243715020225,electronics_retail,0.9437,homepage,False,0,0.0,0.0,not_called,,0,0,NONE,0,,,2,evidence_exhausted,2.2,446807.532,high_volume_rotation,False,0.0,0.0,0.0,0.0
MID102323,skill_gaming,0,legit,none,0,0.0018802976311955144,,,,False,0,0.0,0.0,not_called,,0,0,NONE,0,,,0,not_triaged,0.0,88850.181,,True,0.0,0.0,0.0,0.0
MID102717,electronics_retail,0,legit,none,0,0.0014193261659266674,,,,False,0,0.0,0.0,not_called,,0,0,NONE,0,,,0,not_triaged,0.0,239747.12966666667,,False,0.0,0.0,0.0,0.0
MID103974,home_furnishing,0,legit,none,0,0.0013931988728286694,,,,False,0,0.0,0.0,not_called,,0,0,NONE,0,,,0,not_triaged,0.0,176951.39666666667,,True,0.0,0.0,0.0,0.0
MID102612,pharmacy,0,legit,none,0,0.001809763269292274,,,,False,0,0.0,0.0,not_called,,0,0,NONE,0,,,0,not_triaged,0.0,10052.030666666666,,False,0.0,0.0,0.0,0.0
MID101415,pharmacy,0,legit,none,0,0.001793592751459651,,,,False,0,0.0,0.0,not_called,,0,0,NONE,0,,,0,not_triaged,0.0,39361.73066666666,,True,0.0,0.0,0.0,0.0
MID102365,apparel,0,legit,none,0,0.0013800408754799387,,,,False,0,0.0,0.0,not_called,,0,0,NONE,0,,,0,not_triaged,0.0,92918.664,,True,0.0,0.0,0.0,0.0
MID100974,travel_agency,0,legit,none,0,0.0013061910084504623,,,,False,0,0.0,0.0,not_called,,0,0,NONE,0,,,0,not_triaged,0.0,161683.409,,False,0.0,0.0,0.0,0.0
MID100912,pharmacy,0,legit,shared_platform,0,0.0020260474372627217,,,,False,0,0.0,0.0,not_called,,0,0,NONE,0,,,0,not_triaged,0.0,10717.220666666666,,True,0.0,0.0,0.0,0.0
MID101433,subscription_box,0,legit,none,0,0.0011232185942970506,,,,False,0,0.0,0.0,not_called,,0,0,NONE,0,,,0,not_triaged,0.0,95857.649,,True,0.0,0.0,0.0,0.0
MID100988,subscription_box,0,legit,price_point_change,0,0.0022602110664776045,,,,False,0,0.0,0.0,not_called,,0,0,NONE,0,,,0,not_triaged,0.0,65318.36333333333,,False,0.0,0.0,0.0,0.0
MID102458,home_furnishing,0,legit,none,0,0.000799487577949989,,,,False,0,0.0,0.0,not_called,,0,0,NONE,0,,,0,not_triaged,0.0,11271.665000000005,,False,0.0,0.0,0.0,0.0
MID101000,electronics_retail,0,legit,none,0,0.0016182647645678614,,,,False,0,0.0,0.0,not_called,,0,0,NONE,0,,,0,not_triaged,0.0,151146.41633333333,,False,0.0,0.0,0.0,0.0
MID101540,apparel,0,legit,none,0,0.000604272781091568,,,,False,0,0.0,0.0,not_called,,0,0,NONE,0,,,0,not_triaged,0.0,13736.775666666666,,False,0.0,0.0,0.0,0.0
MID102828,pharmacy,0,legit,shared_platform,0,0.04597599601996607,,,,False,0,0.0,0.0,not_called,,0,0,NONE,0,,,0,not_triaged,0.0,35276.31733333333,,True,0.0,0.0,0.0,0.0
MID100098,pharmacy,1,licensing_violation,none,0,0.5019391082531004,unregistered_pharmacy,0.99,homepage,True,0,0.0,0.0,answered,True,2,2,RESTRICT,3,storefront,,2,confidence_threshold_met,2.2,66621.582,telemetry_drift,False,900.0,0.0,0.0,900.0
MID103100,home_furnishing,0,legit,none,0,0.0028967462938283245,,,,False,0,0.0,0.0,not_called,,0,0,NONE,0,,,0,not_triaged,0.0,36558.689333333336,,False,0.0,0.0,0.0,0.0
MID103138,home_furnishing,0,legit,none,0,0.0010533684874162014,,,,False,0,0.0,0.0,not_called,,0,0,NONE,0,,,0,not_triaged,0.0,50047.191333333336,,False,0.0,0.0,0.0,0.0
MID102260,pharmacy,0,legit,none,0,0.024636917190912006,,,,False,0,0.0,0.0,not_called,,0,0,NONE,0,,,0,not_triaged,0.0,21037.02233333333,,False,0.0,0.0,0.0,0.0
MID100821,home_furnishing,0,legit,festival_season,0,0.10614674356854524,,,,False,0,0.0,0.0,not_called,,0,0,NONE,0,,,0,not_triaged,0.0,64617.08266666667,,False,0.0,0.0,0.0,0.0
MID101922,electronics_retail,0,legit,none,0,0.0009801595383849319,,,,False,0,0.0,0.0,not_called,,0,0,NONE,0,,,0,not_triaged,0.0,403579.9126666666,,False,0.0,0.0,0.0,0.0
MID100637,travel_agency,0,legit,none,0,0.06182478173596898,,,,False,0,0.0,0.0,not_called,,0,0,NONE,0,,,0,not_triaged,0.0,169320.74733333333,,False,0.0,0.0,0.0,0.0
MID103911,home_furnishing,0,legit,none,0,0.0014181499159501665,,,,False,0,0.0,0.0,not_called,,0,0,NONE,0,,,0,not_triaged,0.0,129327.22566666668,,False,0.0,0.0,0.0,0.0
MID102132,travel_agency,0,legit,festival_season,0,0.046230196701434516,,,,False,0,0.0,0.0,not_called,,0,0,NONE,0,,,0,not_triaged,0.0,181912.961,,False,0.0,0.0,0.0,0.0
MID103203,home_furnishing,0,legit,viral_spike,0,0.0020631567045800133,,,,False,0,0.0,0.0,not_called,,0,0,NONE,0,,,0,not_triaged,0.0,129163.39066666666,,True,0.0,0.0,0.0,0.0
MID101962,electronics_retail,0,legit,none,0,0.028768576460470135,,,,False,0,0.0,0.0,not_called,,0,0,NONE,0,,,0,not_triaged,0.0,106864.23533333332,,True,0.0,0.0,0.0,0.0
MID100498,apparel,0,legit,none,0,0.0006009881741259443,,,,False,0,0.0,0.0,not_called,,0,0,NONE,0,,,0,not_triaged,0.0,93786.95333333334,,True,0.0,0.0,0.0,0.0
MID103044,travel_agency,0,legit,none,0,0.0018148922841520908,,,,False,0,0.0,0.0,not_called,,0,0,NONE,0,,,0,not_triaged,0.0,120434.563,,False,0.0,0.0,0.0,0.0
MID100246,pharmacy,0,legit,none,0,0.0012879500800538225,,,,False,0,0.0,0.0,not_called,,0,0,NONE,0,,,0,not_triaged,0.0,47225.87733333333,,False,0.0,0.0,0.0,0.0
MID101073,apparel,0,legit,none,0,0.004792199918729215,,,,False,0,0.0,0.0,not_called,,0,0,NONE,0,,,0,not_triaged,0.0,28664.153,,False,0.0,0.0,0.0,0.0
MID101390,apparel,0,legit,none,0,0.0016368752942191181,,,,False,0,0.0,0.0,not_called,,0,0,NONE,0,,,0,not_triaged,0.0,84432.01266666666,,True,0.0,0.0,0.0,0.0
MID103906,electronics_retail,0,legit,none,0,0.0025513091939097917,,,,False,0,0.0,0.0,not_called,,0,0,NONE,0,,,0,not_triaged,0.0,177665.81066666666,,True,0.0,0.0,0.0,0.0
MID100288,home_furnishing,0,legit,festival_season,0,0.005802762924220232,,,,False,0,0.0,0.0,not_called,,0,0,NONE,0,,,0,not_triaged,0.0,352351.4903333334,,True,0.0,0.0,0.0,0.0
MID102986,skill_gaming,0,legit,none,0,0.024911881056196357,,,,False,0,0.0,0.0,not_called,,0,0,NONE,0,,,0,not_triaged,0.0,75895.07866666668,,True,0.0,0.0,0.0,0.0
MID102820,home_furnishing,0,legit,none,0,0.001035448375006917,,,,False,0,0.0,0.0,not_called,,0,0,NONE,0,,,0,not_triaged,0.0,154306.9763333333,,True,0.0,0.0,0.0,0.0
MID103635,pharmacy,0,legit,shared_platform,0,0.0031594448682906017,,,,False,0,0.0,0.0,not_called,,0,0,NONE,0,,,0,not_triaged,0.0,34417.079999999994,,True,0.0,0.0,0.0,0.0
MID103726,home_furnishing,0,legit,none,0,0.0021035139408963435,,,,False,0,0.0,0.0,not_called,,0,0,NONE,0,,,0,not_triaged,0.0,49839.264,,False,0.0,0.0,0.0,0.0
MID101365,home_furnishing,0,legit,none,0,0.0024748937182392703,,,,False,0,0.0,0.0,not_called,,0,0,NONE,0,,,0,not_triaged,0.0,32611.27733333333,,False,0.0,0.0,0.0,0.0
MID102252,apparel,0,legit,festival_season,0,0.010486120435941946,,,,False,0,0.0,0.0,not_called,,0,0,NONE,0,,,0,not_triaged,0.0,224330.093,,True,0.0,0.0,0.0,0.0
MID101847,home_furnishing,0,legit,none,0,0.005636661725229833,,,,False,0,0.0,0.0,not_called,,0,0,NONE,0,,,0,not_triaged,0.0,45786.48066666666,,False,0.0,0.0,0.0,0.0
MID100954,home_furnishing,0,legit,festival_season,0,0.007373023166128008,,,,False,0,0.0,0.0,not_called,,0,0,NONE,0,,,0,not_triaged,0.0,29024.48266666667,,True,0.0,0.0,0.0,0.0
MID101602,pharmacy,0,legit,none,0,0.004300868206967706,,,,False,0,0.0,0.0,not_called,,0,0,NONE,0,,,0,not_triaged,0.0,37645.68333333333,,True,0.0,0.0,0.0,0.0
MID103532,electronics_retail,0,legit,none,0,0.002100086445628186,,,,False,0,0.0,0.0,not_called,,0,0,NONE,0,,,0,not_triaged,0.0,58767.425,,True,0.0,0.0,0.0,0.0
MID100407,electronics_retail,0,legit,none,0,0.0008868627799148982,,,,False,0,0.0,0.0,not_called,,0,0,NONE,0,,,0,not_triaged,0.0,91556.208,,False,0.0,0.0,0.0,0.0
MID102885,home_furnishing,0,legit,none,0,0.0013216699183888148,,,,False,0,0.0,0.0,not_called,,0,0,NONE,0,,,0,not_triaged,0.0,44850.308,,False,0.0,0.0,0.0,0.0
MID100591,electronics_retail,0,legit,festival_season,0,0.007634828581410649,electronics_retail,0.9523,homepage,False,0,0.0,0.0,not_called,,0,0,NONE,0,,,2,evidence_exhausted,2.2,2641383.047666667,external_signal,False,0.0,0.0,0.0,0.0
MID102320,pharmacy,0,legit,none,0,0.11401586815327157,,,,False,0,0.0,0.0,not_called,,0,0,NONE,0,,,0,not_triaged,0.0,127873.92866666666,,False,0.0,0.0,0.0,0.0
MID102430,apparel,0,legit,none,0,0.001939202937775028,,,,False,0,0.0,0.0,not_called,,0,0,NONE,0,,,0,not_triaged,0.0,28952.852000000003,,False,0.0,0.0,0.0,0.0
MID103230,travel_agency,0,legit,none,0,0.0006496507972020137,,,,False,0,0.0,0.0,not_called,,0,0,NONE,0,,,0,not_triaged,0.0,126334.032,,False,0.0,0.0,0.0,0.0
MID103973,skill_gaming,0,legit,none,0,0.002644281626852173,,,,False,0,0.0,0.0,not_called,,0,0,NONE,0,,,0,not_triaged,0.0,92878.73633333332,,False,0.0,0.0,0.0,0.0
MID100356,skill_gaming,0,legit,none,0,0.001321778818864245,,,,False,0,0.0,0.0,not_called,,0,0,NONE,0,,,0,not_triaged,0.0,302701.026,,False,0.0,0.0,0.0,0.0
MID100027,apparel,1,funnel_ring,none,0,0.8388417678873595,crypto_exchange,0.9809,checkout,False,7,0.9218,0.739,answered,False,4,4,RESTRICT,4,telemetry;storefront;infrastructure;statement,the merchant's own statement,4,confidence_threshold_met,4.4,181850.4356666667,telemetry_drift;network_cluster,False,900.0,0.0,0.0,900.0
MID101759,home_furnishing,0,legit,none,0,0.0014859458676869772,,,,False,0,0.0,0.0,not_called,,0,0,NONE,0,,,0,not_triaged,0.0,101950.45533333332,,False,0.0,0.0,0.0,0.0
MID100194,home_furnishing,0,legit,none,0,0.0017391087017477043,,,,False,0,0.0,0.0,not_called,,0,0,NONE,0,,,0,not_triaged,0.0,152765.51366666667,,False,0.0,0.0,0.0,0.0
MID103171,electronics_retail,0,legit,none,0,0.0016580424335716538,,,,False,0,0.0,0.0,not_called,,0,0,NONE,0,,,0,not_triaged,0.0,106866.429,,False,0.0,0.0,0.0,0.0
MID100920,home_furnishing,0,legit,none,0,0.005250488538884614,,,,False,0,0.0,0.0,not_called,,0,0,NONE,0,,,0,not_triaged,0.0,40689.136333333336,,True,0.0,0.0,0.0,0.0
MID103071,electronics_retail,0,legit,none,0,0.0016424243184242104,,,,False,0,0.0,0.0,not_called,,0,0,NONE,0,,,0,not_triaged,0.0,77239.58433333333,,False,0.0,0.0,0.0,0.0
MID103547,pharmacy,0,legit,none,0,0.000911379518699543,,,,False,0,0.0,0.0,not_called,,0,0,NONE,0,,,0,not_triaged,0.0,29835.185,,True,0.0,0.0,0.0,0.0
MID103280,skill_gaming,0,legit,none,0,0.0016568725194018306,,,,False,0,0.0,0.0,not_called,,0,0,NONE,0,,,0,not_triaged,0.0,280780.25,,False,0.0,0.0,0.0,0.0
MID100079,pharmacy,1,licensing_violation,none,0,0.001049948453393726,,,,False,0,0.0,0.0,not_called,,0,0,NONE,0,,,0,not_triaged,0.0,97260.04766666668,,True,0.0,0.0,1981557.31,1981557.31
MID103152,skill_gaming,0,legit,none,0,0.006972957475256957,,,,False,0,0.0,0.0,not_called,,0,0,NONE,0,,,0,not_triaged,0.0,32771.65933333334,,True,0.0,0.0,0.0,0.0
MID100716,apparel,0,legit,none,0,0.001869565320602142,,,,False,0,0.0,0.0,not_called,,0,0,NONE,0,,,0,not_triaged,0.0,44877.65633333333,,False,0.0,0.0,0.0,0.0
MID102577,apparel,0,legit,none,0,0.0021218408580703074,,,,False,0,0.0,0.0,not_called,,0,0,NONE,0,,,0,not_triaged,0.0,59134.50100000001,,False,0.0,0.0,0.0,0.0
MID101896,skill_gaming,0,legit,none,0,0.0011174900062403542,,,,False,0,0.0,0.0,not_called,,0,0,NONE,0,,,0,not_triaged,0.0,97807.72533333332,,False,0.0,0.0,0.0,0.0
MID103484,electronics_retail,0,legit,none,0,0.0009399695659849086,,,,False,0,0.0,0.0,not_called,,0,0,NONE,0,,,0,not_triaged,0.0,253351.78566666663,,False,0.0,0.0,0.0,0.0
MID101746,travel_agency,0,legit,none,0,0.003936255387947225,,,,False,0,0.0,0.0,not_called,,0,0,NONE,0,,,0,not_triaged,0.0,183953.487,,False,0.0,0.0,0.0,0.0
MID102357,travel_agency,0,legit,none,0,0.002394024770544394,travel_agency,0.9223,homepage,False,0,0.0,0.0,not_called,,0,0,NONE,0,,,2,evidence_exhausted,2.2,442748.5186666666,high_volume_rotation,True,0.0,0.0,0.0,0.0
MID103909,apparel,0,legit,none,0,0.0018890233937973377,,,,False,0,0.0,0.0,not_called,,0,0,NONE,0,,,0,not_triaged,0.0,105389.719,,True,0.0,0.0,0.0,0.0
MID101298,home_furnishing,0,legit,viral_spike,0,0.03026613178559725,,,,False,0,0.0,0.0,not_called,,0,0,NONE,0,,,0,not_triaged,0.0,26241.358,,True,0.0,0.0,0.0,0.0
MID101789,travel_agency,0,legit,none,0,0.0019844029732765363,,,,False,0,0.0,0.0,not_called,,0,0,NONE,0,,,0,not_triaged,0.0,203330.9736666667,,True,0.0,0.0,0.0,0.0
MID100612,subscription_box,0,legit,none,0,0.0008797320965728856,,,,False,0,0.0,0.0,not_called,,0,0,NONE,0,,,0,not_triaged,0.0,22273.18133333333,,False,0.0,0.0,0.0,0.0
MID100323,digital_services,0,legit,none,0,0.0009680196398452647,,,,False,0,0.0,0.0,not_called,,0,0,NONE,0,,,0,not_triaged,0.0,70920.42,,True,0.0,0.0,0.0,0.0
MID101495,travel_agency,0,legit,festival_season,0,0.17552841161228633,,,,False,0,0.0,0.0,not_called,,0,0,NONE,0,,,0,not_triaged,0.0,191793.92766666663,,True,0.0,0.0,0.0,0.0
MID100910,electronics_retail,0,legit,none,0,0.002345463530833641,,,,False,0,0.0,0.0,not_called,,0,0,NONE,0,,,0,not_triaged,0.0,88745.29833333334,,False,0.0,0.0,0.0,0.0
MID103817,electronics_retail,0,legit,none,0,0.0023628470889255045,,,,False,0,0.0,0.0,not_called,,0,0,NONE,0,,,0,not_triaged,0.0,299484.732,,True,0.0,0.0,0.0,0.0
MID101953,electronics_retail,0,legit,none,0,0.004698005995496445,,,,False,0,0.0,0.0,not_called,,0,0,NONE,0,,,0,not_triaged,0.0,215559.912,,True,0.0,0.0,0.0,0.0
MID101974,travel_agency,0,legit,festival_season,0,0.001730386282506095,,,,False,0,0.0,0.0,not_called,,0,0,NONE,0,,,0,not_triaged,0.0,749944.5353333334,,False,0.0,0.0,0.0,0.0
MID100685,subscription_box,0,legit,none,0,0.0010155887963471202,,,,False,0,0.0,0.0,not_called,,0,0,NONE,0,,,0,not_triaged,0.0,73199.53966666666,,False,0.0,0.0,0.0,0.0
MID103463,skill_gaming,0,legit,none,0,0.0007587702120081085,skill_gaming,0.9563,homepage,False,0,0.0,0.0,not_called,,0,0,NONE,0,,,2,evidence_exhausted,2.2,285772.99700000003,high_volume_rotation,False,0.0,0.0,0.0,0.0
MID100310,apparel,0,legit,none,0,0.0007270625191099777,,,,False,0,0.0,0.0,not_called,,0,0,NONE,0,,,0,not_triaged,0.0,70095.079,,False,0.0,0.0,0.0,0.0
MID102253,home_furnishing,0,legit,festival_season,0,0.012672632351134751,,,,False,0,0.0,0.0,not_called,,0,0,NONE,0,,,0,not_triaged,0.0,180167.485,,False,0.0,0.0,0.0,0.0
MID102865,apparel,0,legit,none,0,0.003453498093073295,apparel,0.99,homepage,False,0,0.0,0.0,not_called,,0,0,NONE,0,,,2,evidence_exhausted,2.2,233753.41,external_signal,False,0.0,0.0,0.0,0.0
MID102417,home_furnishing,0,legit,none,0,0.005408980539816821,,,,False,0,0.0,0.0,not_called,,0,0,NONE,0,,,0,not_triaged,0.0,40861.77366666667,,False,0.0,0.0,0.0,0.0
MID103863,electronics_retail,0,legit,none,0,0.0008114455419094602,,,,False,0,0.0,0.0,not_called,,0,0,NONE,0,,,0,not_triaged,0.0,135703.42166666666,,False,0.0,0.0,0.0,0.0
MID102904,apparel,0,legit,price_point_change,0,0.002482954031852813,,,,False,0,0.0,0.0,not_called,,0,0,NONE,0,,,0,not_triaged,0.0,30640.586666666662,,True,0.0,0.0,0.0,0.0
MID101013,pharmacy,0,legit,none,0,0.014555697749234698,,,,False,0,0.0,0.0,not_called,,0,0,NONE,0,,,0,not_triaged,0.0,24112.372,,False,0.0,0.0,0.0,0.0
MID102074,pharmacy,0,legit,none,0,0.011331324203781974,,,,False,0,0.0,0.0,not_called,,0,0,NONE,0,,,0,not_triaged,0.0,21929.704,,False,0.0,0.0,0.0,0.0
MID102144,apparel,0,legit,none,0,0.009644850023093824,,,,False,0,0.0,0.0,not_called,,0,0,NONE,0,,,0,not_triaged,0.0,74323.82633333333,,False,0.0,0.0,0.0,0.0
MID103103,apparel,0,legit,none,0,0.0016482824801646837,,,,False,0,0.0,0.0,not_called,,0,0,NONE,0,,,0,not_triaged,0.0,18863.147,,True,0.0,0.0,0.0,0.0
MID100379,electronics_retail,0,legit,viral_spike,0,0.0013541855186800218,,,,False,0,0.0,0.0,not_called,,0,0,NONE,0,,,0,not_triaged,0.0,240215.53,,False,0.0,0.0,0.0,0.0
MID101384,apparel,0,legit,none,0,0.000819258653882666,,,,False,0,0.0,0.0,not_called,,0,0,NONE,0,,,0,not_triaged,0.0,38711.334333333325,,False,0.0,0.0,0.0,0.0
MID101763,home_furnishing,0,legit,festival_season,0,0.04404803174124827,,,,False,0,0.0,0.0,not_called,,0,0,NONE,0,,,0,not_triaged,0.0,108098.19,,True,0.0,0.0,0.0,0.0
MID100816,pharmacy,0,legit,shared_platform,0,0.04840492882046126,,,,False,0,0.0,0.0,not_called,,0,0,NONE,0,,,0,not_triaged,0.0,39117.85266666666,,True,0.0,0.0,0.0,0.0
MID103869,digital_services,0,legit,none,0,0.0029988979475492183,,,,False,0,0.0,0.0,not_called,,0,0,NONE,0,,,0,not_triaged,0.0,75123.60533333334,,False,0.0,0.0,0.0,0.0
MID100914,electronics_retail,0,legit,viral_spike,0,0.0007460132234824234,,,,False,0,0.0,0.0,not_called,,0,0,NONE,0,,,0,not_triaged,0.0,41733.113000000005,,False,0.0,0.0,0.0,0.0
MID102888,electronics_retail,0,legit,none,0,0.0026300747671642736,,,,False,0,0.0,0.0,not_called,,0,0,NONE,0,,,0,not_triaged,0.0,123503.20133333332,,False,0.0,0.0,0.0,0.0
MID101843,home_furnishing,0,legit,none,0,0.002935510300203926,,,,False,0,0.0,0.0,not_called,,0,0,NONE,0,,,0,not_triaged,0.0,22639.56,,False,0.0,0.0,0.0,0.0
MID101873,apparel,0,legit,viral_spike,0,0.002085024208585317,,,,False,0,0.0,0.0,not_called,,0,0,NONE,0,,,0,not_triaged,0.0,44041.30433333334,,False,0.0,0.0,0.0,0.0
MID102264,pharmacy,0,legit,none,0,0.09035335231290056,,,,False,0,0.0,0.0,not_called,,0,0,NONE,0,,,0,not_triaged,0.0,53572.85566666666,,False,0.0,0.0,0.0,0.0
MID100684,apparel,0,legit,none,0,0.001369844379007102,,,,False,0,0.0,0.0,not_called,,0,0,NONE,0,,,0,not_triaged,0.0,61597.16566666667,,True,0.0,0.0,0.0,0.0
MID100269,skill_gaming,0,legit,none,0,0.004680584381089557,,,,False,0,0.0,0.0,not_called,,0,0,NONE,0,,,0,not_triaged,0.0,78881.07566666669,,False,0.0,0.0,0.0,0.0
MID102270,skill_gaming,0,legit,none,0,0.018896837003813265,,,,False,0,0.0,0.0,not_called,,0,0,NONE,0,,,0,not_triaged,0.0,158144.19666666668,,False,0.0,0.0,0.0,0.0
MID102058,electronics_retail,0,legit,none,0,0.0034072914883806972,,,,False,0,0.0,0.0,not_called,,0,0,NONE,0,,,0,not_triaged,0.0,374231.414,,True,0.0,0.0,0.0,0.0
MID103601,electronics_retail,0,legit,none,0,0.004048312759807325,,,,False,0,0.0,0.0,not_called,,0,0,NONE,0,,,0,not_triaged,0.0,133851.75633333332,,False,0.0,0.0,0.0,0.0
MID103342,apparel,0,legit,none,0,0.000881152357802492,,,,False,0,0.0,0.0,not_called,,0,0,NONE,0,,,0,not_triaged,0.0,59660.95766666667,,False,0.0,0.0,0.0,0.0
MID101839,electronics_retail,0,legit,none,0,0.0006664717811113905,,,,False,0,0.0,0.0,not_called,,0,0,NONE,0,,,0,not_triaged,0.0,1061056.7446666667,,False,0.0,0.0,0.0,0.0
MID102722,digital_services,0,legit,none,0,0.02161581658019327,,,,False,0,0.0,0.0,not_called,,0,0,NONE,0,,,0,not_triaged,0.0,416542.64766666666,,False,0.0,0.0,0.0,0.0
MID100835,home_furnishing,0,legit,none,0,0.0018713663214816674,,,,False,0,0.0,0.0,not_called,,0,0,NONE,0,,,0,not_triaged,0.0,15746.6,,False,0.0,0.0,0.0,0.0
MID103492,electronics_retail,0,legit,none,0,0.0008350400204089831,,,,False,0,0.0,0.0,not_called,,0,0,NONE,0,,,0,not_triaged,0.0,1381777.6493333334,,False,0.0,0.0,0.0,0.0
MID100072,home_furnishing,1,pivot_prohibited,none,1,0.5564124161609212,sports_betting,0.99,homepage,False,0,0.0,0.0,answered,,1,1,VERIFY,3,storefront,,2,confidence_threshold_met,2.2,148866.874,telemetry_drift;external_signal,True,900.0,0.0,0.0,900.0
MID103108,apparel,0,legit,none,0,0.0011747929853469638,,,,False,0,0.0,0.0,not_called,,0,0,NONE,0,,,0,not_triaged,0.0,145246.912,,True,0.0,0.0,0.0,0.0
MID103070,skill_gaming,0,legit,none,0,0.0010364036895622267,,,,False,0,0.0,0.0,not_called,,0,0,NONE,0,,,0,not_triaged,0.0,257344.75966666668,,False,0.0,0.0,0.0,0.0
MID102319,digital_services,0,legit,none,0,0.012152100772787104,,,,False,0,0.0,0.0,not_called,,0,0,NONE,0,,,0,not_triaged,0.0,65301.41366666668,,False,0.0,0.0,0.0,0.0
MID103677,electronics_retail,0,legit,none,0,0.0014126819701464188,,,,False,0,0.0,0.0,not_called,,0,0,NONE,0,,,0,not_triaged,0.0,343006.41966666665,,False,0.0,0.0,0.0,0.0
MID102242,apparel,0,legit,none,0,0.007603341723631608,,,,False,0,0.0,0.0,not_called,,0,0,NONE,0,,,0,not_triaged,0.0,87259.42566666665,,False,0.0,0.0,0.0,0.0
MID100722,electronics_retail,0,legit,none,0,0.0013680606427531497,,,,False,0,0.0,0.0,not_called,,0,0,NONE,0,,,0,not_triaged,0.0,450193.2303333333,,False,0.0,0.0,0.0,0.0
MID102099,pharmacy,0,legit,none,0,0.007031128551738281,,,,False,0,0.0,0.0,not_called,,0,0,NONE,0,,,0,not_triaged,0.0,30103.06033333333,,False,0.0,0.0,0.0,0.0
MID102342,home_furnishing,0,legit,viral_spike,0,0.0007505678893656552,,,,False,0,0.0,0.0,not_called,,0,0,NONE,0,,,0,not_triaged,0.0,81780.60533333334,,False,0.0,0.0,0.0,0.0
MID101998,apparel,0,legit,none,0,0.0014191252000640394,,,,False,0,0.0,0.0,not_called,,0,0,NONE,0,,,0,not_triaged,0.0,83023.35299999999,,False,0.0,0.0,0.0,0.0
MID100639,pharmacy,0,legit,none,0,0.0005520110167435743,,,,False,0,0.0,0.0,not_called,,0,0,NONE,0,,,0,not_triaged,0.0,93648.46966666666,,False,0.0,0.0,0.0,0.0
MID100365,apparel,0,legit,shared_platform,0,0.001970800417625694,,,,False,0,0.0,0.0,not_called,,0,0,NONE,0,,,0,not_triaged,0.0,58514.51833333333,,False,0.0,0.0,0.0,0.0
MID102753,apparel,0,legit,none,0,0.0005814802038456974,,,,False,0,0.0,0.0,not_called,,0,0,NONE,0,,,0,not_triaged,0.0,57604.168333333335,,False,0.0,0.0,0.0,0.0
MID102561,pharmacy,0,legit,shared_platform,0,0.0007182023033141499,,,,False,0,0.0,0.0,not_called,,0,0,NONE,0,,,0,not_triaged,0.0,55494.63133333333,,True,0.0,0.0,0.0,0.0
MID102693,home_furnishing,0,legit,none,0,0.0009933249685095725,,,,False,0,0.0,0.0,not_called,,0,0,NONE,0,,,0,not_triaged,0.0,51854.44866666666,,False,0.0,0.0,0.0,0.0
MID100720,digital_services,0,legit,shared_platform,0,0.0012935500453977566,,,,False,0,0.0,0.0,not_called,,0,0,NONE,0,,,0,not_triaged,0.0,70063.58066666666,,False,0.0,0.0,0.0,0.0
MID100373,travel_agency,0,legit,festival_season,0,0.0030628896519958935,travel_agency,0.9586,homepage,False,0,0.0,0.0,not_called,,0,0,NONE,0,,,2,evidence_exhausted,2.2,2081010.6743333333,high_volume_rotation,False,0.0,0.0,0.0,0.0
MID102337,digital_services,0,legit,none,0,0.0006745534842986586,,,,False,0,0.0,0.0,not_called,,0,0,NONE,0,,,0,not_triaged,0.0,83979.16666666667,,False,0.0,0.0,0.0,0.0
MID102346,skill_gaming,0,legit,none,0,0.0008910345342785313,,,,False,0,0.0,0.0,not_called,,0,0,NONE,0,,,0,not_triaged,0.0,230547.612,,False,0.0,0.0,0.0,0.0
MID100424,electronics_retail,0,legit,none,0,0.034410194222722436,,,,False,0,0.0,0.0,not_called,,0,0,NONE,0,,,0,not_triaged,0.0,87472.15133333333,,True,0.0,0.0,0.0,0.0
MID100923,electronics_retail,0,legit,none,0,0.0008088559769102779,,,,False,0,0.0,0.0,not_called,,0,0,NONE,0,,,0,not_triaged,0.0,115275.73133333331,,True,0.0,0.0,0.0,0.0
MID100170,home_furnishing,0,legit,none,0,0.0031076583055457065,,,,False,0,0.0,0.0,not_called,,0,0,NONE,0,,,0,not_triaged,0.0,61609.81766666667,,False,0.0,0.0,0.0,0.0
MID101184,apparel,0,legit,viral_spike,0,0.009354526130290898,,,,False,0,0.0,0.0,not_called,,0,0,NONE,0,,,0,not_triaged,0.0,131851.994,,False,0.0,0.0,0.0,0.0
MID101708,home_furnishing,0,legit,viral_spike,0,0.006788155108587022,,,,False,0,0.0,0.0,not_called,,0,0,NONE,0,,,0,not_triaged,0.0,17081.974,,True,0.0,0.0,0.0,0.0
MID102944,home_furnishing,0,legit,none,0,0.001036907034408637,,,,False,0,0.0,0.0,not_called,,0,0,NONE,0,,,0,not_triaged,0.0,7549.530333333332,,True,0.0,0.0,0.0,0.0
MID100314,subscription_box,0,legit,none,0,0.0013050957536634193,,,,False,0,0.0,0.0,not_called,,0,0,NONE,0,,,0,not_triaged,0.0,38622.732,,False,0.0,0.0,0.0,0.0
MID103494,subscription_box,0,legit,none,0,0.0006460842170809624,,,,False,6,0.4291,0.155,not_called,,0,0,NONE,0,,,0,not_triaged,0.0,64715.848666666665,,False,0.0,0.0,0.0,0.0
MID102523,travel_agency,0,legit,festival_season,0,0.0030699251846847218,,,,False,0,0.0,0.0,not_called,,0,0,NONE,0,,,0,not_triaged,0.0,350852.2386666667,,False,0.0,0.0,0.0,0.0
MID103686,pharmacy,0,legit,none,0,0.0009830479932713995,,,,False,0,0.0,0.0,not_called,,0,0,NONE,0,,,0,not_triaged,0.0,100570.34,,False,0.0,0.0,0.0,0.0
MID100108,pharmacy,1,licensing_violation,none,0,0.10340886402333933,,,,False,0,0.0,0.0,not_called,,0,0,NONE,0,,,0,not_triaged,0.0,35431.973,,False,0.0,0.0,787892.69,787892.69
MID102168,apparel,0,legit,shared_platform,0,0.001428470244036692,,,,False,0,0.0,0.0,not_called,,0,0,NONE,0,,,0,not_triaged,0.0,126685.60333333336,,False,0.0,0.0,0.0,0.0
MID103145,apparel,0,legit,none,0,0.0015206283672346932,,,,False,0,0.0,0.0,not_called,,0,0,NONE,0,,,0,not_triaged,0.0,37635.82,,False,0.0,0.0,0.0,0.0
MID103755,electronics_retail,0,legit,none,0,0.003909140256780567,,,,False,0,0.0,0.0,not_called,,0,0,NONE,0,,,0,not_triaged,0.0,229072.29766666665,,False,0.0,0.0,0.0,0.0
MID102880,digital_services,0,legit,none,0,0.0009715060657754915,,,,False,0,0.0,0.0,not_called,,0,0,NONE,0,,,0,not_triaged,0.0,15641.517333333331,,True,0.0,0.0,0.0,0.0
MID102269,subscription_box,0,legit,none,0,0.001357419594467922,,,,False,0,0.0,0.0,not_called,,0,0,NONE,0,,,0,not_triaged,0.0,136539.27033333332,,False,0.0,0.0,0.0,0.0
MID102566,apparel,0,legit,none,0,0.0008684749128754246,,,,False,0,0.0,0.0,not_called,,0,0,NONE,0,,,0,not_triaged,0.0,17750.562333333328,,False,0.0,0.0,0.0,0.0
MID101652,skill_gaming,0,legit,none,0,0.0031844750425508565,,,,False,0,0.0,0.0,not_called,,0,0,NONE,0,,,0,not_triaged,0.0,355528.71633333334,,False,0.0,0.0,0.0,0.0
MID103351,pharmacy,0,legit,none,0,0.001310336937060772,,,,False,0,0.0,0.0,not_called,,0,0,NONE,0,,,0,not_triaged,0.0,36585.91566666666,,False,0.0,0.0,0.0,0.0
MID100256,apparel,0,legit,none,0,0.002107726439731535,,,,False,0,0.0,0.0,not_called,,0,0,NONE,0,,,0,not_triaged,0.0,66286.27266666667,,True,0.0,0.0,0.0,0.0
MID103595,apparel,0,legit,none,0,0.0007798406519508671,,,,False,0,0.0,0.0,not_called,,0,0,NONE,0,,,0,not_triaged,0.0,79704.116,,False,0.0,0.0,0.0,0.0
MID101047,electronics_retail,0,legit,none,0,0.0017694315980983223,,,,False,0,0.0,0.0,not_called,,0,0,NONE,0,,,0,not_triaged,0.0,94083.28566666666,,True,0.0,0.0,0.0,0.0
MID100593,pharmacy,0,legit,shared_platform,0,0.004905629689511951,,,,False,0,0.0,0.0,not_called,,0,0,NONE,0,,,0,not_triaged,0.0,127600.40066666668,,False,0.0,0.0,0.0,0.0
MID102034,electronics_retail,0,legit,none,0,0.0019444037846762104,,,,False,0,0.0,0.0,not_called,,0,0,NONE,0,,,0,not_triaged,0.0,166937.65866666666,,False,0.0,0.0,0.0,0.0
MID103553,apparel,0,legit,none,0,0.006647169249805291,,,,False,0,0.0,0.0,not_called,,0,0,NONE,0,,,0,not_triaged,0.0,32125.325666666668,,True,0.0,0.0,0.0,0.0
MID101153,home_furnishing,0,legit,viral_spike,0,0.0005439847857305556,,,,False,0,0.0,0.0,not_called,,0,0,NONE,0,,,0,not_triaged,0.0,46028.16766666667,,True,0.0,0.0,0.0,0.0
MID100934,apparel,0,legit,none,0,0.001308249284551556,,,,False,0,0.0,0.0,not_called,,0,0,NONE,0,,,0,not_triaged,0.0,114676.74033333334,,True,0.0,0.0,0.0,0.0
MID101314,travel_agency,0,legit,festival_season,0,0.01592677468851248,,,,False,0,0.0,0.0,not_called,,0,0,NONE,0,,,0,not_triaged,0.0,132890.59066666669,,False,0.0,0.0,0.0,0.0
MID103209,pharmacy,0,legit,shared_platform,0,0.0009087374911770045,,,,False,0,0.0,0.0,not_called,,0,0,NONE,0,,,0,not_triaged,0.0,16733.030333333332,,False,0.0,0.0,0.0,0.0
MID103276,skill_gaming,0,legit,none,0,0.0035281515471404447,,,,False,0,0.0,0.0,not_called,,0,0,NONE,0,,,0,not_triaged,0.0,76840.17,,False,0.0,0.0,0.0,0.0
MID103482,subscription_box,0,legit,none,0,0.024104952896823448,,,,False,0,0.0,0.0,not_called,,0,0,NONE,0,,,0,not_triaged,0.0,66133.41133333332,,False,0.0,0.0,0.0,0.0
MID103712,pharmacy,0,legit,none,0,0.0011638963115417696,,,,False,0,0.0,0.0,not_called,,0,0,NONE,0,,,0,not_triaged,0.0,26784.748666666663,,True,0.0,0.0,0.0,0.0
MID100477,subscription_box,0,legit,none,0,0.0011354653729903905,,,,False,0,0.0,0.0,not_called,,0,0,NONE,0,,,0,not_triaged,0.0,105943.24533333334,,False,0.0,0.0,0.0,0.0
MID100470,electronics_retail,0,legit,viral_spike,0,0.0007509084099965392,,,,False,0,0.0,0.0,not_called,,0,0,NONE,0,,,0,not_triaged,0.0,77784.64266666668,,False,0.0,0.0,0.0,0.0
MID102593,subscription_box,0,legit,none,0,0.004048814346701302,,,,False,0,0.0,0.0,not_called,,0,0,NONE,0,,,0,not_triaged,0.0,70826.55066666666,,False,0.0,0.0,0.0,0.0
MID103639,apparel,0,legit,none,0,0.0007923472922577773,,,,False,0,0.0,0.0,not_called,,0,0,NONE,0,,,0,not_triaged,0.0,73811.24233333331,,False,0.0,0.0,0.0,0.0
MID102353,apparel,0,legit,none,0,0.0020622867531100283,,,,False,0,0.0,0.0,not_called,,0,0,NONE,0,,,0,not_triaged,0.0,43395.64599999999,,True,0.0,0.0,0.0,0.0
MID102208,travel_agency,0,legit,none,0,0.0011777129920638163,,,,False,0,0.0,0.0,not_called,,0,0,NONE,0,,,0,not_triaged,0.0,400370.7823333334,,False,0.0,0.0,0.0,0.0
MID103018,electronics_retail,0,legit,none,0,0.0038838421721890397,electronics_retail,0.99,homepage,False,0,0.0,0.0,not_called,,0,0,NONE,0,,,2,evidence_exhausted,2.2,347290.00066666666,high_volume_rotation,False,0.0,0.0,0.0,0.0
MID101369,pharmacy,0,legit,shared_platform,0,0.002025398548417198,,,,False,0,0.0,0.0,not_called,,0,0,NONE,0,,,0,not_triaged,0.0,86959.22600000001,,True,0.0,0.0,0.0,0.0
MID102288,pharmacy,0,legit,none,0,0.0018912456769482901,,,,False,0,0.0,0.0,not_called,,0,0,NONE,0,,,0,not_triaged,0.0,57207.47666666667,,True,0.0,0.0,0.0,0.0
MID101178,home_furnishing,0,legit,festival_season,0,0.003678827907665675,,,,False,0,0.0,0.0,not_called,,0,0,NONE,0,,,0,not_triaged,0.0,120350.20433333331,,False,0.0,0.0,0.0,0.0
MID103852,apparel,0,legit,none,0,0.0008717713197464902,,,,False,0,0.0,0.0,not_called,,0,0,NONE,0,,,0,not_triaged,0.0,317792.19599999994,,False,0.0,0.0,0.0,0.0
MID103227,apparel,0,legit,none,0,0.002166003710145711,,,,False,0,0.0,0.0,not_called,,0,0,NONE,0,,,0,not_triaged,0.0,122794.32066666668,,False,0.0,0.0,0.0,0.0
MID102945,electronics_retail,0,legit,none,0,0.004991874240378717,,,,False,0,0.0,0.0,not_called,,0,0,NONE,0,,,0,not_triaged,0.0,262299.01933333336,,True,0.0,0.0,0.0,0.0
MID100182,digital_services,0,legit,none,0,0.00257202776803419,,,,False,0,0.0,0.0,not_called,,0,0,NONE,0,,,0,not_triaged,0.0,72297.34133333334,,False,0.0,0.0,0.0,0.0
MID101660,digital_services,0,legit,none,0,0.0012564957492528911,,,,False,0,0.0,0.0,not_called,,0,0,NONE,0,,,0,not_triaged,0.0,39934.48033333334,,False,0.0,0.0,0.0,0.0
MID102156,travel_agency,0,legit,none,0,0.0019819750211523125,travel_agency,0.9585,homepage,False,0,0.0,0.0,not_called,,0,0,NONE,0,,,2,evidence_exhausted,2.2,506541.41633333336,high_volume_rotation,True,0.0,0.0,0.0,0.0
MID103121,digital_services,0,legit,shared_platform,0,0.006879536326617933,,,,False,0,0.0,0.0,not_called,,0,0,NONE,0,,,0,not_triaged,0.0,214412.35666666663,,True,0.0,0.0,0.0,0.0
MID101336,electronics_retail,0,legit,none,0,0.0008752412453733237,,,,False,0,0.0,0.0,not_called,,0,0,NONE,0,,,0,not_triaged,0.0,767444.7706666667,,False,0.0,0.0,0.0,0.0
MID102108,pharmacy,0,legit,none,0,0.021204380326361155,,,,False,0,0.0,0.0,not_called,,0,0,NONE,0,,,0,not_triaged,0.0,92520.75966666666,,True,0.0,0.0,0.0,0.0
MID103538,skill_gaming,0,legit,none,0,0.05377603033474035,,,,False,0,0.0,0.0,not_called,,0,0,NONE,0,,,0,not_triaged,0.0,81865.375,,False,0.0,0.0,0.0,0.0
MID100698,subscription_box,0,legit,none,0,0.0009345525300484078,,,,False,0,0.0,0.0,not_called,,0,0,NONE,0,,,0,not_triaged,0.0,54524.93233333334,,False,0.0,0.0,0.0,0.0
MID103242,home_furnishing,0,legit,viral_spike,0,0.005306232843429288,,,,False,0,0.0,0.0,not_called,,0,0,NONE,0,,,0,not_triaged,0.0,68651.557,,False,0.0,0.0,0.0,0.0
MID100318,home_furnishing,0,legit,none,0,0.006003460357746846,,,,False,0,0.0,0.0,not_called,,0,0,NONE,0,,,0,not_triaged,0.0,58450.104666666666,,False,0.0,0.0,0.0,0.0
MID103105,digital_services,0,legit,shared_platform,0,0.004795432002515837,,,,False,0,0.0,0.0,not_called,,0,0,NONE,0,,,0,not_triaged,0.0,29318.603,,False,0.0,0.0,0.0,0.0
MID103642,electronics_retail,0,legit,none,0,0.0009200361059474416,,,,False,0,0.0,0.0,not_called,,0,0,NONE,0,,,0,not_triaged,0.0,268086.0736666667,,False,0.0,0.0,0.0,0.0
MID100038,pharmacy,1,licensing_violation,none,0,0.001159385523989201,,,,False,0,0.0,0.0,not_called,,0,0,NONE,0,,,0,not_triaged,0.0,20873.62233333333,,True,0.0,0.0,380294.07,380294.07
MID103999,skill_gaming,0,legit,none,0,0.0033363452602536117,,,,False,0,0.0,0.0,not_called,,0,0,NONE,0,,,0,not_triaged,0.0,143875.97066666666,,False,0.0,0.0,0.0,0.0
MID100801,apparel,0,legit,festival_season,0,0.005069001800521821,,,,False,0,0.0,0.0,not_called,,0,0,NONE,0,,,0,not_triaged,0.0,107121.70333333332,,True,0.0,0.0,0.0,0.0
MID103068,subscription_box,0,legit,none,0,0.004234698816105694,,,,False,0,0.0,0.0,not_called,,0,0,NONE,0,,,0,not_triaged,0.0,115373.11433333332,,False,0.0,0.0,0.0,0.0
MID100931,electronics_retail,0,legit,viral_spike,0,0.0032796047219604586,,,,False,0,0.0,0.0,not_called,,0,0,NONE,0,,,0,not_triaged,0.0,407541.822,,False,0.0,0.0,0.0,0.0
MID101711,travel_agency,0,legit,festival_season,0,0.003948475655193773,,,,False,0,0.0,0.0,not_called,,0,0,NONE,0,,,0,not_triaged,0.0,506536.6053333333,,False,0.0,0.0,0.0,0.0
MID100800,electronics_retail,0,legit,none,0,0.0010339454729274486,,,,False,0,0.0,0.0,not_called,,0,0,NONE,0,,,0,not_triaged,0.0,140770.198,,False,0.0,0.0,0.0,0.0
MID103207,home_furnishing,0,legit,none,0,0.009733464524784984,home_furnishing,0.99,homepage,False,0,0.0,0.0,not_called,,0,0,NONE,0,,,2,evidence_exhausted,2.2,79213.18966666669,external_signal,False,0.0,0.0,0.0,0.0
MID101901,digital_services,0,legit,none,0,0.0015186852384338294,,,,False,0,0.0,0.0,not_called,,0,0,NONE,0,,,0,not_triaged,0.0,56496.674,,False,0.0,0.0,0.0,0.0
MID100989,skill_gaming,0,legit,none,0,0.003096916350552379,,,,False,0,0.0,0.0,not_called,,0,0,NONE,0,,,0,not_triaged,0.0,133900.4326666667,,False,0.0,0.0,0.0,0.0
MID102726,home_furnishing,0,legit,none,0,0.0006780457849325226,,,,False,0,0.0,0.0,not_called,,0,0,NONE,0,,,0,not_triaged,0.0,25239.77733333333,,True,0.0,0.0,0.0,0.0
MID101025,home_furnishing,0,legit,none,0,0.0035116151100561947,,,,False,0,0.0,0.0,not_called,,0,0,NONE,0,,,0,not_triaged,0.0,125322.887,,False,0.0,0.0,0.0,0.0
MID101852,home_furnishing,0,legit,none,0,0.024091947130057592,home_furnishing,0.99,homepage,False,0,0.0,0.0,not_called,,0,0,NONE,0,,,2,evidence_exhausted,2.2,62599.67866666666,external_signal,False,0.0,0.0,0.0,0.0
MID103667,apparel,0,legit,none,0,0.0006967316714715001,,,,False,0,0.0,0.0,not_called,,0,0,NONE,0,,,0,not_triaged,0.0,143671.57700000002,,False,0.0,0.0,0.0,0.0
MID101829,electronics_retail,0,legit,none,0,0.001283877421275672,,,,False,0,0.0,0.0,not_called,,0,0,NONE,0,,,0,not_triaged,0.0,86926.29333333332,,True,0.0,0.0,0.0,0.0
MID100726,travel_agency,0,legit,festival_season,0,0.006144580350174889,travel_agency,0.9796,homepage,False,0,0.0,0.0,not_called,,0,0,NONE,0,,,2,evidence_exhausted,2.2,403338.433,volume_shape_change,False,0.0,0.0,0.0,0.0
MID101394,apparel,0,legit,none,0,0.0016854194921299794,,,,False,0,0.0,0.0,not_called,,0,0,NONE,0,,,0,not_triaged,0.0,31982.62066666667,,True,0.0,0.0,0.0,0.0
MID102964,pharmacy,0,legit,none,0,0.06426336748106948,,,,False,0,0.0,0.0,not_called,,0,0,NONE,0,,,0,not_triaged,0.0,19302.245666666666,,True,0.0,0.0,0.0,0.0
MID103676,apparel,0,legit,none,0,0.001184050903752313,,,,False,0,0.0,0.0,not_called,,0,0,NONE,0,,,0,not_triaged,0.0,44214.98566666666,,False,0.0,0.0,0.0,0.0
MID103612,electronics_retail,0,legit,none,0,0.0026533096199901907,,,,False,0,0.0,0.0,not_called,,0,0,NONE,0,,,0,not_triaged,0.0,900892.507,,False,0.0,0.0,0.0,0.0
MID101278,pharmacy,0,legit,none,0,0.0028114800188638375,,,,False,0,0.0,0.0,not_called,,0,0,NONE,0,,,0,not_triaged,0.0,24971.942,,True,0.0,0.0,0.0,0.0
MID103335,electronics_retail,0,legit,viral_spike,0,0.0008043724452070187,,,,False,0,0.0,0.0,not_called,,0,0,NONE,0,,,0,not_triaged,0.0,544681.2556666668,,True,0.0,0.0,0.0,0.0
MID101488,travel_agency,0,legit,none,0,0.005439006423709918,,,,False,0,0.0,0.0,not_called,,0,0,NONE,0,,,0,not_triaged,0.0,127393.54,,False,0.0,0.0,0.0,0.0
MID103660,digital_services,0,legit,none,0,0.00177815754395481,,,,False,0,0.0,0.0,not_called,,0,0,NONE,0,,,0,not_triaged,0.0,43088.914,,False,0.0,0.0,0.0,0.0
MID103870,apparel,0,legit,viral_spike,0,0.0029583035305598515,,,,False,0,0.0,0.0,not_called,,0,0,NONE,0,,,0,not_triaged,0.0,107339.36233333334,,False,0.0,0.0,0.0,0.0
MID100881,home_furnishing,0,legit,festival_season,0,0.002199695520065643,,,,False,0,0.0,0.0,not_called,,0,0,NONE,0,,,0,not_triaged,0.0,241009.58866666668,,False,0.0,0.0,0.0,0.0
MID103094,electronics_retail,0,legit,none,0,0.0006295139830468364,,,,False,0,0.0,0.0,not_called,,0,0,NONE,0,,,0,not_triaged,0.0,127474.20533333332,,True,0.0,0.0,0.0,0.0
MID101687,apparel,0,legit,none,0,0.008123991465283338,,,,False,0,0.0,0.0,not_called,,0,0,NONE,0,,,0,not_triaged,0.0,82921.51066666665,,False,0.0,0.0,0.0,0.0
MID102137,electronics_retail,0,legit,none,0,0.0015318644991898249,,,,False,0,0.0,0.0,not_called,,0,0,NONE,0,,,0,not_triaged,0.0,172985.04866666667,,False,0.0,0.0,0.0,0.0
MID100589,electronics_retail,0,legit,none,0,0.0023230287501648786,,,,False,0,0.0,0.0,not_called,,0,0,NONE,0,,,0,not_triaged,0.0,82232.67133333332,,False,0.0,0.0,0.0,0.0
MID102687,home_furnishing,0,legit,none,0,0.0011911910690280047,,,,False,0,0.0,0.0,not_called,,0,0,NONE,0,,,0,not_triaged,0.0,40983.708333333336,,False,0.0,0.0,0.0,0.0
MID103662,travel_agency,0,legit,none,0,0.010341035592920805,,,,False,0,0.0,0.0,not_called,,0,0,NONE,0,,,0,not_triaged,0.0,44076.111,,True,0.0,0.0,0.0,0.0
MID103800,electronics_retail,0,legit,none,0,0.0011408629913633164,,,,False,0,0.0,0.0,not_called,,0,0,NONE,0,,,0,not_triaged,0.0,82881.64233333334,,True,0.0,0.0,0.0,0.0
MID101546,home_furnishing,0,legit,viral_spike,0,0.0014551609128122033,,,,False,0,0.0,0.0,not_called,,0,0,NONE,0,,,0,not_triaged,0.0,33904.545,,False,0.0,0.0,0.0,0.0
MID100913,subscription_box,0,legit,viral_spike,0,0.0007273680277440195,,,,False,0,0.0,0.0,not_called,,0,0,NONE,0,,,0,not_triaged,0.0,205743.007,,False,0.0,0.0,0.0,0.0
MID100982,apparel,0,legit,price_point_change,0,0.0010907452713121734,,,,False,0,0.0,0.0,not_called,,0,0,NONE,0,,,0,not_triaged,0.0,27693.08333333333,,False,0.0,0.0,0.0,0.0
MID102338,digital_services,0,legit,none,0,0.006768823430894525,,,,False,0,0.0,0.0,not_called,,0,0,NONE,0,,,0,not_triaged,0.0,102525.67833333332,,True,0.0,0.0,0.0,0.0
MID103977,home_furnishing,0,legit,viral_spike,0,0.003628822417173542,,,,False,0,0.0,0.0,not_called,,0,0,NONE,0,,,0,not_triaged,0.0,269809.04966666666,,True,0.0,0.0,0.0,0.0
MID100469,home_furnishing,0,legit,none,0,0.018369743639861668,,,,False,0,0.0,0.0,not_called,,0,0,NONE,0,,,0,not_triaged,0.0,34428.385333333325,,True,0.0,0.0,0.0,0.0
MID101404,apparel,0,legit,none,0,0.0010290116778720081,,,,False,0,0.0,0.0,not_called,,0,0,NONE,0,,,0,not_triaged,0.0,228898.444,,True,0.0,0.0,0.0,0.0
MID102002,apparel,0,legit,viral_spike,0,0.0012244359168598604,,,,False,0,0.0,0.0,not_called,,0,0,NONE,0,,,0,not_triaged,0.0,281369.21700000006,,True,0.0,0.0,0.0,0.0
MID101506,apparel,0,legit,none,0,0.0019509063165898738,,,,False,0,0.0,0.0,not_called,,0,0,NONE,0,,,0,not_triaged,0.0,136676.28733333334,,False,0.0,0.0,0.0,0.0
MID101817,electronics_retail,0,legit,none,0,0.0013673961876710563,,,,False,0,0.0,0.0,not_called,,0,0,NONE,0,,,0,not_triaged,0.0,94764.327,,False,0.0,0.0,0.0,0.0
MID101187,digital_services,0,legit,none,0,0.000773738036352898,,,,False,0,0.0,0.0,not_called,,0,0,NONE,0,,,0,not_triaged,0.0,32950.41533333333,,False,0.0,0.0,0.0,0.0
MID102299,subscription_box,0,legit,none,0,0.0019962472201147524,,,,False,0,0.0,0.0,not_called,,0,0,NONE,0,,,0,not_triaged,0.0,45106.08,,False,0.0,0.0,0.0,0.0
MID100471,skill_gaming,0,legit,none,0,0.00275120604881142,,,,False,0,0.0,0.0,not_called,,0,0,NONE,0,,,0,not_triaged,0.0,146942.77666666667,,True,0.0,0.0,0.0,0.0
MID102669,home_furnishing,0,legit,none,0,0.0017909043421926913,,,,False,0,0.0,0.0,not_called,,0,0,NONE,0,,,0,not_triaged,0.0,87298.37933333333,,True,0.0,0.0,0.0,0.0
MID101584,pharmacy,0,legit,shared_platform,0,0.0007593699700663056,,,,False,0,0.0,0.0,not_called,,0,0,NONE,0,,,0,not_triaged,0.0,66483.07466666667,,False,0.0,0.0,0.0,0.0
MID102642,pharmacy,0,legit,shared_platform,0,0.007667124930638017,,,,False,0,0.0,0.0,not_called,,0,0,NONE,0,,,0,not_triaged,0.0,52077.443333333336,,False,0.0,0.0,0.0,0.0
MID103087,travel_agency,0,legit,none,0,0.00047452319485024214,,,,False,0,0.0,0.0,not_called,,0,0,NONE,0,,,0,not_triaged,0.0,181010.66466666665,,False,0.0,0.0,0.0,0.0
MID100482,subscription_box,0,legit,none,0,0.004344070397428969,,,,False,0,0.0,0.0,not_called,,0,0,NONE,0,,,0,not_triaged,0.0,61233.439666666665,,False,0.0,0.0,0.0,0.0
MID101833,digital_services,0,legit,none,0,0.013150813017161521,,,,False,0,0.0,0.0,not_called,,0,0,NONE,0,,,0,not_triaged,0.0,39689.32366666666,,False,0.0,0.0,0.0,0.0
MID103707,electronics_retail,0,legit,none,0,0.0013231618799063088,,,,False,0,0.0,0.0,not_called,,0,0,NONE,0,,,0,not_triaged,0.0,203476.705,,False,0.0,0.0,0.0,0.0
MID103880,apparel,0,legit,viral_spike,0,0.023261820315656812,,,,False,0,0.0,0.0,not_called,,0,0,NONE,0,,,0,not_triaged,0.0,277646.0473333333,,False,0.0,0.0,0.0,0.0
MID103370,home_furnishing,0,legit,none,0,0.00905564216719781,home_furnishing,0.9674,homepage,False,0,0.0,0.0,not_called,,0,0,NONE,0,,,2,evidence_exhausted,2.2,8790.254666666666,external_signal,False,0.0,0.0,0.0,0.0
MID102553,apparel,0,legit,none,0,0.00114796233463454,,,,False,0,0.0,0.0,not_called,,0,0,NONE,0,,,0,not_triaged,0.0,51738.744333333336,,False,0.0,0.0,0.0,0.0
MID103126,apparel,0,legit,none,0,0.001421254142972181,,,,False,7,0.3996,0.072,not_called,,0,0,NONE,0,,,0,not_triaged,0.0,49426.211333333325,,False,0.0,0.0,0.0,0.0
MID103543,home_furnishing,0,legit,viral_spike,0,0.018913309368563766,,,,False,0,0.0,0.0,not_called,,0,0,NONE,0,,,0,not_triaged,0.0,22123.61866666666,,False,0.0,0.0,0.0,0.0
MID100017,digital_services,1,funnel_ring,none,0,0.353551971194139,crypto_exchange,0.916,checkout,True,6,0.8896,0.632,answered,True,3,3,RESTRICT,4,storefront;infrastructure,infrastructure,4,confidence_threshold_met,4.4,121504.23666666666,telemetry_drift;network_cluster,False,900.0,0.0,0.0,900.0
MID103014,digital_services,0,legit,none,0,0.01211602663027554,,,,False,0,0.0,0.0,not_called,,0,0,NONE,0,,,0,not_triaged,0.0,83172.83799999999,,False,0.0,0.0,0.0,0.0
MID100435,apparel,0,legit,none,0,0.0014769474048865697,,,,False,0,0.0,0.0,not_called,,0,0,NONE,0,,,0,not_triaged,0.0,22512.605666666663,,False,0.0,0.0,0.0,0.0
MID100608,electronics_retail,0,legit,none,0,0.0015224946952052316,,,,False,0,0.0,0.0,not_called,,0,0,NONE,0,,,0,not_triaged,0.0,398642.2536666666,,True,0.0,0.0,0.0,0.0
MID103090,home_furnishing,0,legit,none,0,0.0025409940870712968,,,,False,0,0.0,0.0,not_called,,0,0,NONE,0,,,0,not_triaged,0.0,74705.19933333335,,False,0.0,0.0,0.0,0.0
MID100219,apparel,0,legit,viral_spike,0,0.0011543401603040493,,,,False,0,0.0,0.0,not_called,,0,0,NONE,0,,,0,not_triaged,0.0,32838.396,,False,0.0,0.0,0.0,0.0
MID100834,home_furnishing,0,legit,none,0,0.004334916788043129,,,,False,0,0.0,0.0,not_called,,0,0,NONE,0,,,0,not_triaged,0.0,119146.82633333332,,True,0.0,0.0,0.0,0.0
MID101621,digital_services,0,legit,none,0,0.008590547719843971,,,,False,0,0.0,0.0,not_called,,0,0,NONE,0,,,0,not_triaged,0.0,16810.855333333333,,True,0.0,0.0,0.0,0.0
MID101761,electronics_retail,0,legit,none,0,0.0017234294840247821,,,,False,0,0.0,0.0,not_called,,0,0,NONE,0,,,0,not_triaged,0.0,94153.543,,True,0.0,0.0,0.0,0.0
MID100344,skill_gaming,0,legit,none,0,0.001875511490446732,,,,False,0,0.0,0.0,not_called,,0,0,NONE,0,,,0,not_triaged,0.0,128936.85133333334,,False,0.0,0.0,0.0,0.0
MID102762,skill_gaming,0,legit,none,0,0.004923840980221698,,,,False,0,0.0,0.0,not_called,,0,0,NONE,0,,,0,not_triaged,0.0,175211.98466666666,,False,0.0,0.0,0.0,0.0
MID100100,home_furnishing,1,pivot_prohibited,none,1,0.9882140256017603,sports_betting,0.8985,homepage,True,0,0.0,0.0,answered,True,3,3,RESTRICT,4,telemetry;storefront,telemetry,2,confidence_threshold_met,2.2,35972.731,telemetry_drift,False,900.0,0.0,0.0,900.0
MID102421,home_furnishing,0,legit,none,0,0.0008342715719381996,,,,False,0,0.0,0.0,not_called,,0,0,NONE,0,,,0,not_triaged,0.0,77480.761,,False,0.0,0.0,0.0,0.0
MID103384,apparel,0,legit,price_point_change,0,0.0008597412070726295,,,,False,0,0.0,0.0,not_called,,0,0,NONE,0,,,0,not_triaged,0.0,36914.14566666666,,True,0.0,0.0,0.0,0.0
MID101004,subscription_box,0,legit,shared_platform,0,0.010845836324250431,,,,False,0,0.0,0.0,not_called,,0,0,NONE,0,,,0,not_triaged,0.0,116736.98433333334,,True,0.0,0.0,0.0,0.0
MID100458,apparel,0,legit,none,0,0.0017058548153275831,,,,False,0,0.0,0.0,not_called,,0,0,NONE,0,,,0,not_triaged,0.0,113714.95200000002,,False,0.0,0.0,0.0,0.0
MID100281,electronics_retail,0,legit,none,0,0.0007430590509662593,electronics_retail,0.99,homepage,False,0,0.0,0.0,not_called,,0,0,NONE,0,,,2,evidence_exhausted,2.2,229181.939,high_volume_rotation,False,0.0,0.0,0.0,0.0
MID102629,travel_agency,0,legit,festival_season,0,0.0156686319153226,,,,False,0,0.0,0.0,not_called,,0,0,NONE,0,,,0,not_triaged,0.0,446481.1623333333,,False,0.0,0.0,0.0,0.0
MID103016,electronics_retail,0,legit,none,0,0.002427365966078725,,,,False,0,0.0,0.0,not_called,,0,0,NONE,0,,,0,not_triaged,0.0,60972.696,,True,0.0,0.0,0.0,0.0
MID102120,apparel,0,legit,none,0,0.0009609309604196631,,,,False,0,0.0,0.0,not_called,,0,0,NONE,0,,,0,not_triaged,0.0,134270.50233333334,,False,0.0,0.0,0.0,0.0
MID100930,digital_services,0,legit,none,0,0.0015306025895901372,,,,False,0,0.0,0.0,not_called,,0,0,NONE,0,,,0,not_triaged,0.0,50160.674666666666,,False,0.0,0.0,0.0,0.0
MID103184,pharmacy,0,legit,none,0,0.0031686062629770638,,,,False,0,0.0,0.0,not_called,,0,0,NONE,0,,,0,not_triaged,0.0,107062.669,,True,0.0,0.0,0.0,0.0
MID100174,electronics_retail,0,legit,none,0,0.001155446704470528,,,,False,0,0.0,0.0,not_called,,0,0,NONE,0,,,0,not_triaged,0.0,56512.28333333333,,False,0.0,0.0,0.0,0.0
MID102977,home_furnishing,0,legit,none,0,0.0006899804235144306,,,,False,0,0.0,0.0,not_called,,0,0,NONE,0,,,0,not_triaged,0.0,54394.310333333335,,False,0.0,0.0,0.0,0.0
MID103827,home_furnishing,0,legit,none,0,0.0019300877145075627,,,,False,0,0.0,0.0,not_called,,0,0,NONE,0,,,0,not_triaged,0.0,90132.099,,False,0.0,0.0,0.0,0.0
MID103942,apparel,0,legit,price_point_change,0,0.001294250322760877,,,,False,0,0.0,0.0,not_called,,0,0,NONE,0,,,0,not_triaged,0.0,114774.9,,True,0.0,0.0,0.0,0.0
MID100891,digital_services,0,legit,price_point_change,0,0.0011227803566310045,,,,False,0,0.0,0.0,not_called,,0,0,NONE,0,,,0,not_triaged,0.0,31111.337,,False,0.0,0.0,0.0,0.0
MID100582,electronics_retail,0,legit,none,0,0.0011952569879385532,,,,False,11,0.4123,0.164,not_called,,0,0,NONE,0,,,0,not_triaged,0.0,173012.75833333333,,False,0.0,0.0,0.0,0.0
MID100358,travel_agency,0,legit,none,0,0.0012122541625010543,,,,False,0,0.0,0.0,not_called,,0,0,NONE,0,,,0,not_triaged,0.0,159040.89833333337,,True,0.0,0.0,0.0,0.0
MID102606,home_furnishing,0,legit,festival_season,0,0.029358818570059855,,,,False,0,0.0,0.0,not_called,,0,0,NONE,0,,,0,not_triaged,0.0,152408.38966666666,,False,0.0,0.0,0.0,0.0
MID100653,skill_gaming,0,legit,none,0,0.018123145540731977,,,,False,0,0.0,0.0,not_called,,0,0,NONE,0,,,0,not_triaged,0.0,58990.53133333333,,True,0.0,0.0,0.0,0.0
MID102094,electronics_retail,0,legit,none,0,0.0016456283337852329,electronics_retail,0.9664,homepage,False,0,0.0,0.0,not_called,,0,0,NONE,0,,,2,evidence_exhausted,2.2,40462.814333333336,high_volume_rotation,False,0.0,0.0,0.0,0.0
MID102360,home_furnishing,0,legit,viral_spike,0,0.001589826252215371,,,,False,0,0.0,0.0,not_called,,0,0,NONE,0,,,0,not_triaged,0.0,74122.51766666668,,False,0.0,0.0,0.0,0.0
MID100793,home_furnishing,0,legit,none,0,0.012091196707249419,,,,False,0,0.0,0.0,not_called,,0,0,NONE,0,,,0,not_triaged,0.0,103789.614,,True,0.0,0.0,0.0,0.0
MID101192,travel_agency,0,legit,none,0,0.0027507890384746783,,,,False,0,0.0,0.0,not_called,,0,0,NONE,0,,,0,not_triaged,0.0,167471.458,,False,0.0,0.0,0.0,0.0
MID101329,home_furnishing,0,legit,festival_season,0,0.0028958559769874576,,,,False,0,0.0,0.0,not_called,,0,0,NONE,0,,,0,not_triaged,0.0,103431.11366666669,,False,0.0,0.0,0.0,0.0
MID100839,pharmacy,0,legit,none,0,0.003536211007670398,,,,False,0,0.0,0.0,not_called,,0,0,NONE,0,,,0,not_triaged,0.0,76794.93566666667,,False,0.0,0.0,0.0,0.0
MID101105,pharmacy,0,legit,none,0,0.009796310923213203,,,,False,0,0.0,0.0,not_called,,0,0,NONE,0,,,0,not_triaged,0.0,29593.91733333333,,False,0.0,0.0,0.0,0.0
MID102907,pharmacy,0,legit,none,0,0.001668653369449399,,,,False,0,0.0,0.0,not_called,,0,0,NONE,0,,,0,not_triaged,0.0,54489.43433333335,,True,0.0,0.0,0.0,0.0
MID101963,electronics_retail,0,legit,none,0,0.0027607836878712055,,,,False,0,0.0,0.0,not_called,,0,0,NONE,0,,,0,not_triaged,0.0,85699.48700000001,,False,0.0,0.0,0.0,0.0
MID100672,skill_gaming,0,legit,none,0,0.001582477351694718,,,,False,0,0.0,0.0,not_called,,0,0,NONE,0,,,0,not_triaged,0.0,292562.20766666665,,False,0.0,0.0,0.0,0.0
MID100918,skill_gaming,0,legit,none,0,0.0009141903134821353,,,,False,0,0.0,0.0,not_called,,0,0,NONE,0,,,0,not_triaged,0.0,78588.28133333333,,True,0.0,0.0,0.0,0.0
MID100732,subscription_box,0,legit,none,0,0.0019511053453142339,,,,False,0,0.0,0.0,not_called,,0,0,NONE,0,,,0,not_triaged,0.0,120352.039,,False,0.0,0.0,0.0,0.0
MID100369,apparel,0,legit,none,0,0.007776083396172512,,,,False,0,0.0,0.0,not_called,,0,0,NONE,0,,,0,not_triaged,0.0,65323.76633333333,,False,0.0,0.0,0.0,0.0
MID101016,pharmacy,0,legit,none,0,0.021028795593647794,,,,False,0,0.0,0.0,not_called,,0,0,NONE,0,,,0,not_triaged,0.0,33440.76466666667,,False,0.0,0.0,0.0,0.0
MID102936,pharmacy,0,legit,none,0,0.0013711534369925539,,,,False,0,0.0,0.0,not_called,,0,0,NONE,0,,,0,not_triaged,0.0,48670.403,,False,0.0,0.0,0.0,0.0
MID100286,electronics_retail,0,legit,festival_season,0,0.05008374468194889,,,,False,0,0.0,0.0,not_called,,0,0,NONE,0,,,0,not_triaged,0.0,114842.20633333334,,False,0.0,0.0,0.0,0.0
MID101667,apparel,0,legit,viral_spike,0,0.012514220764088596,,,,False,0,0.0,0.0,not_called,,0,0,NONE,0,,,0,not_triaged,0.0,77599.94900000001,,True,0.0,0.0,0.0,0.0
MID102314,skill_gaming,0,legit,none,0,0.0047409258117396425,,,,False,0,0.0,0.0,not_called,,0,0,NONE,0,,,0,not_triaged,0.0,90551.76733333332,,False,0.0,0.0,0.0,0.0
MID101409,apparel,0,legit,price_point_change,0,0.0021256451443299167,,,,False,0,0.0,0.0,not_called,,0,0,NONE,0,,,0,not_triaged,0.0,22968.052333333337,,False,0.0,0.0,0.0,0.0
MID100884,travel_agency,0,legit,none,0,0.028455429832540197,,,,False,0,0.0,0.0,not_called,,0,0,NONE,0,,,0,not_triaged,0.0,140117.679,,False,0.0,0.0,0.0,0.0
MID103391,skill_gaming,0,legit,none,0,0.002947437984650357,,,,False,0,0.0,0.0,not_called,,0,0,NONE,0,,,0,not_triaged,0.0,73816.81666666667,,False,0.0,0.0,0.0,0.0
MID103798,skill_gaming,0,legit,none,0,0.001176680238932367,,,,False,0,0.0,0.0,not_called,,0,0,NONE,0,,,0,not_triaged,0.0,282023.7473333333,,False,0.0,0.0,0.0,0.0
MID101836,electronics_retail,0,legit,none,0,0.01800417239152762,,,,False,0,0.0,0.0,not_called,,0,0,NONE,0,,,0,not_triaged,0.0,92044.054,,False,0.0,0.0,0.0,0.0
MID102560,pharmacy,0,legit,shared_platform,0,0.0007594196795464307,,,,False,0,0.0,0.0,not_called,,0,0,NONE,0,,,0,not_triaged,0.0,59387.833333333336,,False,0.0,0.0,0.0,0.0
MID100940,skill_gaming,0,legit,none,0,0.0011131053971058554,,,,False,0,0.0,0.0,not_called,,0,0,NONE,0,,,0,not_triaged,0.0,757369.9456666666,,True,0.0,0.0,0.0,0.0
MID103887,home_furnishing,0,legit,none,0,0.001510452601325162,,,,False,0,0.0,0.0,not_called,,0,0,NONE,0,,,0,not_triaged,0.0,52764.156,,False,0.0,0.0,0.0,0.0
MID102886,digital_services,0,legit,none,0,0.0015464079718784708,,,,False,0,0.0,0.0,not_called,,0,0,NONE,0,,,0,not_triaged,0.0,31890.20533333333,,False,0.0,0.0,0.0,0.0
MID101831,subscription_box,0,legit,none,0,0.0029796451624830543,,,,False,0,0.0,0.0,not_called,,0,0,NONE,0,,,0,not_triaged,0.0,44029.08066666666,,True,0.0,0.0,0.0,0.0
MID100990,apparel,0,legit,none,0,0.002536464782692313,,,,False,0,0.0,0.0,not_called,,0,0,NONE,0,,,0,not_triaged,0.0,48438.24733333334,,False,0.0,0.0,0.0,0.0
MID100577,home_furnishing,0,legit,none,0,0.009811622541819278,,,,False,0,0.0,0.0,not_called,,0,0,NONE,0,,,0,not_triaged,0.0,62135.49933333333,,False,0.0,0.0,0.0,0.0
MID100917,home_furnishing,0,legit,none,0,0.02755195003286098,,,,False,0,0.0,0.0,not_called,,0,0,NONE,0,,,0,not_triaged,0.0,12124.445333333337,,False,0.0,0.0,0.0,0.0
MID102267,travel_agency,0,legit,festival_season,0,0.010116121909966002,,,,False,0,0.0,0.0,not_called,,0,0,NONE,0,,,0,not_triaged,0.0,172003.85633333333,,False,0.0,0.0,0.0,0.0
MID103654,digital_services,0,legit,price_point_change,0,0.0006525497633671284,,,,False,8,0.3913,0.059,not_called,,0,0,NONE,0,,,0,not_triaged,0.0,73327.49333333333,,False,0.0,0.0,0.0,0.0
MID102695,electronics_retail,0,legit,none,0,0.005907141454091225,,,,False,0,0.0,0.0,not_called,,0,0,NONE,0,,,0,not_triaged,0.0,103513.13733333332,,False,0.0,0.0,0.0,0.0
MID100481,digital_services,0,legit,none,0,0.0020677392438823434,,,,False,0,0.0,0.0,not_called,,0,0,NONE,0,,,0,not_triaged,0.0,34298.323333333334,,False,0.0,0.0,0.0,0.0
MID103994,home_furnishing,0,legit,none,0,0.0006877131879873358,,,,False,0,0.0,0.0,not_called,,0,0,NONE,0,,,0,not_triaged,0.0,53551.579000000005,,True,0.0,0.0,0.0,0.0
MID100849,digital_services,0,legit,price_point_change,0,0.002081085140127069,,,,False,0,0.0,0.0,not_called,,0,0,NONE,0,,,0,not_triaged,0.0,23764.581,,True,0.0,0.0,0.0,0.0
MID103365,digital_services,0,legit,none,0,0.003601310533537184,,,,False,0,0.0,0.0,not_called,,0,0,NONE,0,,,0,not_triaged,0.0,151859.216,,False,0.0,0.0,0.0,0.0
MID103228,apparel,0,legit,none,0,0.0009833940009925833,,,,False,0,0.0,0.0,not_called,,0,0,NONE,0,,,0,not_triaged,0.0,39462.035333333326,,True,0.0,0.0,0.0,0.0
MID103984,apparel,0,legit,none,0,0.0024655415309497476,,,,False,0,0.0,0.0,not_called,,0,0,NONE,0,,,0,not_triaged,0.0,48015.25066666667,,False,0.0,0.0,0.0,0.0
MID101899,digital_services,0,legit,none,0,0.0007205036049527571,,,,False,0,0.0,0.0,not_called,,0,0,NONE,0,,,0,not_triaged,0.0,25370.54533333333,,True,0.0,0.0,0.0,0.0
MID101189,home_furnishing,0,legit,none,0,0.002149162587517054,,,,False,0,0.0,0.0,not_called,,0,0,NONE,0,,,0,not_triaged,0.0,48212.96633333333,,False,0.0,0.0,0.0,0.0
MID101881,apparel,0,legit,viral_spike,0,0.013731958078635358,,,,False,0,0.0,0.0,not_called,,0,0,NONE,0,,,0,not_triaged,0.0,43791.125,,False,0.0,0.0,0.0,0.0
MID101612,apparel,0,legit,festival_season,0,0.004810710983787599,,,,False,0,0.0,0.0,not_called,,0,0,NONE,0,,,0,not_triaged,0.0,168454.36499999996,,True,0.0,0.0,0.0,0.0
MID100879,apparel,0,legit,viral_spike,0,0.01586549581821889,,,,False,0,0.0,0.0,not_called,,0,0,NONE,0,,,0,not_triaged,0.0,123500.376,,False,0.0,0.0,0.0,0.0
MID103637,apparel,0,legit,none,0,0.0031432582040020396,,,,False,0,0.0,0.0,not_called,,0,0,NONE,0,,,0,not_triaged,0.0,50234.481666666674,,False,0.0,0.0,0.0,0.0
MID102963,home_furnishing,0,legit,viral_spike,0,0.007102573864894045,,,,False,0,0.0,0.0,not_called,,0,0,NONE,0,,,0,not_triaged,0.0,154165.06600000002,,False,0.0,0.0,0.0,0.0
MID101011,home_furnishing,0,legit,none,0,0.004585309006567284,,,,False,0,0.0,0.0,not_called,,0,0,NONE,0,,,0,not_triaged,0.0,36116.21433333333,,False,0.0,0.0,0.0,0.0
MID101043,apparel,0,legit,none,0,0.0014927127871029984,,,,False,0,0.0,0.0,not_called,,0,0,NONE,0,,,0,not_triaged,0.0,323683.3483333333,,False,0.0,0.0,0.0,0.0
MID101338,subscription_box,0,legit,none,0,0.0016045247807710285,,,,False,11,0.4176,0.182,not_called,,0,0,NONE,0,,,0,not_triaged,0.0,17316.427666666666,,False,0.0,0.0,0.0,0.0
MID100686,apparel,0,legit,viral_spike,0,0.0002424379544451349,,,,False,0,0.0,0.0,not_called,,0,0,NONE,0,,,0,not_triaged,0.0,72729.77266666667,,True,0.0,0.0,0.0,0.0
MID100370,skill_gaming,0,legit,none,0,0.0009394175270218727,,,,False,0,0.0,0.0,not_called,,0,0,NONE,0,,,0,not_triaged,0.0,140401.00933333335,,True,0.0,0.0,0.0,0.0
MID101635,subscription_box,0,legit,none,0,0.0010128049038942812,,,,False,0,0.0,0.0,not_called,,0,0,NONE,0,,,0,not_triaged,0.0,65064.17133333333,,True,0.0,0.0,0.0,0.0
MID102402,home_furnishing,0,legit,viral_spike,0,0.005941297767417715,,,,False,7,0.4052,0.091,not_called,,0,0,NONE,0,,,0,not_triaged,0.0,51050.83033333334,,True,0.0,0.0,0.0,0.0
MID103915,home_furnishing,0,legit,viral_spike,0,0.00044601960113662206,,,,False,0,0.0,0.0,not_called,,0,0,NONE,0,,,0,not_triaged,0.0,22984.730666666663,,False,0.0,0.0,0.0,0.0
MID102433,subscription_box,0,legit,none,0,0.002040897460507079,,,,False,0,0.0,0.0,not_called,,0,0,NONE,0,,,0,not_triaged,0.0,66779.97800000002,,False,0.0,0.0,0.0,0.0
MID101410,digital_services,0,legit,none,0,0.0010778540452856117,,,,False,0,0.0,0.0,not_called,,0,0,NONE,0,,,0,not_triaged,0.0,95380.12366666668,,False,0.0,0.0,0.0,0.0
MID103645,home_furnishing,0,legit,viral_spike,0,0.0007581179635763978,,,,False,6,0.363,0.109,not_called,,0,0,NONE,0,,,0,not_triaged,0.0,113552.99733333332,,False,0.0,0.0,0.0,0.0
MID101969,electronics_retail,0,legit,viral_spike,0,0.007500948275786187,,,,False,0,0.0,0.0,not_called,,0,0,NONE,0,,,0,not_triaged,0.0,243796.27233333336,,False,0.0,0.0,0.0,0.0
MID102787,skill_gaming,0,legit,none,0,0.003047216759745105,,,,False,0,0.0,0.0,not_called,,0,0,NONE,0,,,0,not_triaged,0.0,601426.8609999999,,False,0.0,0.0,0.0,0.0
MID101696,digital_services,0,legit,price_point_change,0,0.0008890522462163685,,,,False,0,0.0,0.0,not_called,,0,0,NONE,0,,,0,not_triaged,0.0,15892.284333333337,,False,0.0,0.0,0.0,0.0
MID103840,electronics_retail,0,legit,none,0,0.0012432693422502555,,,,False,0,0.0,0.0,not_called,,0,0,NONE,0,,,0,not_triaged,0.0,174232.02833333332,,False,0.0,0.0,0.0,0.0
MID103558,digital_services,0,legit,shared_platform,0,0.0065240593172620105,,,,False,0,0.0,0.0,not_called,,0,0,NONE,0,,,0,not_triaged,0.0,139627.49533333335,,True,0.0,0.0,0.0,0.0
MID102625,electronics_retail,0,legit,viral_spike,0,0.014046701460992872,,,,False,0,0.0,0.0,not_called,,0,0,NONE,0,,,0,not_triaged,0.0,433002.447,,True,0.0,0.0,0.0,0.0
MID100053,apparel,1,pivot_prohibited,none,1,0.9982750147802825,sports_betting,0.9262,homepage,True,0,0.0,0.0,no_answer,,2,2,RESTRICT,4,telemetry;storefront,telemetry,2,confidence_threshold_met,2.2,53606.04766666667,telemetry_drift,False,900.0,0.0,0.0,900.0
MID101263,electronics_retail,0,legit,festival_season,0,0.06428288191140462,,,,False,0,0.0,0.0,not_called,,0,0,NONE,0,,,0,not_triaged,0.0,224185.186,,False,0.0,0.0,0.0,0.0
MID103129,home_furnishing,0,legit,none,0,0.0015683600353357504,,,,False,0,0.0,0.0,not_called,,0,0,NONE,0,,,0,not_triaged,0.0,122144.48966666668,,True,0.0,0.0,0.0,0.0
MID102322,apparel,0,legit,none,0,0.0019011316749974773,,,,False,0,0.0,0.0,not_called,,0,0,NONE,0,,,0,not_triaged,0.0,95526.44033333332,,False,0.0,0.0,0.0,0.0
MID101648,digital_services,0,legit,price_point_change,0,0.010310267152890585,,,,False,0,0.0,0.0,not_called,,0,0,NONE,0,,,0,not_triaged,0.0,9329.409666666666,,False,0.0,0.0,0.0,0.0
MID101780,digital_services,0,legit,price_point_change,0,0.0011187156319435153,,,,False,0,0.0,0.0,not_called,,0,0,NONE,0,,,0,not_triaged,0.0,65793.46800000001,,False,0.0,0.0,0.0,0.0
MID103198,home_furnishing,0,legit,none,0,0.011350620733246108,,,,False,0,0.0,0.0,not_called,,0,0,NONE,0,,,0,not_triaged,0.0,62671.82366666666,,False,0.0,0.0,0.0,0.0
MID101373,travel_agency,0,legit,none,0,0.011551539144247672,travel_agency,0.9519,homepage,False,0,0.0,0.0,not_called,,0,0,NONE,0,,,2,evidence_exhausted,2.2,414897.3760000001,external_signal,False,0.0,0.0,0.0,0.0
MID103757,home_furnishing,0,legit,none,0,0.007980874051783384,,,,False,6,0.363,0.109,not_called,,0,0,NONE,0,,,0,not_triaged,0.0,37498.872,,False,0.0,0.0,0.0,0.0
MID102289,apparel,0,legit,none,0,0.0011120132470911715,,,,False,0,0.0,0.0,not_called,,0,0,NONE,0,,,0,not_triaged,0.0,88413.31366666667,,False,0.0,0.0,0.0,0.0
MID102107,digital_services,0,legit,price_point_change,0,0.0009334827849833528,,,,False,0,0.0,0.0,not_called,,0,0,NONE,0,,,0,not_triaged,0.0,44404.223666666665,,False,0.0,0.0,0.0,0.0
MID102622,subscription_box,0,legit,viral_spike,0,0.0023272307741845103,,,,False,0,0.0,0.0,not_called,,0,0,NONE,0,,,0,not_triaged,0.0,383348.582,,True,0.0,0.0,0.0,0.0
MID102005,electronics_retail,0,legit,viral_spike,0,0.005248748211963008,,,,False,0,0.0,0.0,not_called,,0,0,NONE,0,,,0,not_triaged,0.0,1410216.0680000002,,False,0.0,0.0,0.0,0.0
MID101023,digital_services,0,legit,none,0,0.015637254543589718,,,,False,0,0.0,0.0,not_called,,0,0,NONE,0,,,0,not_triaged,0.0,80782.79933333334,,False,0.0,0.0,0.0,0.0
MID102461,pharmacy,0,legit,none,0,0.0005309834012582421,,,,False,0,0.0,0.0,not_called,,0,0,NONE,0,,,0,not_triaged,0.0,50382.115,,True,0.0,0.0,0.0,0.0
MID103163,apparel,0,legit,viral_spike,0,0.007681132535078187,,,,False,0,0.0,0.0,not_called,,0,0,NONE,0,,,0,not_triaged,0.0,52257.08033333333,,False,0.0,0.0,0.0,0.0
MID102808,apparel,0,legit,festival_season,0,0.05767500703577952,,,,False,0,0.0,0.0,not_called,,0,0,NONE,0,,,0,not_triaged,0.0,237338.26000000004,,False,0.0,0.0,0.0,0.0
MID101205,digital_services,0,legit,none,0,0.010558253598366193,,,,False,0,0.0,0.0,not_called,,0,0,NONE,0,,,0,not_triaged,0.0,74892.11066666667,,False,0.0,0.0,0.0,0.0
MID101991,apparel,0,legit,none,0,0.002319453818205058,,,,False,0,0.0,0.0,not_called,,0,0,NONE,0,,,0,not_triaged,0.0,65357.524,,False,0.0,0.0,0.0,0.0
MID101081,home_furnishing,0,legit,festival_season,0,0.012085863430126043,,,,False,0,0.0,0.0,not_called,,0,0,NONE,0,,,0,not_triaged,0.0,302904.83166666667,,True,0.0,0.0,0.0,0.0
MID102393,apparel,0,legit,none,0,0.0032159484005362267,,,,False,0,0.0,0.0,not_called,,0,0,NONE,0,,,0,not_triaged,0.0,112534.56666666668,,False,0.0,0.0,0.0,0.0
MID101088,apparel,0,legit,none,0,0.0008323768037476667,,,,False,0,0.0,0.0,not_called,,0,0,NONE,0,,,0,not_triaged,0.0,61631.952000000005,,True,0.0,0.0,0.0,0.0
MID101653,electronics_retail,0,legit,festival_season,0,0.008387325751832425,,,,False,0,0.0,0.0,not_called,,0,0,NONE,0,,,0,not_triaged,0.0,427487.00666666665,,False,0.0,0.0,0.0,0.0
MID101418,apparel,0,legit,none,0,0.01988104071928262,,,,False,0,0.0,0.0,not_called,,0,0,NONE,0,,,0,not_triaged,0.0,60118.86699999999,,False,0.0,0.0,0.0,0.0
MID100145,apparel,0,legit,none,0,0.0021114684268154237,,,,False,0,0.0,0.0,not_called,,0,0,NONE,0,,,0,not_triaged,0.0,60715.458333333336,,False,0.0,0.0,0.0,0.0
MID102633,travel_agency,0,legit,none,0,0.001068394819354782,,,,False,0,0.0,0.0,not_called,,0,0,NONE,0,,,0,not_triaged,0.0,102773.85133333334,,True,0.0,0.0,0.0,0.0
MID103076,home_furnishing,0,legit,none,0,0.035945665961784314,,,,False,0,0.0,0.0,not_called,,0,0,NONE,0,,,0,not_triaged,0.0,56191.677333333326,,False,0.0,0.0,0.0,0.0
MID102556,digital_services,0,legit,none,0,0.00994350074945834,digital_services,0.9394,homepage,False,0,0.0,0.0,not_called,,0,0,NONE,0,,,2,evidence_exhausted,2.2,89344.254,external_signal,False,0.0,0.0,0.0,0.0
MID100565,apparel,0,legit,none,0,0.0025829969064907004,,,,False,0,0.0,0.0,not_called,,0,0,NONE,0,,,0,not_triaged,0.0,72232.99166666667,,True,0.0,0.0,0.0,0.0
MID100578,digital_services,0,legit,price_point_change,0,0.0031530721945787128,,,,False,0,0.0,0.0,not_called,,0,0,NONE,0,,,0,not_triaged,0.0,68499.37233333333,,False,0.0,0.0,0.0,0.0
MID102797,apparel,0,legit,none,0,0.0006275046909280633,,,,False,0,0.0,0.0,not_called,,0,0,NONE,0,,,0,not_triaged,0.0,36707.77766666667,,False,0.0,0.0,0.0,0.0
MID101820,home_furnishing,0,legit,none,0,0.01582704111439189,,,,False,0,0.0,0.0,not_called,,0,0,NONE,0,,,0,not_triaged,0.0,96087.74266666666,,False,0.0,0.0,0.0,0.0
MID102335,subscription_box,0,legit,shared_platform,0,0.003266068921036103,,,,False,0,0.0,0.0,not_called,,0,0,NONE,0,,,0,not_triaged,0.0,64543.13866666666,,True,0.0,0.0,0.0,0.0
MID103741,skill_gaming,0,legit,none,0,0.07612666320997463,,,,False,0,0.0,0.0,not_called,,0,0,NONE,0,,,0,not_triaged,0.0,22837.36633333333,,True,0.0,0.0,0.0,0.0
MID102354,apparel,0,legit,none,0,0.0019085333401074015,,,,False,0,0.0,0.0,not_called,,0,0,NONE,0,,,0,not_triaged,0.0,102263.96533333333,,False,0.0,0.0,0.0,0.0
MID101113,skill_gaming,0,legit,none,0,0.001222897806036505,,,,False,0,0.0,0.0,not_called,,0,0,NONE,0,,,0,not_triaged,0.0,120486.17933333332,,False,0.0,0.0,0.0,0.0
MID100238,home_furnishing,0,legit,none,0,0.055036126159339574,home_furnishing,0.8975,homepage,False,0,0.0,0.0,not_called,,0,0,NONE,0,,,2,evidence_exhausted,2.2,25672.023666666664,external_signal,False,0.0,0.0,0.0,0.0
MID101108,travel_agency,0,legit,none,0,0.0024643465506521494,,,,False,0,0.0,0.0,not_called,,0,0,NONE,0,,,0,not_triaged,0.0,43304.17166666666,,True,0.0,0.0,0.0,0.0
MID102294,digital_services,0,legit,none,0,0.017241046281056188,,,,False,0,0.0,0.0,not_called,,0,0,NONE,0,,,0,not_triaged,0.0,35506.200666666664,,False,0.0,0.0,0.0,0.0
MID101646,electronics_retail,0,legit,none,0,0.0013923670261419415,,,,False,0,0.0,0.0,not_called,,0,0,NONE,0,,,0,not_triaged,0.0,69840.86333333333,,True,0.0,0.0,0.0,0.0
MID103753,subscription_box,0,legit,none,0,0.01030643280458053,,,,False,0,0.0,0.0,not_called,,0,0,NONE,0,,,0,not_triaged,0.0,213418.8873333333,,False,0.0,0.0,0.0,0.0
MID102148,electronics_retail,0,legit,festival_season,0,0.002934149785745004,,,,False,0,0.0,0.0,not_called,,0,0,NONE,0,,,0,not_triaged,0.0,232133.21733333336,,True,0.0,0.0,0.0,0.0
MID103075,electronics_retail,0,legit,viral_spike,0,0.0024406044681269915,,,,False,0,0.0,0.0,not_called,,0,0,NONE,0,,,0,not_triaged,0.0,461611.93,,False,0.0,0.0,0.0,0.0
MID102225,pharmacy,0,legit,none,0,0.0008505249975523189,,,,False,0,0.0,0.0,not_called,,0,0,NONE,0,,,0,not_triaged,0.0,33607.776999999995,,False,0.0,0.0,0.0,0.0
MID103744,apparel,0,legit,none,0,0.0010237015665117476,,,,False,0,0.0,0.0,not_called,,0,0,NONE,0,,,0,not_triaged,0.0,99659.034,,False,0.0,0.0,0.0,0.0
MID102170,apparel,0,legit,none,0,0.001278632538343218,,,,False,0,0.0,0.0,not_called,,0,0,NONE,0,,,0,not_triaged,0.0,27938.627,,False,0.0,0.0,0.0,0.0
MID102111,digital_services,0,legit,none,0,0.018805919781607547,,,,False,0,0.0,0.0,not_called,,0,0,NONE,0,,,0,not_triaged,0.0,100931.498,,True,0.0,0.0,0.0,0.0
MID100924,pharmacy,0,legit,none,0,0.012116415364716169,,,,False,0,0.0,0.0,not_called,,0,0,NONE,0,,,0,not_triaged,0.0,44903.10666666667,,False,0.0,0.0,0.0,0.0
MID100377,electronics_retail,0,legit,none,0,0.0014805445588698429,,,,False,0,0.0,0.0,not_called,,0,0,NONE,0,,,0,not_triaged,0.0,52058.27333333333,,True,0.0,0.0,0.0,0.0
MID100941,electronics_retail,0,legit,none,0,0.0033016288369767184,,,,False,0,0.0,0.0,not_called,,0,0,NONE,0,,,0,not_triaged,0.0,55795.422333333336,,True,0.0,0.0,0.0,0.0
MID102465,electronics_retail,0,legit,viral_spike,0,0.0007162948088209468,,,,False,0,0.0,0.0,not_called,,0,0,NONE,0,,,0,not_triaged,0.0,226381.084,,False,0.0,0.0,0.0,0.0
MID103988,electronics_retail,0,legit,festival_season,0,0.003876110082876109,,,,False,0,0.0,0.0,not_called,,0,0,NONE,0,,,0,not_triaged,0.0,3969053.6243333337,,False,0.0,0.0,0.0,0.0
MID103347,electronics_retail,0,legit,none,0,0.0005139248625267302,,,,False,0,0.0,0.0,not_called,,0,0,NONE,0,,,0,not_triaged,0.0,76068.02766666668,,True,0.0,0.0,0.0,0.0
MID102237,digital_services,0,legit,none,0,0.002770520789462593,,,,False,0,0.0,0.0,not_called,,0,0,NONE,0,,,0,not_triaged,0.0,104566.438,,False,0.0,0.0,0.0,0.0
MID102725,pharmacy,0,legit,none,0,0.004571364211990893,pharmacy,0.9379,homepage,False,0,0.0,0.0,not_called,,0,0,NONE,0,,,2,evidence_exhausted,2.2,33073.848666666665,external_signal,False,0.0,0.0,0.0,0.0
MID101453,electronics_retail,0,legit,none,0,0.0015108319228466238,,,,False,0,0.0,0.0,not_called,,0,0,NONE,0,,,0,not_triaged,0.0,179304.30400000003,,False,0.0,0.0,0.0,0.0
MID102545,electronics_retail,0,legit,none,0,0.0015145566688783674,,,,False,0,0.0,0.0,not_called,,0,0,NONE,0,,,0,not_triaged,0.0,93950.11,,False,0.0,0.0,0.0,0.0
MID101502,travel_agency,0,legit,festival_season,0,0.0022772079024491435,,,,False,0,0.0,0.0,not_called,,0,0,NONE,0,,,0,not_triaged,0.0,261680.67,,False,0.0,0.0,0.0,0.0
MID100888,skill_gaming,0,legit,none,0,0.0018328681609042648,,,,False,0,0.0,0.0,not_called,,0,0,NONE,0,,,0,not_triaged,0.0,143332.91033333336,,False,0.0,0.0,0.0,0.0
MID102460,skill_gaming,0,legit,none,0,0.0014094767045398256,,,,False,0,0.0,0.0,not_called,,0,0,NONE,0,,,0,not_triaged,0.0,158179.48733333332,,False,0.0,0.0,0.0,0.0
MID102853,skill_gaming,0,legit,none,0,0.0008673276648706884,,,,False,0,0.0,0.0,not_called,,0,0,NONE,0,,,0,not_triaged,0.0,141527.82066666667,,False,0.0,0.0,0.0,0.0
MID103317,apparel,0,legit,none,0,0.0010271670328284345,,,,False,0,0.0,0.0,not_called,,0,0,NONE,0,,,0,not_triaged,0.0,56730.65166666666,,False,0.0,0.0,0.0,0.0
MID103001,home_furnishing,0,legit,festival_season,0,0.033385147924102986,,,,False,0,0.0,0.0,not_called,,0,0,NONE,0,,,0,not_triaged,0.0,63020.95366666666,,False,0.0,0.0,0.0,0.0
MID100569,home_furnishing,0,legit,none,0,0.006736328221849564,,,,False,0,0.0,0.0,not_called,,0,0,NONE,0,,,0,not_triaged,0.0,23217.864000000005,,False,0.0,0.0,0.0,0.0
MID101703,home_furnishing,0,legit,none,0,0.0006203038645863911,,,,False,0,0.0,0.0,not_called,,0,0,NONE,0,,,0,not_triaged,0.0,45400.13,,False,0.0,0.0,0.0,0.0
MID101932,apparel,0,legit,none,0,0.0008916680855583924,,,,False,0,0.0,0.0,not_called,,0,0,NONE,0,,,0,not_triaged,0.0,109939.74633333331,,False,0.0,0.0,0.0,0.0
MID100833,home_furnishing,0,legit,none,0,0.003174037462576761,,,,False,0,0.0,0.0,not_called,,0,0,NONE,0,,,0,not_triaged,0.0,133325.82133333333,,False,0.0,0.0,0.0,0.0
MID103376,apparel,0,legit,none,0,0.000793554167004209,,,,False,0,0.0,0.0,not_called,,0,0,NONE,0,,,0,not_triaged,0.0,37723.41933333334,,False,0.0,0.0,0.0,0.0
MID103591,apparel,0,legit,none,0,0.0038547500070625082,,,,False,0,0.0,0.0,not_called,,0,0,NONE,0,,,0,not_triaged,0.0,46370.596,,False,0.0,0.0,0.0,0.0
MID102053,apparel,0,legit,none,0,0.0011754406528426179,,,,False,0,0.0,0.0,not_called,,0,0,NONE,0,,,0,not_triaged,0.0,130530.28666666668,,False,0.0,0.0,0.0,0.0
MID103047,digital_services,0,legit,none,0,0.002710210261786832,,,,False,0,0.0,0.0,not_called,,0,0,NONE,0,,,0,not_triaged,0.0,29594.24533333333,,False,0.0,0.0,0.0,0.0
MID102684,skill_gaming,0,legit,none,0,0.0009253620647176328,,,,False,0,0.0,0.0,not_called,,0,0,NONE,0,,,0,not_triaged,0.0,116206.603,,False,0.0,0.0,0.0,0.0
MID100066,travel_agency,1,rented_account,none,1,0.9867253478097074,unlicensed_lending,0.9704,checkout,False,0,0.0,0.0,answered,True,3,3,RESTRICT,4,telemetry;storefront;scripts,telemetry,4,confidence_threshold_met,4.4,229753.37466666667,telemetry_drift,True,900.0,0.0,0.0,900.0
MID102488,apparel,0,legit,none,0,0.0013878384996653394,,,,False,0,0.0,0.0,not_called,,0,0,NONE,0,,,0,not_triaged,0.0,57838.475666666665,,True,0.0,0.0,0.0,0.0
MID100293,travel_agency,0,legit,none,0,0.0014472497824090122,,,,False,0,0.0,0.0,not_called,,0,0,NONE,0,,,0,not_triaged,0.0,48840.68233333333,,False,0.0,0.0,0.0,0.0
MID103845,travel_agency,0,legit,festival_season,0,0.0013422455835114123,,,,False,11,0.4123,0.164,not_called,,0,0,NONE,0,,,0,not_triaged,0.0,1224827.011,,False,0.0,0.0,0.0,0.0
MID100195,digital_services,0,legit,none,0,0.0036074616130127956,,,,False,0,0.0,0.0,not_called,,0,0,NONE,0,,,0,not_triaged,0.0,23963.426,,False,0.0,0.0,0.0,0.0
MID101246,travel_agency,0,legit,none,0,0.0019499106034167753,,,,False,0,0.0,0.0,not_called,,0,0,NONE,0,,,0,not_triaged,0.0,132125.17766666666,,False,0.0,0.0,0.0,0.0
MID100366,pharmacy,0,legit,none,0,0.0005910630370727681,,,,False,0,0.0,0.0,not_called,,0,0,NONE,0,,,0,not_triaged,0.0,49799.82533333333,,False,0.0,0.0,0.0,0.0
MID103095,pharmacy,0,legit,none,0,0.0010614051330834766,,,,False,0,0.0,0.0,not_called,,0,0,NONE,0,,,0,not_triaged,0.0,75490.59466666666,,False,0.0,0.0,0.0,0.0
MID100410,home_furnishing,0,legit,festival_season,0,0.260581416673361,,,,False,0,0.0,0.0,not_called,,0,0,NONE,0,,,0,not_triaged,0.0,85619.00233333334,,True,0.0,0.0,0.0,0.0
MID103665,electronics_retail,0,legit,none,0,0.00414583209816635,,,,False,0,0.0,0.0,not_called,,0,0,NONE,0,,,0,not_triaged,0.0,192116.1513333333,,False,0.0,0.0,0.0,0.0
MID100467,home_furnishing,0,legit,viral_spike,0,0.003234610829389274,,,,False,0,0.0,0.0,not_called,,0,0,NONE,0,,,0,not_triaged,0.0,66533.41866666666,,False,0.0,0.0,0.0,0.0
MID100076,electronics_retail,1,pivot_prohibited,none,1,0.9972082881792088,sports_betting,0.99,homepage,False,0,0.0,0.0,no_answer,,2,2,RESTRICT,4,telemetry;storefront,telemetry,2,confidence_threshold_met,2.2,26454.532333333333,telemetry_drift;external_signal,False,900.0,0.0,0.0,900.0
MID101209,travel_agency,0,legit,festival_season,0,0.0030524020712520863,,,,False,0,0.0,0.0,not_called,,0,0,NONE,0,,,0,not_triaged,0.0,375667.143,,False,0.0,0.0,0.0,0.0
MID101585,electronics_retail,0,legit,viral_spike,0,0.000955902125071358,,,,False,0,0.0,0.0,not_called,,0,0,NONE,0,,,0,not_triaged,0.0,430254.7553333333,,False,0.0,0.0,0.0,0.0
MID100134,apparel,1,pivot_prohibited,none,1,0.9606190503156391,sports_betting,0.876,homepage,False,0,0.0,0.0,no_answer,,2,2,RESTRICT,4,telemetry;storefront,telemetry,2,confidence_threshold_met,2.2,204341.39133333333,telemetry_drift,False,900.0,0.0,0.0,900.0
MID100542,electronics_retail,0,legit,viral_spike,0,0.00045185354645382885,,,,False,0,0.0,0.0,not_called,,0,0,NONE,0,,,0,not_triaged,0.0,91857.03433333334,,True,0.0,0.0,0.0,0.0
MID101867,electronics_retail,0,legit,festival_season,0,0.012780901643526276,electronics_retail,0.962,homepage,False,0,0.0,0.0,not_called,,0,0,NONE,0,,,2,evidence_exhausted,2.2,633955.5270000001,high_volume_rotation,False,0.0,0.0,0.0,0.0
MID103332,electronics_retail,0,legit,none,0,0.019136055380334742,,,,False,0,0.0,0.0,not_called,,0,0,NONE,0,,,0,not_triaged,0.0,53920.68266666667,,False,0.0,0.0,0.0,0.0
MID103822,home_furnishing,0,legit,festival_season,0,0.01188496635787402,,,,False,0,0.0,0.0,not_called,,0,0,NONE,0,,,0,not_triaged,0.0,65519.14833333334,,False,0.0,0.0,0.0,0.0
MID101792,electronics_retail,0,legit,none,0,0.0016738732019117542,,,,False,0,0.0,0.0,not_called,,0,0,NONE,0,,,0,not_triaged,0.0,245243.164,,False,0.0,0.0,0.0,0.0
MID101855,pharmacy,0,legit,none,0,0.008627049650549836,,,,False,0,0.0,0.0,not_called,,0,0,NONE,0,,,0,not_triaged,0.0,72910.97033333335,,True,0.0,0.0,0.0,0.0
MID103281,electronics_retail,0,legit,none,0,0.0019305853510425883,,,,False,0,0.0,0.0,not_called,,0,0,NONE,0,,,0,not_triaged,0.0,54966.427,,False,0.0,0.0,0.0,0.0
MID103398,apparel,0,legit,none,0,0.00190481350039808,,,,False,0,0.0,0.0,not_called,,0,0,NONE,0,,,0,not_triaged,0.0,45593.208666666666,,False,0.0,0.0,0.0,0.0
MID101398,electronics_retail,0,legit,festival_season,0,0.0033513384985096742,,,,False,0,0.0,0.0,not_called,,0,0,NONE,0,,,0,not_triaged,0.0,633895.5700000001,,False,0.0,0.0,0.0,0.0
MID101281,electronics_retail,0,legit,none,0,0.001142592999929633,,,,False,0,0.0,0.0,not_called,,0,0,NONE,0,,,0,not_triaged,0.0,371195.41133333335,,False,0.0,0.0,0.0,0.0
MID101425,travel_agency,0,legit,none,0,0.0012079046533574659,,,,False,0,0.0,0.0,not_called,,0,0,NONE,0,,,0,not_triaged,0.0,204550.02100000004,,True,0.0,0.0,0.0,0.0
MID100024,apparel,1,funnel_ring,none,0,0.8212602442652711,crypto_exchange,0.9877,checkout,False,7,0.9218,0.739,answered,True,4,4,RESTRICT,4,telemetry;storefront;scripts;infrastructure,telemetry,5,confidence_threshold_met,4.4,68972.155,telemetry_drift;network_cluster,False,900.0,0.0,0.0,900.0
MID101897,skill_gaming,0,legit,none,0,0.0014372318138899214,,,,False,0,0.0,0.0,not_called,,0,0,NONE,0,,,0,not_triaged,0.0,229327.11266666665,,True,0.0,0.0,0.0,0.0
MID103170,travel_agency,0,legit,none,0,0.0009974049059418653,,,,False,0,0.0,0.0,not_called,,0,0,NONE,0,,,0,not_triaged,0.0,64984.42166666666,,True,0.0,0.0,0.0,0.0
MID102266,digital_services,0,legit,shared_platform,0,0.005502544661123727,,,,False,0,0.0,0.0,not_called,,0,0,NONE,0,,,0,not_triaged,0.0,71042.31433333334,,False,0.0,0.0,0.0,0.0
MID102124,pharmacy,0,legit,shared_platform,0,0.0006639922876535199,,,,False,0,0.0,0.0,not_called,,0,0,NONE,0,,,0,not_triaged,0.0,27466.771333333338,,True,0.0,0.0,0.0,0.0
MID101348,pharmacy,0,legit,none,0,0.007630535167098375,,,,False,0,0.0,0.0,not_called,,0,0,NONE,0,,,0,not_triaged,0.0,62888.21733333333,,False,0.0,0.0,0.0,0.0
MID101203,home_furnishing,0,legit,none,0,0.001165712293421692,,,,False,0,0.0,0.0,not_called,,0,0,NONE,0,,,0,not_triaged,0.0,135372.08633333334,,False,0.0,0.0,0.0,0.0
MID101784,apparel,0,legit,none,0,0.0019537878236993798,,,,False,0,0.0,0.0,not_called,,0,0,NONE,0,,,0,not_triaged,0.0,169706.91199999998,,False,0.0,0.0,0.0,0.0
MID101462,travel_agency,0,legit,festival_season,0,0.01082047314315483,travel_agency,0.99,homepage,False,0,0.0,0.0,not_called,,0,0,NONE,0,,,2,evidence_exhausted,2.2,163216.42366666664,volume_shape_change,False,0.0,0.0,0.0,0.0
MID101370,pharmacy,0,legit,none,0,0.0009394673542524723,,,,False,0,0.0,0.0,not_called,,0,0,NONE,0,,,0,not_triaged,0.0,28982.136333333336,,False,0.0,0.0,0.0,0.0
MID103312,electronics_retail,0,legit,none,0,0.0016101892711826256,,,,False,0,0.0,0.0,not_called,,0,0,NONE,0,,,0,not_triaged,0.0,681276.1033333334,,True,0.0,0.0,0.0,0.0
MID103406,skill_gaming,0,legit,none,0,0.0006267191799285955,,,,False,0,0.0,0.0,not_called,,0,0,NONE,0,,,0,not_triaged,0.0,171176.8593333333,,False,0.0,0.0,0.0,0.0
MID101794,pharmacy,0,legit,shared_platform,0,0.007906902783606926,,,,False,0,0.0,0.0,not_called,,0,0,NONE,0,,,0,not_triaged,0.0,39750.43166666667,,True,0.0,0.0,0.0,0.0
MID103383,electronics_retail,0,legit,viral_spike,0,0.002958175437250395,,,,False,0,0.0,0.0,not_called,,0,0,NONE,0,,,0,not_triaged,0.0,562782.7373333334,,False,0.0,0.0,0.0,0.0
MID100708,travel_agency,0,legit,none,0,0.0018129629567315761,,,,False,0,0.0,0.0,not_called,,0,0,NONE,0,,,0,not_triaged,0.0,220689.98366666667,,False,0.0,0.0,0.0,0.0
MID103301,apparel,0,legit,none,0,0.025148203940948407,,,,False,0,0.0,0.0,not_called,,0,0,NONE,0,,,0,not_triaged,0.0,69367.014,,False,0.0,0.0,0.0,0.0
MID103938,electronics_retail,0,legit,none,0,0.004550889869448748,,,,False,0,0.0,0.0,not_called,,0,0,NONE,0,,,0,not_triaged,0.0,153159.661,,True,0.0,0.0,0.0,0.0
MID102810,skill_gaming,0,legit,none,0,0.01024634831271399,,,,False,0,0.0,0.0,not_called,,0,0,NONE,0,,,0,not_triaged,0.0,176774.60166666663,,True,0.0,0.0,0.0,0.0
MID101053,electronics_retail,0,legit,none,0,0.001695740903098696,,,,False,0,0.0,0.0,not_called,,0,0,NONE,0,,,0,not_triaged,0.0,212674.59266666663,,False,0.0,0.0,0.0,0.0
MID100041,home_furnishing,1,pivot_prohibited,none,1,0.043373627219844064,,,,False,0,0.0,0.0,not_called,,0,0,NONE,0,,,0,not_triaged,0.0,89272.45566666666,,True,0.0,0.0,1699229.74,1699229.74
MID102773,travel_agency,0,legit,none,0,0.0018463527729047982,,,,False,0,0.0,0.0,not_called,,0,0,NONE,0,,,0,not_triaged,0.0,149178.07233333334,,False,0.0,0.0,0.0,0.0
MID100665,apparel,0,legit,none,0,0.0006345894001287555,,,,False,0,0.0,0.0,not_called,,0,0,NONE,0,,,0,not_triaged,0.0,89521.90299999999,,False,0.0,0.0,0.0,0.0
MID102546,apparel,0,legit,none,0,0.0192082812639965,,,,False,0,0.0,0.0,not_called,,0,0,NONE,0,,,0,not_triaged,0.0,37469.17133333334,,True,0.0,0.0,0.0,0.0
MID103839,pharmacy,0,legit,none,0,0.004305428998595115,,,,False,0,0.0,0.0,not_called,,0,0,NONE,0,,,0,not_triaged,0.0,26783.212,,False,0.0,0.0,0.0,0.0
MID101578,electronics_retail,0,legit,festival_season,0,0.011403155482530701,,,,False,0,0.0,0.0,not_called,,0,0,NONE,0,,,0,not_triaged,0.0,176374.64133333333,,False,0.0,0.0,0.0,0.0
MID100744,apparel,0,legit,none,0,0.0016682369480714107,,,,False,0,0.0,0.0,not_called,,0,0,NONE,0,,,0,not_triaged,0.0,26953.098,,False,0.0,0.0,0.0,0.0
MID101018,travel_agency,0,legit,none,0,0.0014849109270914315,travel_agency,0.9323,homepage,False,0,0.0,0.0,not_called,,0,0,NONE,0,,,2,evidence_exhausted,2.2,205484.17933333333,high_volume_rotation,False,0.0,0.0,0.0,0.0
MID102889,skill_gaming,0,legit,none,0,0.0006045682856631682,,,,False,0,0.0,0.0,not_called,,0,0,NONE,0,,,0,not_triaged,0.0,356246.887,,True,0.0,0.0,0.0,0.0
MID103456,digital_services,0,legit,none,0,0.0007649090346681538,,,,False,0,0.0,0.0,not_called,,0,0,NONE,0,,,0,not_triaged,0.0,110566.59533333332,,False,0.0,0.0,0.0,0.0
MID101046,electronics_retail,0,legit,none,0,0.001876582054522684,,,,False,0,0.0,0.0,not_called,,0,0,NONE,0,,,0,not_triaged,0.0,214110.493,,False,0.0,0.0,0.0,0.0
MID103176,electronics_retail,0,legit,festival_season,0,0.0116404800507292,,,,False,0,0.0,0.0,not_called,,0,0,NONE,0,,,0,not_triaged,0.0,290215.5316666667,,False,0.0,0.0,0.0,0.0
MID101264,electronics_retail,0,legit,viral_spike,0,0.001103686607439663,,,,False,0,0.0,0.0,not_called,,0,0,NONE,0,,,0,not_triaged,0.0,157717.00233333334,,True,0.0,0.0,0.0,0.0
MID101509,apparel,0,legit,none,0,0.001640356240698756,,,,False,0,0.0,0.0,not_called,,0,0,NONE,0,,,0,not_triaged,0.0,68958.87133333333,,False,0.0,0.0,0.0,0.0
MID103255,electronics_retail,0,legit,none,0,0.0018648965166218245,,,,False,0,0.0,0.0,not_called,,0,0,NONE,0,,,0,not_triaged,0.0,126190.911,,False,0.0,0.0,0.0,0.0
MID101034,digital_services,0,legit,none,0,0.00048705941916388993,,,,False,0,0.0,0.0,not_called,,0,0,NONE,0,,,0,not_triaged,0.0,143518.13366666666,,False,0.0,0.0,0.0,0.0
MID100894,apparel,0,legit,none,0,0.0016211777518119193,,,,False,0,0.0,0.0,not_called,,0,0,NONE,0,,,0,not_triaged,0.0,119977.72633333334,,False,0.0,0.0,0.0,0.0
MID100764,home_furnishing,0,legit,none,0,0.0018865159012139403,,,,False,0,0.0,0.0,not_called,,0,0,NONE,0,,,0,not_triaged,0.0,125639.778,,False,0.0,0.0,0.0,0.0
MID101288,electronics_retail,0,legit,none,0,0.0055536045261210315,,,,False,0,0.0,0.0,not_called,,0,0,NONE,0,,,0,not_triaged,0.0,150822.81633333335,,False,0.0,0.0,0.0,0.0
MID101750,electronics_retail,0,legit,none,0,0.0006935757261046771,,,,False,0,0.0,0.0,not_called,,0,0,NONE,0,,,0,not_triaged,0.0,196595.5376666667,,False,0.0,0.0,0.0,0.0
MID101885,travel_agency,0,legit,none,0,0.0012448013201348594,,,,False,0,0.0,0.0,not_called,,0,0,NONE,0,,,0,not_triaged,0.0,84192.45766666667,,False,0.0,0.0,0.0,0.0
MID101828,home_furnishing,0,legit,festival_season,0,0.05537687795795578,,,,False,0,0.0,0.0,not_called,,0,0,NONE,0,,,0,not_triaged,0.0,106862.69933333334,,False,0.0,0.0,0.0,0.0
MID101095,pharmacy,0,legit,none,0,0.0020642768874181362,,,,False,0,0.0,0.0,not_called,,0,0,NONE,0,,,0,not_triaged,0.0,43024.98366666667,,False,0.0,0.0,0.0,0.0
MID101767,travel_agency,0,legit,festival_season,0,0.019686937279920172,,,,False,0,0.0,0.0,not_called,,0,0,NONE,0,,,0,not_triaged,0.0,774117.488,,True,0.0,0.0,0.0,0.0
MID102471,home_furnishing,0,legit,none,0,0.045601027832904185,,,,False,0,0.0,0.0,not_called,,0,0,NONE,0,,,0,not_triaged,0.0,18092.45333333333,,True,0.0,0.0,0.0,0.0
MID100521,digital_services,0,legit,none,0,0.0010990986533660372,,,,False,0,0.0,0.0,not_called,,0,0,NONE,0,,,0,not_triaged,0.0,51720.227333333336,,True,0.0,0.0,0.0,0.0
MID100649,electronics_retail,0,legit,festival_season,0,0.0056410330777312764,,,,False,0,0.0,0.0,not_called,,0,0,NONE,0,,,0,not_triaged,0.0,589749.2736666667,,True,0.0,0.0,0.0,0.0
MID100208,pharmacy,0,legit,shared_platform,0,0.001317299898996191,,,,False,0,0.0,0.0,not_called,,0,0,NONE,0,,,0,not_triaged,0.0,92946.93333333332,,False,0.0,0.0,0.0,0.0
MID102413,skill_gaming,0,legit,none,0,0.0019029802180231886,,,,False,0,0.0,0.0,not_called,,0,0,NONE,0,,,0,not_triaged,0.0,138860.81,,True,0.0,0.0,0.0,0.0
MID101432,skill_gaming,0,legit,none,0,0.008005291462313343,,,,False,0,0.0,0.0,not_called,,0,0,NONE,0,,,0,not_triaged,0.0,58472.599,,False,0.0,0.0,0.0,0.0
MID101424,apparel,0,legit,price_point_change,0,0.0013956274485234115,,,,False,0,0.0,0.0,not_called,,0,0,NONE,0,,,0,not_triaged,0.0,29171.38833333333,,False,0.0,0.0,0.0,0.0
MID100155,subscription_box,0,legit,none,0,0.002156630594882559,,,,False,0,0.0,0.0,not_called,,0,0,NONE,0,,,0,not_triaged,0.0,198132.56466666667,,False,0.0,0.0,0.0,0.0
MID103724,home_furnishing,0,legit,none,0,0.005456541688835631,,,,False,0,0.0,0.0,not_called,,0,0,NONE,0,,,0,not_triaged,0.0,34524.085666666666,,False,0.0,0.0,0.0,0.0
MID100802,electronics_retail,0,legit,none,0,0.0014819775877791515,,,,False,0,0.0,0.0,not_called,,0,0,NONE,0,,,0,not_triaged,0.0,66304.54933333333,,False,0.0,0.0,0.0,0.0
MID101271,travel_agency,0,legit,none,0,0.0007687673457275054,,,,False,0,0.0,0.0,not_called,,0,0,NONE,0,,,0,not_triaged,0.0,859968.8743333333,,False,0.0,0.0,0.0,0.0
MID100094,home_furnishing,1,pivot_prohibited,none,1,0.996877757365389,sports_betting,0.99,homepage,False,0,0.0,0.0,no_answer,,2,2,RESTRICT,4,telemetry;storefront,telemetry,2,confidence_threshold_met,2.2,33268.12333333333,telemetry_drift;volume_shape_change,True,900.0,0.0,0.0,900.0
MID100728,skill_gaming,0,legit,none,0,0.0029819869575428786,,,,False,0,0.0,0.0,not_called,,0,0,NONE,0,,,0,not_triaged,0.0,116216.319,,False,0.0,0.0,0.0,0.0
MID103419,electronics_retail,0,legit,none,0,0.014659090620246038,,,,False,0,0.0,0.0,not_called,,0,0,NONE,0,,,0,not_triaged,0.0,167176.42633333334,,False,0.0,0.0,0.0,0.0
MID100130,apparel,1,pivot_prohibited,none,1,0.9996579256858913,sports_betting,0.99,homepage,False,0,0.0,0.0,no_answer,,2,2,RESTRICT,4,telemetry;storefront,telemetry,2,confidence_threshold_met,2.2,56220.22433333333,telemetry_drift;external_signal,True,900.0,0.0,0.0,900.0
MID101837,electronics_retail,0,legit,viral_spike,0,0.005421798135116081,electronics_retail,0.99,homepage,False,0,0.0,0.0,not_called,,0,0,NONE,0,,,2,evidence_exhausted,2.2,905256.7176666668,external_signal,True,0.0,0.0,0.0,0.0
MID100009,subscription_box,1,funnel_ring,none,0,0.01282471092922053,crypto_exchange,0.9698,checkout,False,6,0.9424,0.808,answered,True,3,3,RESTRICT,4,storefront;infrastructure,infrastructure,4,confidence_threshold_met,4.4,179072.50066666666,network_cluster,True,900.0,0.0,0.0,900.0
MID100259,apparel,0,legit,shared_platform,0,0.004106070465208364,,,,False,0,0.0,0.0,not_called,,0,0,NONE,0,,,0,not_triaged,0.0,107791.533,,True,0.0,0.0,0.0,0.0
MID102426,digital_services,0,legit,price_point_change,0,0.0022699847574871425,,,,False,0,0.0,0.0,not_called,,0,0,NONE,0,,,0,not_triaged,0.0,12974.780333333332,,False,0.0,0.0,0.0,0.0
MID102239,home_furnishing,0,legit,none,0,0.0010110347420186827,,,,False,0,0.0,0.0,not_called,,0,0,NONE,0,,,0,not_triaged,0.0,137522.767,,False,0.0,0.0,0.0,0.0
MID102511,skill_gaming,0,legit,none,0,0.00510240231711717,,,,False,0,0.0,0.0,not_called,,0,0,NONE,0,,,0,not_triaged,0.0,183056.34566666663,,False,0.0,0.0,0.0,0.0
MID103980,home_furnishing,0,legit,viral_spike,0,0.00038133767655976187,,,,False,0,0.0,0.0,not_called,,0,0,NONE,0,,,0,not_triaged,0.0,304180.3366666667,,True,0.0,0.0,0.0,0.0
MID102475,home_furnishing,0,legit,viral_spike,0,0.002799299209988087,,,,False,11,0.4176,0.182,not_called,,0,0,NONE,0,,,0,not_triaged,0.0,50233.41466666666,,False,0.0,0.0,0.0,0.0
MID101523,subscription_box,0,legit,none,0,0.0010336438351539938,,,,False,0,0.0,0.0,not_called,,0,0,NONE,0,,,0,not_triaged,0.0,56061.58299999999,,True,0.0,0.0,0.0,0.0
MID103450,electronics_retail,0,legit,none,0,0.0035244752337713313,,,,False,0,0.0,0.0,not_called,,0,0,NONE,0,,,0,not_triaged,0.0,121453.28,,False,0.0,0.0,0.0,0.0
MID100933,digital_services,0,legit,none,0,0.001091838655707057,,,,False,0,0.0,0.0,not_called,,0,0,NONE,0,,,0,not_triaged,0.0,23808.22666666667,,False,0.0,0.0,0.0,0.0
MID100890,electronics_retail,0,legit,viral_spike,0,0.013265089873398967,,,,False,0,0.0,0.0,not_called,,0,0,NONE,0,,,0,not_triaged,0.0,92843.86299999998,,True,0.0,0.0,0.0,0.0
MID100561,pharmacy,0,legit,none,0,0.0008761964470638057,,,,False,0,0.0,0.0,not_called,,0,0,NONE,0,,,0,not_triaged,0.0,39103.32066666666,,True,0.0,0.0,0.0,0.0
MID101777,home_furnishing,0,legit,none,0,0.007901456863951765,,,,False,0,0.0,0.0,not_called,,0,0,NONE,0,,,0,not_triaged,0.0,53343.58700000001,,False,0.0,0.0,0.0,0.0
MID102125,apparel,0,legit,none,0,0.001992755774810261,,,,False,0,0.0,0.0,not_called,,0,0,NONE,0,,,0,not_triaged,0.0,44950.618,,False,0.0,0.0,0.0,0.0
MID100330,apparel,0,legit,festival_season,0,0.03605562869366425,,,,False,9,0.4795,0.366,not_called,,1,1,REVIEW,0,,,0,not_triaged,0.0,57755.674,,False,0.0,0.0,0.0,0.0
MID103233,electronics_retail,0,legit,festival_season,0,0.007633502144462383,,,,False,11,0.4584,0.318,not_called,,1,1,REVIEW,0,,,0,not_triaged,0.0,138286.11033333332,,True,0.0,0.0,0.0,0.0
MID102551,electronics_retail,0,legit,festival_season,0,0.005354188936634409,,,,False,0,0.0,0.0,not_called,,0,0,NONE,0,,,0,not_triaged,0.0,535681.9789999999,,False,0.0,0.0,0.0,0.0
MID102619,pharmacy,0,legit,none,0,0.010011218770058101,,,,False,0,0.0,0.0,not_called,,0,0,NONE,0,,,0,not_triaged,0.0,157764.85966666666,,False,0.0,0.0,0.0,0.0
MID100493,apparel,0,legit,shared_platform,0,0.0006008134316632604,,,,False,0,0.0,0.0,not_called,,0,0,NONE,0,,,0,not_triaged,0.0,140096.526,,True,0.0,0.0,0.0,0.0
MID100036,digital_services,1,funnel_ring,none,0,0.8733167297579028,crypto_exchange,0.99,checkout,False,6,0.8566,0.522,no_answer,,3,3,RESTRICT,4,telemetry;storefront;infrastructure,telemetry,4,confidence_threshold_met,4.4,172312.00100000002,telemetry_drift;network_cluster,True,900.0,0.0,0.0,900.0
MID101300,home_furnishing,0,legit,none,0,0.0022353882713605053,,,,False,0,0.0,0.0,not_called,,0,0,NONE,0,,,0,not_triaged,0.0,38171.20133333334,,False,0.0,0.0,0.0,0.0
MID102765,skill_gaming,0,legit,none,0,0.014283767878284415,,,,False,0,0.0,0.0,not_called,,0,0,NONE,0,,,0,not_triaged,0.0,77069.30066666668,,True,0.0,0.0,0.0,0.0
MID103953,home_furnishing,0,legit,none,0,0.001567900486345424,,,,False,0,0.0,0.0,not_called,,0,0,NONE,0,,,0,not_triaged,0.0,40547.38866666667,,True,0.0,0.0,0.0,0.0
MID100226,apparel,0,legit,viral_spike,0,0.005640227068773769,,,,False,0,0.0,0.0,not_called,,0,0,NONE,0,,,0,not_triaged,0.0,66734.33266666667,,False,0.0,0.0,0.0,0.0
MID101556,subscription_box,0,legit,none,0,0.002064366004421932,,,,False,0,0.0,0.0,not_called,,0,0,NONE,0,,,0,not_triaged,0.0,119040.74066666666,,False,0.0,0.0,0.0,0.0
MID102066,home_furnishing,0,legit,none,0,0.0013618297703365692,,,,False,0,0.0,0.0,not_called,,0,0,NONE,0,,,0,not_triaged,0.0,561457.9686666668,,False,0.0,0.0,0.0,0.0
MID102976,digital_services,0,legit,none,0,0.001273064977687368,,,,False,0,0.0,0.0,not_called,,0,0,NONE,0,,,0,not_triaged,0.0,41183.7,,True,0.0,0.0,0.0,0.0
MID101819,subscription_box,0,legit,none,0,0.0016817456489877846,,,,False,0,0.0,0.0,not_called,,0,0,NONE,0,,,0,not_triaged,0.0,131615.971,,True,0.0,0.0,0.0,0.0
MID103989,travel_agency,0,legit,festival_season,0,0.0025165540782683712,,,,False,0,0.0,0.0,not_called,,0,0,NONE,0,,,0,not_triaged,0.0,2390238.22,,False,0.0,0.0,0.0,0.0
MID100275,skill_gaming,0,legit,none,0,0.004342293944562758,,,,False,0,0.0,0.0,not_called,,0,0,NONE,0,,,0,not_triaged,0.0,116566.59633333332,,False,0.0,0.0,0.0,0.0
MID101134,electronics_retail,0,legit,viral_spike,0,0.005401683962179002,,,,False,0,0.0,0.0,not_called,,0,0,NONE,0,,,0,not_triaged,0.0,208003.5673333333,,False,0.0,0.0,0.0,0.0
MID100080,electronics_retail,1,pivot_prohibited,none,1,0.9971638299341569,crypto_exchange,0.062,homepage,False,0,0.0,0.0,not_called,,2,2,RESTRICT,2,telemetry,,2,confidence_threshold_met,2.2,157537.2826666667,telemetry_drift,False,900.0,0.0,0.0,900.0
MID103404,apparel,0,legit,none,0,0.0012296910286580033,,,,False,0,0.0,0.0,not_called,,0,0,NONE,0,,,0,not_triaged,0.0,47388.26533333333,,False,0.0,0.0,0.0,0.0
MID102316,home_furnishing,0,legit,none,0,0.0010071021769269774,,,,False,0,0.0,0.0,not_called,,0,0,NONE,0,,,0,not_triaged,0.0,31542.289666666667,,False,0.0,0.0,0.0,0.0
MID100692,apparel,0,legit,viral_spike,0,0.011282262537331207,,,,False,0,0.0,0.0,not_called,,0,0,NONE,0,,,0,not_triaged,0.0,49800.19066666667,,False,0.0,0.0,0.0,0.0
MID102734,subscription_box,0,legit,none,0,0.0012070669793374713,,,,False,0,0.0,0.0,not_called,,0,0,NONE,0,,,0,not_triaged,0.0,70193.808,,False,0.0,0.0,0.0,0.0
MID101558,home_furnishing,0,legit,festival_season,0,0.005422385481425505,,,,False,0,0.0,0.0,not_called,,0,0,NONE,0,,,0,not_triaged,0.0,31045.549666666662,,False,0.0,0.0,0.0,0.0
MID103495,apparel,0,legit,none,0,0.001128169822665334,,,,False,0,0.0,0.0,not_called,,0,0,NONE,0,,,0,not_triaged,0.0,22833.154,,False,0.0,0.0,0.0,0.0
MID102209,digital_services,0,legit,shared_platform,0,0.0024478479463561006,,,,False,0,0.0,0.0,not_called,,0,0,NONE,0,,,0,not_triaged,0.0,170180.14533333335,,False,0.0,0.0,0.0,0.0
MID101857,pharmacy,0,legit,shared_platform,0,0.0011808080847021667,,,,False,0,0.0,0.0,not_called,,0,0,NONE,0,,,0,not_triaged,0.0,104997.19333333331,,False,0.0,0.0,0.0,0.0
MID102883,home_furnishing,0,legit,none,0,0.0372094627446226,,,,False,0,0.0,0.0,not_called,,0,0,NONE,0,,,0,not_triaged,0.0,22886.021,,False,0.0,0.0,0.0,0.0
MID100382,home_furnishing,0,legit,none,0,0.0028930768405297977,,,,False,0,0.0,0.0,not_called,,0,0,NONE,0,,,0,not_triaged,0.0,109019.29866666668,,True,0.0,0.0,0.0,0.0
MID100682,digital_services,0,legit,none,0,0.00427922700840189,,,,False,0,0.0,0.0,not_called,,0,0,NONE,0,,,0,not_triaged,0.0,22990.006666666664,,True,0.0,0.0,0.0,0.0
MID103767,pharmacy,0,legit,none,0,0.008033744559776942,,,,False,0,0.0,0.0,not_called,,0,0,NONE,0,,,0,not_triaged,0.0,146783.50100000002,,False,0.0,0.0,0.0,0.0
MID103997,subscription_box,0,legit,none,0,0.00272561066340023,,,,False,0,0.0,0.0,not_called,,0,0,NONE,0,,,0,not_triaged,0.0,92657.46333333336,,False,0.0,0.0,0.0,0.0
MID100743,apparel,0,legit,none,0,0.01302001230302701,,,,False,0,0.0,0.0,not_called,,0,0,NONE,0,,,0,not_triaged,0.0,119945.204,,True,0.0,0.0,0.0,0.0
MID101467,home_furnishing,0,legit,none,0,0.008384745176498986,,,,False,0,0.0,0.0,not_called,,0,0,NONE,0,,,0,not_triaged,0.0,141318.56933333335,,False,0.0,0.0,0.0,0.0
MID101957,pharmacy,0,legit,none,0,0.0010227989839394032,,,,False,0,0.0,0.0,not_called,,0,0,NONE,0,,,0,not_triaged,0.0,28593.395333333337,,False,0.0,0.0,0.0,0.0
MID101436,skill_gaming,0,legit,none,0,0.001668847439507984,,,,False,0,0.0,0.0,not_called,,0,0,NONE,0,,,0,not_triaged,0.0,132223.201,,True,0.0,0.0,0.0,0.0
MID101427,apparel,0,legit,none,0,0.002171499310209659,,,,False,0,0.0,0.0,not_called,,0,0,NONE,0,,,0,not_triaged,0.0,74340.135,,False,0.0,0.0,0.0,0.0
MID101277,electronics_retail,0,legit,none,0,0.0032174234458762904,,,,False,0,0.0,0.0,not_called,,0,0,NONE,0,,,0,not_triaged,0.0,109572.43466666668,,False,0.0,0.0,0.0,0.0
MID100480,electronics_retail,0,legit,none,0,0.0011952850341345733,electronics_retail,0.9404,homepage,False,0,0.0,0.0,not_called,,0,0,NONE,0,,,2,evidence_exhausted,2.2,483161.932,high_volume_rotation,False,0.0,0.0,0.0,0.0
MID103683,electronics_retail,0,legit,none,0,0.0012170380369729342,,,,False,0,0.0,0.0,not_called,,0,0,NONE,0,,,0,not_triaged,0.0,215501.44966666668,,True,0.0,0.0,0.0,0.0
MID100605,home_furnishing,0,legit,none,0,0.0025849272891599645,,,,False,0,0.0,0.0,not_called,,0,0,NONE,0,,,0,not_triaged,0.0,92814.55733333336,,False,0.0,0.0,0.0,0.0
MID100016,electronics_retail,1,funnel_ring,none,0,0.9832449361485185,crypto_exchange,0.99,checkout,False,6,0.8896,0.632,answered,False,4,4,RESTRICT,4,telemetry;storefront;infrastructure;statement,the merchant's own statement,4,confidence_threshold_met,4.4,354951.7313333333,telemetry_drift;network_cluster,False,900.0,0.0,0.0,900.0
MID100380,digital_services,0,legit,none,0,0.0025486009175308406,,,,False,0,0.0,0.0,not_called,,0,0,NONE,0,,,0,not_triaged,0.0,172617.09033333333,,False,0.0,0.0,0.0,0.0
MID101213,travel_agency,0,legit,none,0,0.006298269475848866,travel_agency,0.99,homepage,False,0,0.0,0.0,not_called,,0,0,NONE,0,,,2,evidence_exhausted,2.2,96042.101,external_signal,False,0.0,0.0,0.0,0.0
MID101964,digital_services,0,legit,price_point_change,0,0.0004918104426772766,,,,False,0,0.0,0.0,not_called,,0,0,NONE,0,,,0,not_triaged,0.0,15259.025,,False,0.0,0.0,0.0,0.0
MID102158,apparel,0,legit,none,0,0.0063809374577113815,apparel,0.9807,homepage,False,0,0.0,0.0,not_called,,0,0,NONE,0,,,2,evidence_exhausted,2.2,40063.365000000005,high_volume_rotation,False,0.0,0.0,0.0,0.0
MID102932,electronics_retail,0,legit,none,0,0.00223956742581588,electronics_retail,0.99,homepage,False,0,0.0,0.0,not_called,,0,0,NONE,0,,,2,evidence_exhausted,2.2,551666.6346666666,high_volume_rotation,False,0.0,0.0,0.0,0.0
MID103881,skill_gaming,0,legit,none,0,0.0007650888185723975,,,,False,0,0.0,0.0,not_called,,0,0,NONE,0,,,0,not_triaged,0.0,96379.724,,False,0.0,0.0,0.0,0.0
MID102641,apparel,0,legit,none,0,0.0012826050503611393,,,,False,0,0.0,0.0,not_called,,0,0,NONE,0,,,0,not_triaged,0.0,37566.882666666665,,False,0.0,0.0,0.0,0.0
MID103417,apparel,0,legit,shared_platform,0,0.0011238658026135218,,,,False,0,0.0,0.0,not_called,,0,0,NONE,0,,,0,not_triaged,0.0,53161.147,,False,0.0,0.0,0.0,0.0
MID101405,digital_services,0,legit,none,0,0.0006921189227263731,,,,False,0,0.0,0.0,not_called,,0,0,NONE,0,,,0,not_triaged,0.0,39114.14333333333,,True,0.0,0.0,0.0,0.0
MID100285,home_furnishing,0,legit,viral_spike,0,0.0031912934703284333,,,,False,0,0.0,0.0,not_called,,0,0,NONE,0,,,0,not_triaged,0.0,58941.833,,False,0.0,0.0,0.0,0.0
MID100446,home_furnishing,0,legit,none,0,0.010618335153476027,,,,False,0,0.0,0.0,not_called,,0,0,NONE,0,,,0,not_triaged,0.0,14734.434,,False,0.0,0.0,0.0,0.0
MID101465,home_furnishing,0,legit,none,0,0.0015029746045631149,,,,False,0,0.0,0.0,not_called,,0,0,NONE,0,,,0,not_triaged,0.0,145371.16333333336,,False,0.0,0.0,0.0,0.0
MID101202,home_furnishing,0,legit,none,0,0.0010619433248556139,,,,False,0,0.0,0.0,not_called,,0,0,NONE,0,,,0,not_triaged,0.0,27109.08033333333,,False,0.0,0.0,0.0,0.0
MID101049,apparel,0,legit,none,0,0.0006101906487080865,,,,False,0,0.0,0.0,not_called,,0,0,NONE,0,,,0,not_triaged,0.0,81365.78233333332,,False,0.0,0.0,0.0,0.0
MID103520,travel_agency,0,legit,none,0,0.0008756446772596076,,,,False,0,0.0,0.0,not_called,,0,0,NONE,0,,,0,not_triaged,0.0,164816.50633333335,,False,0.0,0.0,0.0,0.0
MID103364,electronics_retail,0,legit,none,0,0.001421457889565021,,,,False,0,0.0,0.0,not_called,,0,0,NONE,0,,,0,not_triaged,0.0,208682.779,,False,0.0,0.0,0.0,0.0
MID102845,subscription_box,0,legit,none,0,0.001055364380779003,,,,False,0,0.0,0.0,not_called,,0,0,NONE,0,,,0,not_triaged,0.0,97806.872,,False,0.0,0.0,0.0,0.0
MID103762,apparel,0,legit,none,0,0.0007631310944452016,,,,False,0,0.0,0.0,not_called,,0,0,NONE,0,,,0,not_triaged,0.0,69249.343,,True,0.0,0.0,0.0,0.0
MID102917,digital_services,0,legit,shared_platform,0,0.004064020253317496,,,,False,0,0.0,0.0,not_called,,0,0,NONE,0,,,0,not_triaged,0.0,132575.93433333334,,False,0.0,0.0,0.0,0.0
MID101773,pharmacy,0,legit,none,0,0.00249298786621939,,,,False,0,0.0,0.0,not_called,,0,0,NONE,0,,,0,not_triaged,0.0,42965.99199999999,,False,0.0,0.0,0.0,0.0
MID100243,home_furnishing,0,legit,none,0,0.02564529011325334,,,,False,0,0.0,0.0,not_called,,0,0,NONE,0,,,0,not_triaged,0.0,107220.80733333332,,True,0.0,0.0,0.0,0.0
MID100845,apparel,0,legit,none,0,0.028007792056535454,,,,False,0,0.0,0.0,not_called,,0,0,NONE,0,,,0,not_triaged,0.0,69453.983,,False,0.0,0.0,0.0,0.0
MID101973,skill_gaming,0,legit,none,0,0.0019018893661804615,skill_gaming,0.8868,homepage,False,0,0.0,0.0,not_called,,0,0,NONE,0,,,2,evidence_exhausted,2.2,378492.44766666665,high_volume_rotation,True,0.0,0.0,0.0,0.0
MID100190,apparel,0,legit,none,0,0.0037345618566541595,,,,False,0,0.0,0.0,not_called,,0,0,NONE,0,,,0,not_triaged,0.0,20810.929666666663,,False,0.0,0.0,0.0,0.0
MID100381,skill_gaming,0,legit,none,0,0.004190109263124619,,,,False,0,0.0,0.0,not_called,,0,0,NONE,0,,,0,not_triaged,0.0,247920.29066666667,,False,0.0,0.0,0.0,0.0
MID101230,subscription_box,0,legit,shared_platform,0,0.0036448551001830327,,,,False,0,0.0,0.0,not_called,,0,0,NONE,0,,,0,not_triaged,0.0,73516.39366666666,,True,0.0,0.0,0.0,0.0
MID100546,travel_agency,0,legit,none,0,0.0017787213196250686,,,,False,0,0.0,0.0,not_called,,0,0,NONE,0,,,0,not_triaged,0.0,319360.95100000006,,False,0.0,0.0,0.0,0.0
MID103850,skill_gaming,0,legit,none,0,0.0010349202193113928,,,,False,0,0.0,0.0,not_called,,0,0,NONE,0,,,0,not_triaged,0.0,135706.6716666667,,False,0.0,0.0,0.0,0.0
MID103188,home_furnishing,0,legit,viral_spike,0,0.007037797659299083,,,,False,6,0.4291,0.155,not_called,,0,0,NONE,0,,,0,not_triaged,0.0,119650.966,,True,0.0,0.0,0.0,0.0
MID102759,skill_gaming,0,legit,none,0,0.00902539559377989,,,,False,0,0.0,0.0,not_called,,0,0,NONE,0,,,0,not_triaged,0.0,162051.44666666668,,True,0.0,0.0,0.0,0.0
MID102328,electronics_retail,0,legit,viral_spike,0,0.0051383466439661515,,,,False,0,0.0,0.0,not_called,,0,0,NONE,0,,,0,not_triaged,0.0,390566.74500000005,,False,0.0,0.0,0.0,0.0
MID100349,digital_services,0,legit,shared_platform,0,0.0007123934881357912,,,,False,0,0.0,0.0,not_called,,0,0,NONE,0,,,0,not_triaged,0.0,82024.69866666666,,False,0.0,0.0,0.0,0.0
MID100104,home_furnishing,1,pivot_prohibited,none,1,0.9875906094787773,sports_betting,0.961,homepage,False,0,0.0,0.0,no_answer,,2,2,RESTRICT,4,telemetry;storefront,telemetry,2,confidence_threshold_met,2.2,16376.659333333331,telemetry_drift;external_signal,False,900.0,0.0,0.0,900.0
MID101097,electronics_retail,0,legit,none,0,0.0018755763153838383,,,,False,0,0.0,0.0,not_called,,0,0,NONE,0,,,0,not_triaged,0.0,312781.74100000004,,False,0.0,0.0,0.0,0.0
MID103437,apparel,0,legit,none,0,0.001857977579696687,,,,False,0,0.0,0.0,not_called,,0,0,NONE,0,,,0,not_triaged,0.0,177166.241,,False,0.0,0.0,0.0,0.0
MID102671,apparel,0,legit,price_point_change,0,0.1531977072339195,apparel,0.9867,homepage,False,0,0.0,0.0,not_called,,0,0,NONE,0,,,2,evidence_exhausted,2.2,7146.017333333333,high_volume_rotation,False,0.0,0.0,0.0,0.0
MID100730,skill_gaming,0,legit,none,0,0.002892852733893121,,,,False,0,0.0,0.0,not_called,,0,0,NONE,0,,,0,not_triaged,0.0,106388.85433333334,,False,0.0,0.0,0.0,0.0
MID102668,apparel,0,legit,none,0,0.0019572880909772086,,,,False,0,0.0,0.0,not_called,,0,0,NONE,0,,,0,not_triaged,0.0,88377.61066666667,,False,0.0,0.0,0.0,0.0
MID102586,pharmacy,0,legit,none,0,0.0003179535167026167,,,,False,0,0.0,0.0,not_called,,0,0,NONE,0,,,0,not_triaged,0.0,12710.919666666668,,False,0.0,0.0,0.0,0.0
MID101862,apparel,0,legit,none,0,0.001745584019379559,,,,False,0,0.0,0.0,not_called,,0,0,NONE,0,,,0,not_triaged,0.0,86066.18566666667,,False,0.0,0.0,0.0,0.0
MID101992,electronics_retail,0,legit,viral_spike,0,0.003747487508508627,electronics_retail,0.99,homepage,False,0,0.0,0.0,not_called,,0,0,NONE,0,,,2,evidence_exhausted,2.2,440542.7723333333,high_volume_rotation,False,0.0,0.0,0.0,0.0
MID100168,electronics_retail,0,legit,festival_season,0,0.0011897346563373961,electronics_retail,0.974,homepage,False,0,0.0,0.0,not_called,,0,0,NONE,0,,,2,evidence_exhausted,2.2,260223.2066666667,volume_shape_change,False,0.0,0.0,0.0,0.0
MID103949,apparel,0,legit,none,0,0.0010711315531120066,,,,False,0,0.0,0.0,not_called,,0,0,NONE,0,,,0,not_triaged,0.0,52191.904,,False,0.0,0.0,0.0,0.0
MID101141,travel_agency,0,legit,festival_season,0,0.003807772085399174,,,,False,0,0.0,0.0,not_called,,0,0,NONE,0,,,0,not_triaged,0.0,178876.24166666667,,True,0.0,0.0,0.0,0.0
MID100299,home_furnishing,0,legit,none,0,0.0013475866506275803,,,,False,0,0.0,0.0,not_called,,0,0,NONE,0,,,0,not_triaged,0.0,43491.711,,True,0.0,0.0,0.0,0.0
MID101713,home_furnishing,0,legit,none,0,0.002015636719949026,,,,False,0,0.0,0.0,not_called,,0,0,NONE,0,,,0,not_triaged,0.0,85070.13966666667,,False,0.0,0.0,0.0,0.0
MID103062,skill_gaming,0,legit,none,0,0.001291914349604974,,,,False,0,0.0,0.0,not_called,,0,0,NONE,0,,,0,not_triaged,0.0,105641.894,,True,0.0,0.0,0.0,0.0
MID100161,electronics_retail,0,legit,none,0,0.002912208295850336,,,,False,0,0.0,0.0,not_called,,0,0,NONE,0,,,0,not_triaged,0.0,111767.459,,False,0.0,0.0,0.0,0.0
MID101228,travel_agency,0,legit,none,0,0.0007433011338535431,,,,False,0,0.0,0.0,not_called,,0,0,NONE,0,,,0,not_triaged,0.0,177377.66733333335,,False,0.0,0.0,0.0,0.0
MID100748,electronics_retail,0,legit,viral_spike,0,0.015941328448631505,,,,False,0,0.0,0.0,not_called,,0,0,NONE,0,,,0,not_triaged,0.0,105231.35833333334,,False,0.0,0.0,0.0,0.0
MID102555,skill_gaming,0,legit,none,0,0.001356067455125378,,,,False,0,0.0,0.0,not_called,,0,0,NONE,0,,,0,not_triaged,0.0,271774.14633333334,,False,0.0,0.0,0.0,0.0
MID101989,digital_services,0,legit,none,0,0.003153481202384411,,,,False,0,0.0,0.0,not_called,,0,0,NONE,0,,,0,not_triaged,0.0,60144.971,,False,0.0,0.0,0.0,0.0
MID103486,travel_agency,0,legit,none,0,0.0012855409897020603,,,,False,0,0.0,0.0,not_called,,0,0,NONE,0,,,0,not_triaged,0.0,162303.27700000003,,False,0.0,0.0,0.0,0.0
MID103615,home_furnishing,0,legit,none,0,0.0020200843378798575,,,,False,0,0.0,0.0,not_called,,0,0,NONE,0,,,0,not_triaged,0.0,33746.68466666667,,False,0.0,0.0,0.0,0.0
MID101814,skill_gaming,0,legit,none,0,0.011882685723205505,,,,False,0,0.0,0.0,not_called,,0,0,NONE,0,,,0,not_triaged,0.0,321211.7056666667,,False,0.0,0.0,0.0,0.0
MID100354,apparel,0,legit,price_point_change,0,0.0003970159111099236,,,,False,0,0.0,0.0,not_called,,0,0,NONE,0,,,0,not_triaged,0.0,24911.45,,True,0.0,0.0,0.0,0.0
MID101923,digital_services,0,legit,shared_platform,0,0.03933476133774842,,,,False,0,0.0,0.0,not_called,,0,0,NONE,0,,,0,not_triaged,0.0,55577.08833333333,,False,0.0,0.0,0.0,0.0
MID103816,apparel,0,legit,none,0,0.0014549608834624832,,,,False,0,0.0,0.0,not_called,,0,0,NONE,0,,,0,not_triaged,0.0,142414.60399999996,,False,0.0,0.0,0.0,0.0
MID100418,travel_agency,0,legit,festival_season,0,0.018183196206626104,,,,False,0,0.0,0.0,not_called,,0,0,NONE,0,,,0,not_triaged,0.0,124074.238,,True,0.0,0.0,0.0,0.0
MID102268,pharmacy,0,legit,none,0,0.002325035455772157,,,,False,0,0.0,0.0,not_called,,0,0,NONE,0,,,0,not_triaged,0.0,25755.115666666665,,False,0.0,0.0,0.0,0.0
MID100740,pharmacy,0,legit,none,0,0.0034397932773369395,,,,False,0,0.0,0.0,not_called,,0,0,NONE,0,,,0,not_triaged,0.0,66522.34066666667,,False,0.0,0.0,0.0,0.0
MID101955,subscription_box,0,legit,none,0,0.0007842200757745604,,,,False,0,0.0,0.0,not_called,,0,0,NONE,0,,,0,not_triaged,0.0,65520.17366666666,,False,0.0,0.0,0.0,0.0
MID103479,skill_gaming,0,legit,none,0,0.006622178863959215,,,,False,0,0.0,0.0,not_called,,0,0,NONE,0,,,0,not_triaged,0.0,71344.784,,True,0.0,0.0,0.0,0.0
MID101214,electronics_retail,0,legit,festival_season,0,0.026211510643424016,,,,False,6,0.482,0.331,not_called,,1,1,REVIEW,0,,,0,not_triaged,0.0,218053.292,,False,0.0,0.0,0.0,0.0
MID101863,travel_agency,0,legit,none,0,0.0007884806795131464,,,,False,0,0.0,0.0,not_called,,0,0,NONE,0,,,0,not_triaged,0.0,48615.070666666674,,True,0.0,0.0,0.0,0.0
MID101126,electronics_retail,0,legit,viral_spike,0,0.002390842081407363,,,,False,0,0.0,0.0,not_called,,0,0,NONE,0,,,0,not_triaged,0.0,679415.1686666667,,False,0.0,0.0,0.0,0.0
MID101626,pharmacy,0,legit,shared_platform,0,0.0007976682391052616,,,,False,0,0.0,0.0,not_called,,0,0,NONE,0,,,0,not_triaged,0.0,100022.422,,False,0.0,0.0,0.0,0.0
MID102263,pharmacy,0,legit,none,0,0.0009310008567909276,,,,False,0,0.0,0.0,not_called,,0,0,NONE,0,,,0,not_triaged,0.0,59073.13100000001,,False,0.0,0.0,0.0,0.0
MID102115,home_furnishing,0,legit,viral_spike,0,0.0007794538114081257,,,,False,0,0.0,0.0,not_called,,0,0,NONE,0,,,0,not_triaged,0.0,107187.34633333332,,False,0.0,0.0,0.0,0.0
MID102776,home_furnishing,0,legit,none,0,0.0011232301730634878,,,,False,7,0.3996,0.072,not_called,,0,0,NONE,0,,,0,not_triaged,0.0,158373.01499999998,,False,0.0,0.0,0.0,0.0
MID100165,pharmacy,0,legit,none,0,0.000800536970953383,,,,False,0,0.0,0.0,not_called,,0,0,NONE,0,,,0,not_triaged,0.0,100543.82933333331,,True,0.0,0.0,0.0,0.0
MID102859,subscription_box,0,legit,none,0,0.0010963303687972854,,,,False,0,0.0,0.0,not_called,,0,0,NONE,0,,,0,not_triaged,0.0,74273.83000000002,,True,0.0,0.0,0.0,0.0
MID101145,home_furnishing,0,legit,viral_spike,0,0.00038644174926234093,,,,False,0,0.0,0.0,not_called,,0,0,NONE,0,,,0,not_triaged,0.0,203416.40266666663,,False,0.0,0.0,0.0,0.0
MID102405,pharmacy,0,legit,none,0,0.001476464263582763,,,,False,0,0.0,0.0,not_called,,0,0,NONE,0,,,0,not_triaged,0.0,60878.74166666667,,False,0.0,0.0,0.0,0.0
MID100909,apparel,0,legit,none,0,0.0026033354163539158,,,,False,0,0.0,0.0,not_called,,0,0,NONE,0,,,0,not_triaged,0.0,59459.30966666667,,True,0.0,0.0,0.0,0.0
MID103811,apparel,0,legit,price_point_change,0,0.006733432084536291,,,,False,0,0.0,0.0,not_called,,0,0,NONE,0,,,0,not_triaged,0.0,64780.164,,False,0.0,0.0,0.0,0.0
MID103186,electronics_retail,0,legit,none,0,0.003240239817795425,,,,False,0,0.0,0.0,not_called,,0,0,NONE,0,,,0,not_triaged,0.0,310454.2643333333,,False,0.0,0.0,0.0,0.0
MID102571,home_furnishing,0,legit,none,0,0.026030417421360807,,,,False,0,0.0,0.0,not_called,,0,0,NONE,0,,,0,not_triaged,0.0,62875.76866666667,,False,0.0,0.0,0.0,0.0
MID100853,home_furnishing,0,legit,none,0,0.01659285883278486,,,,False,0,0.0,0.0,not_called,,0,0,NONE,0,,,0,not_triaged,0.0,204673.701,,False,0.0,0.0,0.0,0.0
MID103491,electronics_retail,0,legit,none,0,0.0014397593012706856,,,,False,0,0.0,0.0,not_called,,0,0,NONE,0,,,0,not_triaged,0.0,46198.922,,False,0.0,0.0,0.0,0.0
MID101377,skill_gaming,0,legit,none,0,0.008345980117523228,,,,False,0,0.0,0.0,not_called,,0,0,NONE,0,,,0,not_triaged,0.0,271753.64033333334,,False,0.0,0.0,0.0,0.0
MID102364,skill_gaming,0,legit,none,0,0.0008505626595848567,,,,False,0,0.0,0.0,not_called,,0,0,NONE,0,,,0,not_triaged,0.0,78538.761,,True,0.0,0.0,0.0,0.0
MID101591,home_furnishing,0,legit,none,0,0.0018655396709959925,,,,False,0,0.0,0.0,not_called,,0,0,NONE,0,,,0,not_triaged,0.0,116263.977,,False,0.0,0.0,0.0,0.0
MID100265,electronics_retail,0,legit,none,0,0.0013241676192923308,,,,False,0,0.0,0.0,not_called,,0,0,NONE,0,,,0,not_triaged,0.0,81010.587,,False,0.0,0.0,0.0,0.0
MID100489,pharmacy,0,legit,none,0,0.0012419633128619516,,,,False,0,0.0,0.0,not_called,,0,0,NONE,0,,,0,not_triaged,0.0,64312.18499999999,,False,0.0,0.0,0.0,0.0
MID103329,digital_services,0,legit,price_point_change,0,0.019338575806149606,,,,False,0,0.0,0.0,not_called,,0,0,NONE,0,,,0,not_triaged,0.0,11169.538666666664,,False,0.0,0.0,0.0,0.0
MID100623,home_furnishing,0,legit,festival_season,0,0.060285398779610935,,,,False,0,0.0,0.0,not_called,,0,0,NONE,0,,,0,not_triaged,0.0,188513.62333333332,,False,0.0,0.0,0.0,0.0
MID102153,subscription_box,0,legit,none,0,0.0038753026134652918,,,,False,0,0.0,0.0,not_called,,0,0,NONE,0,,,0,not_triaged,0.0,83287.55466666665,,False,0.0,0.0,0.0,0.0
MID102585,travel_agency,0,legit,none,0,0.0024503801419221106,,,,False,0,0.0,0.0,not_called,,0,0,NONE,0,,,0,not_triaged,0.0,236464.757,,False,0.0,0.0,0.0,0.0
MID102520,digital_services,0,legit,none,0,0.0012687151690052348,,,,False,0,0.0,0.0,not_called,,0,0,NONE,0,,,0,not_triaged,0.0,25954.038,,False,0.0,0.0,0.0,0.0
MID101810,apparel,0,legit,none,0,0.006511780057203272,,,,False,0,0.0,0.0,not_called,,0,0,NONE,0,,,0,not_triaged,0.0,165076.78533333336,,True,0.0,0.0,0.0,0.0
MID103340,apparel,0,legit,price_point_change,0,0.0018485267177382873,,,,False,0,0.0,0.0,not_called,,0,0,NONE,0,,,0,not_triaged,0.0,31793.284666666663,,False,0.0,0.0,0.0,0.0
MID102924,apparel,0,legit,none,0,0.002244609903415296,,,,False,0,0.0,0.0,not_called,,0,0,NONE,0,,,0,not_triaged,0.0,118231.01533333331,,False,0.0,0.0,0.0,0.0
MID100101,home_furnishing,1,rented_account,none,1,0.965490879993789,unlicensed_lending,0.99,checkout,True,0,0.0,0.0,answered,True,3,3,RESTRICT,4,telemetry;storefront,telemetry,3,confidence_threshold_met,4.4,99645.53633333332,telemetry_drift,False,900.0,0.0,0.0,900.0
MID102482,apparel,0,legit,none,0,0.0010450010932938523,,,,False,0,0.0,0.0,not_called,,0,0,NONE,0,,,0,not_triaged,0.0,25607.403666666665,,False,0.0,0.0,0.0,0.0
MID103524,home_furnishing,0,legit,none,0,0.002865793261594444,,,,False,0,0.0,0.0,not_called,,0,0,NONE,0,,,0,not_triaged,0.0,194971.1213333333,,True,0.0,0.0,0.0,0.0
MID103819,home_furnishing,0,legit,none,0,0.0029226967453887523,,,,False,0,0.0,0.0,not_called,,0,0,NONE,0,,,0,not_triaged,0.0,75008.10266666667,,False,0.0,0.0,0.0,0.0
MID102185,apparel,0,legit,none,0,0.0009008029248031067,,,,False,0,0.0,0.0,not_called,,0,0,NONE,0,,,0,not_triaged,0.0,106919.73866666669,,True,0.0,0.0,0.0,0.0
MID102206,apparel,0,legit,none,0,0.0009469865730999912,,,,False,0,0.0,0.0,not_called,,0,0,NONE,0,,,0,not_triaged,0.0,136714.31699999998,,False,0.0,0.0,0.0,0.0
MID100584,electronics_retail,0,legit,none,0,0.0009693723968637864,,,,False,0,0.0,0.0,not_called,,0,0,NONE,0,,,0,not_triaged,0.0,140120.44499999998,,False,0.0,0.0,0.0,0.0
MID100828,home_furnishing,0,legit,none,0,0.001032845944875793,,,,False,0,0.0,0.0,not_called,,0,0,NONE,0,,,0,not_triaged,0.0,82674.36633333332,,False,0.0,0.0,0.0,0.0
MID100315,apparel,0,legit,shared_platform,0,0.012492753044357027,,,,False,0,0.0,0.0,not_called,,0,0,NONE,0,,,0,not_triaged,0.0,463433.413,,False,0.0,0.0,0.0,0.0
MID100689,digital_services,0,legit,none,0,0.0005736817641249976,,,,False,0,0.0,0.0,not_called,,0,0,NONE,0,,,0,not_triaged,0.0,21802.00533333333,,False,0.0,0.0,0.0,0.0
MID103466,digital_services,0,legit,price_point_change,0,0.001685607977771853,,,,False,0,0.0,0.0,not_called,,0,0,NONE,0,,,0,not_triaged,0.0,25169.482333333333,,True,0.0,0.0,0.0,0.0
MID100085,pharmacy,1,licensing_violation,none,0,0.002850935472585627,,,,False,0,0.0,0.0,not_called,,0,0,NONE,0,,,0,not_triaged,0.0,51654.74566666667,,True,0.0,0.0,1108671.83,1108671.83
MID102972,electronics_retail,0,legit,none,0,0.0014078706956020647,,,,False,0,0.0,0.0,not_called,,0,0,NONE,0,,,0,not_triaged,0.0,59797.29000000001,,True,0.0,0.0,0.0,0.0
MID101848,pharmacy,0,legit,shared_platform,0,0.0010109582678847597,,,,False,0,0.0,0.0,not_called,,0,0,NONE,0,,,0,not_triaged,0.0,19389.841666666667,,False,0.0,0.0,0.0,0.0
MID101712,electronics_retail,0,legit,none,0,0.0007469637176068353,,,,False,0,0.0,0.0,not_called,,0,0,NONE,0,,,0,not_triaged,0.0,127399.47233333332,,False,0.0,0.0,0.0,0.0
MID103761,home_furnishing,0,legit,none,0,0.0017591625011112062,,,,False,0,0.0,0.0,not_called,,0,0,NONE,0,,,0,not_triaged,0.0,44907.08866666666,,False,0.0,0.0,0.0,0.0
MID102900,home_furnishing,0,legit,none,0,0.0019406590240558532,,,,False,0,0.0,0.0,not_called,,0,0,NONE,0,,,0,not_triaged,0.0,36414.14000000001,,False,0.0,0.0,0.0,0.0
MID102532,subscription_box,0,legit,viral_spike,0,0.0020021542051235847,,,,False,0,0.0,0.0,not_called,,0,0,NONE,0,,,0,not_triaged,0.0,69781.78066666666,,False,0.0,0.0,0.0,0.0
MID101905,travel_agency,0,legit,none,0,0.0020885290393613267,,,,False,0,0.0,0.0,not_called,,0,0,NONE,0,,,0,not_triaged,0.0,267640.64133333333,,False,0.0,0.0,0.0,0.0
MID103914,subscription_box,0,legit,none,0,0.005255586793431043,,,,False,0,0.0,0.0,not_called,,0,0,NONE,0,,,0,not_triaged,0.0,50870.94666666666,,False,0.0,0.0,0.0,0.0
MID100063,pharmacy,1,licensing_violation,none,0,0.0010136309913263601,,,,False,0,0.0,0.0,not_called,,0,0,NONE,0,,,0,not_triaged,0.0,22157.965,,True,0.0,0.0,428438.87,428438.87
MID103285,apparel,0,legit,shared_platform,0,0.0013471297835167817,,,,False,0,0.0,0.0,not_called,,0,0,NONE,0,,,0,not_triaged,0.0,250197.32433333332,,True,0.0,0.0,0.0,0.0
MID103077,home_furnishing,0,legit,none,0,0.0016601597400298287,,,,False,0,0.0,0.0,not_called,,0,0,NONE,0,,,0,not_triaged,0.0,40798.76066666667,,False,0.0,0.0,0.0,0.0
MID100325,subscription_box,0,legit,price_point_change,0,0.00118367733168277,,,,False,0,0.0,0.0,not_called,,0,0,NONE,0,,,0,not_triaged,0.0,16247.206333333334,,False,0.0,0.0,0.0,0.0
MID102908,skill_gaming,0,legit,none,0,0.0014535273148556414,skill_gaming,0.9745,homepage,False,0,0.0,0.0,not_called,,0,0,NONE,0,,,2,evidence_exhausted,2.2,237616.9873333333,high_volume_rotation,False,0.0,0.0,0.0,0.0
MID101380,electronics_retail,0,legit,none,0,0.0009877892270161084,,,,False,0,0.0,0.0,not_called,,0,0,NONE,0,,,0,not_triaged,0.0,276285.7186666667,,False,0.0,0.0,0.0,0.0
MID101443,apparel,0,legit,none,0,0.016248659042798895,,,,False,0,0.0,0.0,not_called,,0,0,NONE,0,,,0,not_triaged,0.0,78257.064,,False,0.0,0.0,0.0,0.0
MID103053,skill_gaming,0,legit,none,0,0.0018452148982970535,,,,False,0,0.0,0.0,not_called,,0,0,NONE,0,,,0,not_triaged,0.0,163980.87099999998,,False,0.0,0.0,0.0,0.0
MID103416,digital_services,0,legit,shared_platform,0,0.002749411354700588,,,,False,0,0.0,0.0,not_called,,0,0,NONE,0,,,0,not_triaged,0.0,54976.30033333333,,True,0.0,0.0,0.0,0.0
MID100908,home_furnishing,0,legit,festival_season,0,0.013310020844117141,,,,False,0,0.0,0.0,not_called,,0,0,NONE,0,,,0,not_triaged,0.0,83473.16266666666,,False,0.0,0.0,0.0,0.0
MID101180,travel_agency,0,legit,none,0,0.0012332382729133623,travel_agency,0.976,homepage,False,0,0.0,0.0,not_called,,0,0,NONE,0,,,2,evidence_exhausted,2.2,1057807.907,high_volume_rotation,True,0.0,0.0,0.0,0.0
MID103948,electronics_retail,0,legit,none,0,0.011910360898239106,electronics_retail,0.9372,homepage,False,0,0.0,0.0,not_called,,0,0,NONE,0,,,2,evidence_exhausted,2.2,100709.44,external_signal,True,0.0,0.0,0.0,0.0
MID102217,home_furnishing,0,legit,none,0,0.0030722655522106815,,,,False,0,0.0,0.0,not_called,,0,0,NONE,0,,,0,not_triaged,0.0,62186.37066666667,,False,0.0,0.0,0.0,0.0
MID100554,electronics_retail,0,legit,none,0,0.002513869587492703,,,,False,0,0.0,0.0,not_called,,0,0,NONE,0,,,0,not_triaged,0.0,113515.706,,False,0.0,0.0,0.0,0.0
MID103782,apparel,0,legit,none,0,0.0009930947733726293,,,,False,0,0.0,0.0,not_called,,0,0,NONE,0,,,0,not_triaged,0.0,114000.02533333332,,False,0.0,0.0,0.0,0.0
MID102610,apparel,0,legit,none,0,0.001133490690317496,,,,False,0,0.0,0.0,not_called,,0,0,NONE,0,,,0,not_triaged,0.0,71378.40800000001,,False,0.0,0.0,0.0,0.0
MID103775,skill_gaming,0,legit,none,0,0.0009606065813745727,,,,False,0,0.0,0.0,not_called,,0,0,NONE,0,,,0,not_triaged,0.0,336312.9936666667,,True,0.0,0.0,0.0,0.0
MID101557,subscription_box,0,legit,none,0,0.0027585461915293767,,,,False,0,0.0,0.0,not_called,,0,0,NONE,0,,,0,not_triaged,0.0,73632.26733333334,,False,0.0,0.0,0.0,0.0
MID102672,home_furnishing,0,legit,none,0,0.0011843317173539224,,,,False,0,0.0,0.0,not_called,,0,0,NONE,0,,,0,not_triaged,0.0,188121.40433333337,,False,0.0,0.0,0.0,0.0
MID103488,home_furnishing,0,legit,none,0,0.0017010461969097128,,,,False,0,0.0,0.0,not_called,,0,0,NONE,0,,,0,not_triaged,0.0,61488.77333333334,,False,0.0,0.0,0.0,0.0
MID103025,electronics_retail,0,legit,festival_season,0,0.004756711079527592,,,,False,0,0.0,0.0,not_called,,0,0,NONE,0,,,0,not_triaged,0.0,207923.221,,False,0.0,0.0,0.0,0.0
MID102469,apparel,0,legit,none,0,0.006042509031903442,,,,False,0,0.0,0.0,not_called,,0,0,NONE,0,,,0,not_triaged,0.0,159644.66566666667,,True,0.0,0.0,0.0,0.0
MID100893,pharmacy,0,legit,none,0,0.00077340804036724,,,,False,0,0.0,0.0,not_called,,0,0,NONE,0,,,0,not_triaged,0.0,69078.74266666667,,False,0.0,0.0,0.0,0.0
MID101560,subscription_box,0,legit,none,0,0.008768321514587653,,,,False,0,0.0,0.0,not_called,,0,0,NONE,0,,,0,not_triaged,0.0,76593.87533333333,,False,0.0,0.0,0.0,0.0
MID103372,travel_agency,0,legit,festival_season,0,0.009263697154123837,travel_agency,0.8484,homepage,False,0,0.0,0.0,not_called,,0,0,NONE,0,,,2,evidence_exhausted,2.2,522724.8973333333,volume_shape_change,False,0.0,0.0,0.0,0.0
MID103141,travel_agency,0,legit,none,0,0.006362050064626669,,,,False,0,0.0,0.0,not_called,,0,0,NONE,0,,,0,not_triaged,0.0,46186.55633333333,,True,0.0,0.0,0.0,0.0
MID101138,apparel,0,legit,none,0,0.0011638919115711619,,,,False,0,0.0,0.0,not_called,,0,0,NONE,0,,,0,not_triaged,0.0,29025.83066666667,,True,0.0,0.0,0.0,0.0
MID102766,apparel,0,legit,none,0,0.0009716549436498127,,,,False,0,0.0,0.0,not_called,,0,0,NONE,0,,,0,not_triaged,0.0,65828.04233333333,,False,0.0,0.0,0.0,0.0
MID101234,apparel,0,legit,none,0,0.0010003288552227077,,,,False,0,0.0,0.0,not_called,,0,0,NONE,0,,,0,not_triaged,0.0,222573.53833333336,,False,0.0,0.0,0.0,0.0
MID102662,travel_agency,0,legit,festival_season,0,0.003960044342179036,travel_agency,0.99,homepage,False,0,0.0,0.0,not_called,,0,0,NONE,0,,,2,evidence_exhausted,2.2,303004.107,high_volume_rotation,False,0.0,0.0,0.0,0.0
MID100787,apparel,0,legit,none,0,0.001119335671664303,,,,False,0,0.0,0.0,not_called,,0,0,NONE,0,,,0,not_triaged,0.0,53988.843,,False,0.0,0.0,0.0,0.0
MID101808,apparel,0,legit,viral_spike,0,0.016373342194572014,,,,False,0,0.0,0.0,not_called,,0,0,NONE,0,,,0,not_triaged,0.0,36650.598000000005,,True,0.0,0.0,0.0,0.0
MID100398,subscription_box,0,legit,shared_platform,0,0.0010516918167233454,,,,False,0,0.0,0.0,not_called,,0,0,NONE,0,,,0,not_triaged,0.0,187802.45,,False,0.0,0.0,0.0,0.0
MID102055,home_furnishing,0,legit,none,0,0.0007102861704492894,,,,False,0,0.0,0.0,not_called,,0,0,NONE,0,,,0,not_triaged,0.0,23308.305,,True,0.0,0.0,0.0,0.0
MID103272,home_furnishing,0,legit,none,0,0.0015991714693357074,,,,False,0,0.0,0.0,not_called,,0,0,NONE,0,,,0,not_triaged,0.0,56910.66133333333,,True,0.0,0.0,0.0,0.0
MID103400,travel_agency,0,legit,festival_season,0,0.0038125009258483254,,,,False,0,0.0,0.0,not_called,,0,0,NONE,0,,,0,not_triaged,0.0,285193.259,,False,0.0,0.0,0.0,0.0
MID103730,skill_gaming,0,legit,none,0,0.0013979087461864844,,,,False,0,0.0,0.0,not_called,,0,0,NONE,0,,,0,not_triaged,0.0,89156.00499999999,,True,0.0,0.0,0.0,0.0
MID103319,home_furnishing,0,legit,none,0,0.0013058744565642663,,,,False,0,0.0,0.0,not_called,,0,0,NONE,0,,,0,not_triaged,0.0,62612.92766666666,,False,0.0,0.0,0.0,0.0
MID102902,skill_gaming,0,legit,none,0,0.00566247378467107,,,,False,0,0.0,0.0,not_called,,0,0,NONE,0,,,0,not_triaged,0.0,371241.067,,False,0.0,0.0,0.0,0.0
MID101168,pharmacy,0,legit,shared_platform,0,0.0015890356374360867,,,,False,0,0.0,0.0,not_called,,0,0,NONE,0,,,0,not_triaged,0.0,93641.17833333332,,False,0.0,0.0,0.0,0.0
MID103302,electronics_retail,0,legit,none,0,0.002604142478364063,,,,False,0,0.0,0.0,not_called,,0,0,NONE,0,,,0,not_triaged,0.0,51956.13033333333,,True,0.0,0.0,0.0,0.0
MID101136,apparel,0,legit,none,0,0.0009477863588699328,,,,False,0,0.0,0.0,not_called,,0,0,NONE,0,,,0,not_triaged,0.0,27216.45533333333,,False,0.0,0.0,0.0,0.0
MID102233,home_furnishing,0,legit,none,0,0.0007543627537261415,,,,False,0,0.0,0.0,not_called,,0,0,NONE,0,,,0,not_triaged,0.0,30109.34333333333,,False,0.0,0.0,0.0,0.0
MID101849,digital_services,0,legit,none,0,0.0014521661911741856,,,,False,0,0.0,0.0,not_called,,0,0,NONE,0,,,0,not_triaged,0.0,86876.81466666666,,False,0.0,0.0,0.0,0.0
MID103346,subscription_box,0,legit,none,0,0.0043691595922756305,,,,False,0,0.0,0.0,not_called,,0,0,NONE,0,,,0,not_triaged,0.0,80128.76933333333,,False,0.0,0.0,0.0,0.0
MID100896,digital_services,0,legit,shared_platform,0,0.0007038849928329538,,,,False,0,0.0,0.0,not_called,,0,0,NONE,0,,,0,not_triaged,0.0,41542.80133333334,,False,0.0,0.0,0.0,0.0
MID102676,digital_services,0,legit,price_point_change,0,0.0011633444124685627,,,,False,0,0.0,0.0,not_called,,0,0,NONE,0,,,0,not_triaged,0.0,55554.439,,True,0.0,0.0,0.0,0.0
MID101924,travel_agency,0,legit,none,0,0.000584409382465623,,,,False,0,0.0,0.0,not_called,,0,0,NONE,0,,,0,not_triaged,0.0,92670.19933333332,,False,0.0,0.0,0.0,0.0
MID102755,apparel,0,legit,shared_platform,0,0.01491641382845939,,,,False,0,0.0,0.0,not_called,,0,0,NONE,0,,,0,not_triaged,0.0,14322.486666666666,,False,0.0,0.0,0.0,0.0
MID103180,subscription_box,0,legit,none,0,0.0012725868312140648,,,,False,0,0.0,0.0,not_called,,0,0,NONE,0,,,0,not_triaged,0.0,24980.214,,False,0.0,0.0,0.0,0.0
MID103689,home_furnishing,0,legit,none,0,0.0016060450292717647,,,,False,0,0.0,0.0,not_called,,0,0,NONE,0,,,0,not_triaged,0.0,66809.51133333333,,False,0.0,0.0,0.0,0.0
MID103344,apparel,0,legit,none,0,0.0015850072857375753,,,,False,0,0.0,0.0,not_called,,0,0,NONE,0,,,0,not_triaged,0.0,49027.73533333334,,False,0.0,0.0,0.0,0.0
MID100207,apparel,0,legit,none,0,0.0007235362915881246,,,,False,0,0.0,0.0,not_called,,0,0,NONE,0,,,0,not_triaged,0.0,48077.04533333333,,False,0.0,0.0,0.0,0.0
MID102273,digital_services,0,legit,shared_platform,0,0.016851607018909903,,,,False,0,0.0,0.0,not_called,,0,0,NONE,0,,,0,not_triaged,0.0,23839.745666666666,,False,0.0,0.0,0.0,0.0
MID103513,apparel,0,legit,festival_season,0,0.0037564000239786446,,,,False,0,0.0,0.0,not_called,,0,0,NONE,0,,,0,not_triaged,0.0,187395.45133333333,,False,0.0,0.0,0.0,0.0
MID100420,electronics_retail,0,legit,none,0,0.0015214998891292515,,,,False,0,0.0,0.0,not_called,,0,0,NONE,0,,,0,not_triaged,0.0,252636.311,,False,0.0,0.0,0.0,0.0
MID102596,digital_services,0,legit,shared_platform,0,0.0007916102066850202,,,,False,0,0.0,0.0,not_called,,0,0,NONE,0,,,0,not_triaged,0.0,266124.365,,False,0.0,0.0,0.0,0.0
MID102653,home_furnishing,0,legit,none,0,0.010599780893475677,,,,False,0,0.0,0.0,not_called,,0,0,NONE,0,,,0,not_triaged,0.0,8424.821,,True,0.0,0.0,0.0,0.0
MID102009,home_furnishing,0,legit,none,0,0.0012156225493745818,,,,False,0,0.0,0.0,not_called,,0,0,NONE,0,,,0,not_triaged,0.0,42364.777,,False,0.0,0.0,0.0,0.0
MID101978,apparel,0,legit,none,0,0.0029396425021118284,,,,False,0,0.0,0.0,not_called,,0,0,NONE,0,,,0,not_triaged,0.0,87458.58166666668,,True,0.0,0.0,0.0,0.0
MID103796,electronics_retail,0,legit,viral_spike,0,0.0013138942942872481,,,,False,0,0.0,0.0,not_called,,0,0,NONE,0,,,0,not_triaged,0.0,37173.67866666666,,False,0.0,0.0,0.0,0.0
MID100865,subscription_box,0,legit,none,0,0.0014487093758703896,,,,False,0,0.0,0.0,not_called,,0,0,NONE,0,,,0,not_triaged,0.0,77129.90833333334,,True,0.0,0.0,0.0,0.0
MID100154,digital_services,0,legit,none,0,0.0006900128608945427,,,,False,0,0.0,0.0,not_called,,0,0,NONE,0,,,0,not_triaged,0.0,93460.13433333334,,False,0.0,0.0,0.0,0.0
MID102704,electronics_retail,0,legit,none,0,0.0011905164579021925,,,,False,0,0.0,0.0,not_called,,0,0,NONE,0,,,0,not_triaged,0.0,114562.07,,False,0.0,0.0,0.0,0.0
MID102994,skill_gaming,0,legit,none,0,0.019005518200877824,,,,False,0,0.0,0.0,not_called,,0,0,NONE,0,,,0,not_triaged,0.0,165229.261,,False,0.0,0.0,0.0,0.0
MID100926,electronics_retail,0,legit,none,0,0.0009250656747688202,,,,False,0,0.0,0.0,not_called,,0,0,NONE,0,,,0,not_triaged,0.0,69366.98033333333,,False,0.0,0.0,0.0,0.0
MID100830,home_furnishing,0,legit,none,0,0.009562303047861813,,,,False,0,0.0,0.0,not_called,,0,0,NONE,0,,,0,not_triaged,0.0,62006.958,,False,0.0,0.0,0.0,0.0
MID101549,home_furnishing,0,legit,none,0,0.0008291197940364436,,,,False,0,0.0,0.0,not_called,,0,0,NONE,0,,,0,not_triaged,0.0,75240.60766666668,,False,0.0,0.0,0.0,0.0
MID101183,travel_agency,0,legit,none,0,0.0014257184072537657,,,,False,0,0.0,0.0,not_called,,0,0,NONE,0,,,0,not_triaged,0.0,336142.4583333333,,True,0.0,0.0,0.0,0.0
MID100151,digital_services,0,legit,none,0,0.0023442947734434727,,,,False,0,0.0,0.0,not_called,,0,0,NONE,0,,,0,not_triaged,0.0,91800.72566666668,,True,0.0,0.0,0.0,0.0
MID102215,apparel,0,legit,none,0,0.04487312252599614,,,,False,0,0.0,0.0,not_called,,0,0,NONE,0,,,0,not_triaged,0.0,135786.03733333334,,False,0.0,0.0,0.0,0.0
MID100747,electronics_retail,0,legit,none,0,0.0011189866768049992,,,,False,0,0.0,0.0,not_called,,0,0,NONE,0,,,0,not_triaged,0.0,231666.19133333332,,False,0.0,0.0,0.0,0.0
MID100091,home_furnishing,1,pivot_prohibited,none,1,0.38413987785689235,sports_betting,0.99,homepage,True,0,0.0,0.0,answered,True,2,2,RESTRICT,3,storefront,,2,confidence_threshold_met,2.2,64522.82166666667,telemetry_drift,False,900.0,0.0,0.0,900.0
MID101952,travel_agency,0,legit,none,0,0.0007195963453365625,,,,False,0,0.0,0.0,not_called,,0,0,NONE,0,,,0,not_triaged,0.0,53302.45499999999,,False,0.0,0.0,0.0,0.0
MID101821,pharmacy,0,legit,shared_platform,0,0.0047362196466871126,,,,False,0,0.0,0.0,not_called,,0,0,NONE,0,,,0,not_triaged,0.0,37675.06766666667,,False,0.0,0.0,0.0,0.0
MID101699,electronics_retail,0,legit,none,0,0.001210912206585534,,,,False,0,0.0,0.0,not_called,,0,0,NONE,0,,,0,not_triaged,0.0,40906.41066666666,,False,0.0,0.0,0.0,0.0
MID103429,pharmacy,0,legit,none,0,0.0033680012892693817,,,,False,0,0.0,0.0,not_called,,0,0,NONE,0,,,0,not_triaged,0.0,123423.38166666664,,False,0.0,0.0,0.0,0.0
MID101022,travel_agency,0,legit,none,0,0.009419559434683887,,,,False,0,0.0,0.0,not_called,,0,0,NONE,0,,,0,not_triaged,0.0,63652.832,,False,0.0,0.0,0.0,0.0
MID101658,electronics_retail,0,legit,none,0,0.0011228934344824312,,,,False,0,0.0,0.0,not_called,,0,0,NONE,0,,,0,not_triaged,0.0,191544.717,,False,0.0,0.0,0.0,0.0
MID100602,pharmacy,0,legit,none,0,0.0024703773344381926,,,,False,0,0.0,0.0,not_called,,0,0,NONE,0,,,0,not_triaged,0.0,18509.410333333337,,False,0.0,0.0,0.0,0.0
MID103656,digital_services,0,legit,none,0,0.0013432966763057403,,,,False,0,0.0,0.0,not_called,,0,0,NONE,0,,,0,not_triaged,0.0,60080.362,,False,0.0,0.0,0.0,0.0
MID100818,electronics_retail,0,legit,none,0,0.0012011983534847958,,,,False,0,0.0,0.0,not_called,,0,0,NONE,0,,,0,not_triaged,0.0,441899.3176666667,,True,0.0,0.0,0.0,0.0
MID102770,home_furnishing,0,legit,none,0,0.006161309001057017,,,,False,0,0.0,0.0,not_called,,0,0,NONE,0,,,0,not_triaged,0.0,27721.342,,False,0.0,0.0,0.0,0.0
MID103409,digital_services,0,legit,none,0,0.0350667080939719,,,,False,0,0.0,0.0,not_called,,0,0,NONE,0,,,0,not_triaged,0.0,73462.83966666667,,False,0.0,0.0,0.0,0.0
MID100005,digital_services,1,funnel_ring,none,0,0.6538344313097711,crypto_exchange,0.9151,checkout,False,7,0.9291,0.764,no_answer,,3,3,RESTRICT,4,telemetry;storefront;infrastructure,telemetry,4,confidence_threshold_met,4.4,77998.95166666666,telemetry_drift;network_cluster,False,900.0,0.0,0.0,900.0
MID101701,electronics_retail,0,legit,none,0,0.0012921638186355238,,,,False,0,0.0,0.0,not_called,,0,0,NONE,0,,,0,not_triaged,0.0,99659.78533333332,,False,0.0,0.0,0.0,0.0
MID102587,home_furnishing,0,legit,festival_season,0,0.003571345900681951,,,,False,0,0.0,0.0,not_called,,0,0,NONE,0,,,0,not_triaged,0.0,250787.01533333331,,True,0.0,0.0,0.0,0.0
MID101026,electronics_retail,0,legit,festival_season,0,0.012494520395635159,,,,False,0,0.0,0.0,not_called,,0,0,NONE,0,,,0,not_triaged,0.0,1020048.8786666668,,False,0.0,0.0,0.0,0.0
MID102077,subscription_box,0,legit,none,0,0.0031768023786991843,,,,False,0,0.0,0.0,not_called,,0,0,NONE,0,,,0,not_triaged,0.0,53203.728,,True,0.0,0.0,0.0,0.0
MID103963,skill_gaming,0,legit,none,0,0.001452162667362984,,,,False,0,0.0,0.0,not_called,,0,0,NONE,0,,,0,not_triaged,0.0,186375.02866666665,,False,0.0,0.0,0.0,0.0
MID101961,electronics_retail,0,legit,none,0,0.005128283490637016,electronics_retail,0.99,homepage,False,0,0.0,0.0,not_called,,0,0,NONE,0,,,2,evidence_exhausted,2.2,248854.17,high_volume_rotation,False,0.0,0.0,0.0,0.0
MID103401,travel_agency,0,legit,festival_season,0,0.002572559412755132,,,,False,0,0.0,0.0,not_called,,0,0,NONE,0,,,0,not_triaged,0.0,221431.886,,False,0.0,0.0,0.0,0.0
MID100136,pharmacy,1,licensing_violation,none,0,0.7571974407666525,unregistered_pharmacy,0.99,homepage,False,8,0.3913,0.059,answered,True,3,3,RESTRICT,4,telemetry;storefront,telemetry,2,confidence_threshold_met,2.2,29633.309666666668,telemetry_drift,False,900.0,0.0,0.0,900.0
MID100823,digital_services,0,legit,none,0,0.007660084704312063,,,,False,6,0.363,0.109,not_called,,0,0,NONE,0,,,0,not_triaged,0.0,79710.207,,False,0.0,0.0,0.0,0.0
MID102201,subscription_box,0,legit,viral_spike,0,0.0005061211455756466,,,,False,0,0.0,0.0,not_called,,0,0,NONE,0,,,0,not_triaged,0.0,45947.725,,False,0.0,0.0,0.0,0.0
MID100526,subscription_box,0,legit,none,0,0.0007105354004545994,,,,False,0,0.0,0.0,not_called,,0,0,NONE,0,,,0,not_triaged,0.0,144011.98533333334,,False,0.0,0.0,0.0,0.0
MID102221,skill_gaming,0,legit,none,0,0.005264018748984859,,,,False,0,0.0,0.0,not_called,,0,0,NONE,0,,,0,not_triaged,0.0,171119.572,,True,0.0,0.0,0.0,0.0
MID103771,skill_gaming,0,legit,none,0,0.00116582505728366,,,,False,0,0.0,0.0,not_called,,0,0,NONE,0,,,0,not_triaged,0.0,200783.20366666667,,True,0.0,0.0,0.0,0.0
MID100387,skill_gaming,0,legit,none,0,0.0015762538201849125,,,,False,0,0.0,0.0,not_called,,0,0,NONE,0,,,0,not_triaged,0.0,186171.66033333336,,False,0.0,0.0,0.0,0.0
MID101846,travel_agency,0,legit,none,0,0.0006753200740476246,,,,False,0,0.0,0.0,not_called,,0,0,NONE,0,,,0,not_triaged,0.0,439013.1246666666,,False,0.0,0.0,0.0,0.0
MID100968,digital_services,0,legit,none,0,0.0013061689372462339,,,,False,0,0.0,0.0,not_called,,0,0,NONE,0,,,0,not_triaged,0.0,49873.80566666667,,True,0.0,0.0,0.0,0.0
MID102345,digital_services,0,legit,none,0,0.0038630610029745855,,,,False,0,0.0,0.0,not_called,,0,0,NONE,0,,,0,not_triaged,0.0,39396.446,,False,0.0,0.0,0.0,0.0
MID100750,skill_gaming,0,legit,none,0,0.001906615105820205,,,,False,0,0.0,0.0,not_called,,0,0,NONE,0,,,0,not_triaged,0.0,198653.7893333333,,False,0.0,0.0,0.0,0.0
MID100222,travel_agency,0,legit,festival_season,0,0.004752709641396117,,,,False,0,0.0,0.0,not_called,,0,0,NONE,0,,,0,not_triaged,0.0,282318.4843333333,,True,0.0,0.0,0.0,0.0
MID103291,home_furnishing,0,legit,none,0,0.0007820102227563327,,,,False,0,0.0,0.0,not_called,,0,0,NONE,0,,,0,not_triaged,0.0,76754.95500000002,,False,0.0,0.0,0.0,0.0
MID100007,subscription_box,1,funnel_ring,none,0,0.9532135731287206,crypto_exchange,0.9516,checkout,True,7,0.9291,0.764,answered,True,4,4,RESTRICT,4,telemetry;storefront;infrastructure,telemetry,4,confidence_threshold_met,4.4,105086.65,telemetry_drift;network_cluster,False,900.0,0.0,0.0,900.0
MID100563,digital_services,0,legit,none,0,0.000910967722725684,,,,False,0,0.0,0.0,not_called,,0,0,NONE,0,,,0,not_triaged,0.0,118135.58333333331,,False,0.0,0.0,0.0,0.0
MID102398,home_furnishing,0,legit,none,0,0.00048508854884713056,,,,False,0,0.0,0.0,not_called,,0,0,NONE,0,,,0,not_triaged,0.0,156916.66333333336,,False,0.0,0.0,0.0,0.0
MID103064,digital_services,0,legit,none,0,0.014450481117367171,,,,False,0,0.0,0.0,not_called,,0,0,NONE,0,,,0,not_triaged,0.0,48715.19133333334,,False,0.0,0.0,0.0,0.0
MID102742,apparel,0,legit,none,0,0.0006298966424690307,,,,False,0,0.0,0.0,not_called,,0,0,NONE,0,,,0,not_triaged,0.0,73272.43766666666,,False,0.0,0.0,0.0,0.0
MID100898,electronics_retail,0,legit,festival_season,0,0.0023885732482484567,,,,False,0,0.0,0.0,not_called,,0,0,NONE,0,,,0,not_triaged,0.0,643298.2863333332,,True,0.0,0.0,0.0,0.0
MID100438,apparel,0,legit,none,0,0.003244884734064197,,,,False,0,0.0,0.0,not_called,,0,0,NONE,0,,,0,not_triaged,0.0,93652.02,,True,0.0,0.0,0.0,0.0
MID103928,apparel,0,legit,festival_season,0,0.01517479550689887,,,,False,0,0.0,0.0,not_called,,0,0,NONE,0,,,0,not_triaged,0.0,192817.05166666667,,False,0.0,0.0,0.0,0.0
MID101669,travel_agency,0,legit,none,0,0.0048858551217864235,,,,False,0,0.0,0.0,not_called,,0,0,NONE,0,,,0,not_triaged,0.0,339895.2863333333,,False,0.0,0.0,0.0,0.0
MID103244,skill_gaming,0,legit,none,0,0.0015232951091860333,,,,False,0,0.0,0.0,not_called,,0,0,NONE,0,,,0,not_triaged,0.0,65442.437333333335,,False,0.0,0.0,0.0,0.0
MID101657,electronics_retail,0,legit,none,0,0.00595762508650178,,,,False,0,0.0,0.0,not_called,,0,0,NONE,0,,,0,not_triaged,0.0,594372.2663333334,,True,0.0,0.0,0.0,0.0
MID102368,electronics_retail,0,legit,none,0,0.005258201290074272,electronics_retail,0.99,homepage,False,0,0.0,0.0,not_called,,0,0,NONE,0,,,2,evidence_exhausted,2.2,387998.1896666667,high_volume_rotation,False,0.0,0.0,0.0,0.0
MID103866,electronics_retail,0,legit,none,0,0.0010251234267184318,,,,False,0,0.0,0.0,not_called,,0,0,NONE,0,,,0,not_triaged,0.0,145413.56733333334,,False,0.0,0.0,0.0,0.0
MID103581,skill_gaming,0,legit,none,0,0.010603290596724182,skill_gaming,0.9157,homepage,False,0,0.0,0.0,not_called,,0,0,NONE,0,,,2,evidence_exhausted,2.2,189922.001,external_signal,False,0.0,0.0,0.0,0.0
MID100271,digital_services,0,legit,none,0,0.0019282837410628752,,,,False,0,0.0,0.0,not_called,,0,0,NONE,0,,,0,not_triaged,0.0,46916.95466666667,,False,0.0,0.0,0.0,0.0
MID100552,subscription_box,0,legit,none,0,0.0015083868823692525,,,,False,0,0.0,0.0,not_called,,0,0,NONE,0,,,0,not_triaged,0.0,98467.10633333331,,False,0.0,0.0,0.0,0.0
MID101564,pharmacy,0,legit,none,0,0.036018355323878606,,,,False,0,0.0,0.0,not_called,,0,0,NONE,0,,,0,not_triaged,0.0,70456.49066666666,,True,0.0,0.0,0.0,0.0
MID103832,apparel,0,legit,none,0,0.002485392303064566,,,,False,0,0.0,0.0,not_called,,0,0,NONE,0,,,0,not_triaged,0.0,84704.30166666667,,True,0.0,0.0,0.0,0.0
MID103316,electronics_retail,0,legit,none,0,0.016587457292962553,,,,False,0,0.0,0.0,not_called,,0,0,NONE,0,,,0,not_triaged,0.0,212805.9253333333,,False,0.0,0.0,0.0,0.0
MID101361,apparel,0,legit,none,0,0.0008737118874868105,,,,False,0,0.0,0.0,not_called,,0,0,NONE,0,,,0,not_triaged,0.0,74957.74633333333,,True,0.0,0.0,0.0,0.0
MID101196,electronics_retail,0,legit,none,0,0.0019161546353160814,electronics_retail,0.893,homepage,False,0,0.0,0.0,not_called,,0,0,NONE,0,,,2,evidence_exhausted,2.2,233738.3113333333,high_volume_rotation,False,0.0,0.0,0.0,0.0
MID102814,subscription_box,0,legit,shared_platform,0,0.0009460624077015254,,,,False,0,0.0,0.0,not_called,,0,0,NONE,0,,,0,not_triaged,0.0,145502.87333333335,,False,0.0,0.0,0.0,0.0
MID102529,apparel,0,legit,none,0,0.0031781453904655022,,,,False,0,0.0,0.0,not_called,,0,0,NONE,0,,,0,not_triaged,0.0,58593.528,,False,0.0,0.0,0.0,0.0
MID100666,skill_gaming,0,legit,none,0,0.0008969263518138117,skill_gaming,0.99,homepage,False,0,0.0,0.0,not_called,,0,0,NONE,0,,,2,evidence_exhausted,2.2,500722.773,high_volume_rotation,True,0.0,0.0,0.0,0.0
MID103789,subscription_box,0,legit,none,0,0.0009633978053929009,,,,False,0,0.0,0.0,not_called,,0,0,NONE,0,,,0,not_triaged,0.0,39146.335666666666,,False,0.0,0.0,0.0,0.0
MID102949,digital_services,0,legit,shared_platform,0,0.0021707623438199392,,,,False,0,0.0,0.0,not_called,,0,0,NONE,0,,,0,not_triaged,0.0,46536.03633333333,,False,0.0,0.0,0.0,0.0
MID101479,apparel,0,legit,none,0,0.001198654401124884,,,,False,0,0.0,0.0,not_called,,0,0,NONE,0,,,0,not_triaged,0.0,165569.446,,False,0.0,0.0,0.0,0.0
MID101542,electronics_retail,0,legit,none,0,0.0022310591691026955,,,,False,6,0.363,0.109,not_called,,0,0,NONE,0,,,0,not_triaged,0.0,443410.0293333333,,True,0.0,0.0,0.0,0.0
MID100660,electronics_retail,0,legit,none,0,0.0009641861417890543,,,,False,0,0.0,0.0,not_called,,0,0,NONE,0,,,0,not_triaged,0.0,288928.9906666667,,True,0.0,0.0,0.0,0.0
MID103589,electronics_retail,0,legit,festival_season,0,0.003237701352660076,electronics_retail,0.99,homepage,False,0,0.0,0.0,not_called,,0,0,NONE,0,,,2,evidence_exhausted,2.2,209184.81166666665,high_volume_rotation,False,0.0,0.0,0.0,0.0
MID100600,apparel,0,legit,viral_spike,0,0.0003567733460760959,,,,False,0,0.0,0.0,not_called,,0,0,NONE,0,,,0,not_triaged,0.0,92572.54333333332,,True,0.0,0.0,0.0,0.0
MID102155,digital_services,0,legit,price_point_change,0,0.0008435437013278621,,,,False,0,0.0,0.0,not_called,,0,0,NONE,0,,,0,not_triaged,0.0,49082.07266666667,,False,0.0,0.0,0.0,0.0
MID100037,subscription_box,1,funnel_ring,none,0,0.004909864592309341,crypto_exchange,0.99,checkout,False,6,0.8566,0.522,answered,True,3,3,RESTRICT,4,storefront;infrastructure,infrastructure,4,confidence_threshold_met,4.4,118527.931,network_cluster,True,900.0,0.0,0.0,900.0
MID103855,digital_services,0,legit,none,0,0.0009152646653853994,,,,False,0,0.0,0.0,not_called,,0,0,NONE,0,,,0,not_triaged,0.0,129088.39066666666,,False,0.0,0.0,0.0,0.0
MID103412,electronics_retail,0,legit,none,0,0.0038398310103862107,,,,False,0,0.0,0.0,not_called,,0,0,NONE,0,,,0,not_triaged,0.0,93467.17533333332,,True,0.0,0.0,0.0,0.0
MID102280,digital_services,0,legit,shared_platform,0,0.015349930828406345,,,,False,0,0.0,0.0,not_called,,0,0,NONE,0,,,0,not_triaged,0.0,96759.628,,False,0.0,0.0,0.0,0.0
MID103183,subscription_box,0,legit,price_point_change,0,0.0031081854122335852,,,,False,0,0.0,0.0,not_called,,0,0,NONE,0,,,0,not_triaged,0.0,61674.192,,False,0.0,0.0,0.0,0.0
MID103526,pharmacy,0,legit,none,0,0.0003330905620452181,,,,False,0,0.0,0.0,not_called,,0,0,NONE,0,,,0,not_triaged,0.0,16920.005333333334,,False,0.0,0.0,0.0,0.0
MID101401,pharmacy,0,legit,none,0,0.011505733839719636,,,,False,0,0.0,0.0,not_called,,0,0,NONE,0,,,0,not_triaged,0.0,25165.713333333333,,False,0.0,0.0,0.0,0.0
MID103084,apparel,0,legit,none,0,0.0007698147319911788,,,,False,8,0.3913,0.059,not_called,,0,0,NONE,0,,,0,not_triaged,0.0,219746.63433333332,,False,0.0,0.0,0.0,0.0
MID101592,apparel,0,legit,shared_platform,0,0.007694694926310203,,,,False,0,0.0,0.0,not_called,,0,0,NONE,0,,,0,not_triaged,0.0,58194.45866666666,,False,0.0,0.0,0.0,0.0
MID102016,pharmacy,0,legit,none,0,0.00106683630076106,,,,False,0,0.0,0.0,not_called,,0,0,NONE,0,,,0,not_triaged,0.0,111129.01366666668,,False,0.0,0.0,0.0,0.0
MID103764,pharmacy,0,legit,shared_platform,0,0.0013183718651405922,,,,False,0,0.0,0.0,not_called,,0,0,NONE,0,,,0,not_triaged,0.0,16583.773666666664,,False,0.0,0.0,0.0,0.0
MID100861,digital_services,0,legit,none,0,0.0018807471107615344,,,,False,0,0.0,0.0,not_called,,0,0,NONE,0,,,0,not_triaged,0.0,41977.346666666665,,True,0.0,0.0,0.0,0.0
MID101143,subscription_box,0,legit,price_point_change,0,0.0009786037084457847,,,,False,0,0.0,0.0,not_called,,0,0,NONE,0,,,0,not_triaged,0.0,27041.361,,True,0.0,0.0,0.0,0.0
MID101083,apparel,0,legit,none,0,0.001631839179515613,,,,False,0,0.0,0.0,not_called,,0,0,NONE,0,,,0,not_triaged,0.0,81037.45233333335,,False,0.0,0.0,0.0,0.0
MID101945,pharmacy,0,legit,none,0,0.011441038277467582,,,,False,0,0.0,0.0,not_called,,0,0,NONE,0,,,0,not_triaged,0.0,141049.78733333334,,False,0.0,0.0,0.0,0.0
MID101900,home_furnishing,0,legit,none,0,0.000474509384037649,,,,False,0,0.0,0.0,not_called,,0,0,NONE,0,,,0,not_triaged,0.0,27787.979666666663,,True,0.0,0.0,0.0,0.0
MID100904,electronics_retail,0,legit,viral_spike,0,0.023403733157640896,,,,False,0,0.0,0.0,not_called,,0,0,NONE,0,,,0,not_triaged,0.0,37322.71366666667,,False,0.0,0.0,0.0,0.0
MID100741,subscription_box,0,legit,viral_spike,0,0.003029934764753718,,,,False,0,0.0,0.0,not_called,,0,0,NONE,0,,,0,not_triaged,0.0,41519.03966666666,,False,0.0,0.0,0.0,0.0
MID103411,travel_agency,0,legit,none,0,0.0013462803905591697,,,,False,0,0.0,0.0,not_called,,0,0,NONE,0,,,0,not_triaged,0.0,367823.727,,True,0.0,0.0,0.0,0.0
MID103505,pharmacy,0,legit,none,0,0.002445416341525615,,,,False,0,0.0,0.0,not_called,,0,0,NONE,0,,,0,not_triaged,0.0,34021.933666666664,,False,0.0,0.0,0.0,0.0
MID102420,electronics_retail,0,legit,festival_season,0,0.0028552757510405704,,,,False,0,0.0,0.0,not_called,,0,0,NONE,0,,,0,not_triaged,0.0,547167.1616666667,,True,0.0,0.0,0.0,0.0
MID101312,pharmacy,0,legit,none,0,0.0017769127956898845,,,,False,15,0.4055,0.177,not_called,,0,0,NONE,0,,,0,not_triaged,0.0,120364.84666666668,,False,0.0,0.0,0.0,0.0
MID102528,pharmacy,0,legit,none,0,0.0008130217292683204,,,,False,0,0.0,0.0,not_called,,0,0,NONE,0,,,0,not_triaged,0.0,86865.66166666667,,True,0.0,0.0,0.0,0.0
MID102786,home_furnishing,0,legit,none,0,0.0016490415845403878,,,,False,0,0.0,0.0,not_called,,0,0,NONE,0,,,0,not_triaged,0.0,40950.94766666667,,False,0.0,0.0,0.0,0.0
MID101438,electronics_retail,0,legit,festival_season,0,0.0054476232289983285,,,,False,0,0.0,0.0,not_called,,0,0,NONE,0,,,0,not_triaged,0.0,189516.841,,False,0.0,0.0,0.0,0.0
MID100948,home_furnishing,0,legit,none,0,0.001071532064672954,,,,False,0,0.0,0.0,not_called,,0,0,NONE,0,,,0,not_triaged,0.0,39766.20266666667,,False,0.0,0.0,0.0,0.0
MID102747,home_furnishing,0,legit,none,0,0.014743891551205899,,,,False,0,0.0,0.0,not_called,,0,0,NONE,0,,,0,not_triaged,0.0,60043.03133333333,,False,0.0,0.0,0.0,0.0
MID101613,subscription_box,0,legit,none,0,0.0008255383511789341,,,,False,0,0.0,0.0,not_called,,0,0,NONE,0,,,0,not_triaged,0.0,76760.947,,False,0.0,0.0,0.0,0.0
MID103846,travel_agency,0,legit,none,0,0.0027527754336767398,,,,False,0,0.0,0.0,not_called,,0,0,NONE,0,,,0,not_triaged,0.0,134533.1323333333,,False,0.0,0.0,0.0,0.0
MID101517,travel_agency,0,legit,none,0,0.0008454342481266231,,,,False,0,0.0,0.0,not_called,,0,0,NONE,0,,,0,not_triaged,0.0,116244.00833333332,,False,0.0,0.0,0.0,0.0
MID101082,apparel,0,legit,none,0,0.004174283740615907,,,,False,0,0.0,0.0,not_called,,0,0,NONE,0,,,0,not_triaged,0.0,116910.95666666668,,True,0.0,0.0,0.0,0.0
MID102916,electronics_retail,0,legit,none,0,0.0010106352049747119,,,,False,0,0.0,0.0,not_called,,0,0,NONE,0,,,0,not_triaged,0.0,268124.52733333333,,True,0.0,0.0,0.0,0.0
MID103023,home_furnishing,0,legit,viral_spike,0,0.00561236831218638,,,,False,0,0.0,0.0,not_called,,0,0,NONE,0,,,0,not_triaged,0.0,293205.55866666674,,False,0.0,0.0,0.0,0.0
MID102154,electronics_retail,0,legit,none,0,0.004474077649738433,,,,False,0,0.0,0.0,not_called,,0,0,NONE,0,,,0,not_triaged,0.0,40562.018,,False,0.0,0.0,0.0,0.0
MID103175,electronics_retail,0,legit,none,0,0.02243226523993966,,,,False,0,0.0,0.0,not_called,,0,0,NONE,0,,,0,not_triaged,0.0,120362.17066666669,,False,0.0,0.0,0.0,0.0
MID103859,subscription_box,0,legit,none,0,0.0011770674216905054,,,,False,0,0.0,0.0,not_called,,0,0,NONE,0,,,0,not_triaged,0.0,39520.819,,True,0.0,0.0,0.0,0.0
MID103051,home_furnishing,0,legit,none,0,0.003695229993995218,,,,False,0,0.0,0.0,not_called,,0,0,NONE,0,,,0,not_triaged,0.0,81037.91133333334,,False,0.0,0.0,0.0,0.0
MID103616,digital_services,0,legit,shared_platform,0,0.05578604462392413,,,,False,0,0.0,0.0,not_called,,0,0,NONE,0,,,0,not_triaged,0.0,33299.164,,False,0.0,0.0,0.0,0.0
MID103423,home_furnishing,0,legit,none,0,0.0025377515519756358,,,,False,0,0.0,0.0,not_called,,0,0,NONE,0,,,0,not_triaged,0.0,12586.815333333332,,False,0.0,0.0,0.0,0.0
MID102514,apparel,0,legit,none,0,0.0011557783194251436,,,,False,0,0.0,0.0,not_called,,0,0,NONE,0,,,0,not_triaged,0.0,51064.34566666667,,False,0.0,0.0,0.0,0.0
MID102526,electronics_retail,0,legit,none,0,0.0016874972203175756,,,,False,0,0.0,0.0,not_called,,0,0,NONE,0,,,0,not_triaged,0.0,107480.26766666668,,False,0.0,0.0,0.0,0.0
MID101791,home_furnishing,0,legit,viral_spike,0,0.0010563240717691008,,,,False,0,0.0,0.0,not_called,,0,0,NONE,0,,,0,not_triaged,0.0,124056.16733333332,,False,0.0,0.0,0.0,0.0
MID103862,home_furnishing,0,legit,viral_spike,0,0.007107283682626739,,,,False,0,0.0,0.0,not_called,,0,0,NONE,0,,,0,not_triaged,0.0,40081.407666666666,,False,0.0,0.0,0.0,0.0
MID101645,electronics_retail,0,legit,festival_season,0,0.011923214039019246,,,,False,0,0.0,0.0,not_called,,0,0,NONE,0,,,0,not_triaged,0.0,284365.167,,True,0.0,0.0,0.0,0.0
MID101742,home_furnishing,0,legit,none,0,0.001025126124208216,,,,False,0,0.0,0.0,not_called,,0,0,NONE,0,,,0,not_triaged,0.0,25685.06433333333,,False,0.0,0.0,0.0,0.0
MID103290,skill_gaming,0,legit,none,0,0.0011481332613564907,,,,False,0,0.0,0.0,not_called,,0,0,NONE,0,,,0,not_triaged,0.0,86406.90366666667,,False,0.0,0.0,0.0,0.0
MID102640,digital_services,0,legit,none,0,0.0009466072266248045,,,,False,0,0.0,0.0,not_called,,0,0,NONE,0,,,0,not_triaged,0.0,68697.669,,True,0.0,0.0,0.0,0.0
MID100519,electronics_retail,0,legit,festival_season,0,0.036239813527043474,,,,False,0,0.0,0.0,not_called,,0,0,NONE,0,,,0,not_triaged,0.0,325774.6283333333,,False,0.0,0.0,0.0,0.0
MID102713,subscription_box,0,legit,none,0,0.003415221674593657,,,,False,0,0.0,0.0,not_called,,0,0,NONE,0,,,0,not_triaged,0.0,40112.96366666667,,False,0.0,0.0,0.0,0.0
MID102464,subscription_box,0,legit,none,0,0.0016008778648817124,,,,False,0,0.0,0.0,not_called,,0,0,NONE,0,,,0,not_triaged,0.0,142005.392,,True,0.0,0.0,0.0,0.0
MID102063,pharmacy,0,legit,none,0,0.02840390054180216,,,,False,0,0.0,0.0,not_called,,0,0,NONE,0,,,0,not_triaged,0.0,24116.532,,False,0.0,0.0,0.0,0.0
MID103453,digital_services,0,legit,none,0,0.0011959352331138767,,,,False,0,0.0,0.0,not_called,,0,0,NONE,0,,,0,not_triaged,0.0,24103.351333333336,,True,0.0,0.0,0.0,0.0
MID102877,subscription_box,0,legit,none,0,0.0012418796348219413,,,,False,0,0.0,0.0,not_called,,0,0,NONE,0,,,0,not_triaged,0.0,103643.41933333334,,False,0.0,0.0,0.0,0.0
MID100391,subscription_box,0,legit,none,0,0.0018309883196698457,,,,False,0,0.0,0.0,not_called,,0,0,NONE,0,,,0,not_triaged,0.0,24542.264333333333,,False,0.0,0.0,0.0,0.0
MID103666,electronics_retail,0,legit,none,0,0.000934271146603874,,,,False,0,0.0,0.0,not_called,,0,0,NONE,0,,,0,not_triaged,0.0,1000854.151,,True,0.0,0.0,0.0,0.0
MID102466,home_furnishing,0,legit,festival_season,0,0.0017234171050185415,,,,False,15,0.4055,0.177,not_called,,0,0,NONE,0,,,0,not_triaged,0.0,124148.27533333332,,True,0.0,0.0,0.0,0.0
MID101400,digital_services,0,legit,shared_platform,0,0.004377656770350913,,,,False,0,0.0,0.0,not_called,,0,0,NONE,0,,,0,not_triaged,0.0,60337.191666666666,,True,0.0,0.0,0.0,0.0
MID103919,electronics_retail,0,legit,none,0,0.004077087144548285,,,,False,0,0.0,0.0,not_called,,0,0,NONE,0,,,0,not_triaged,0.0,117958.03966666666,,False,0.0,0.0,0.0,0.0
MID102981,home_furnishing,0,legit,none,0,0.0013538062356025897,,,,False,0,0.0,0.0,not_called,,0,0,NONE,0,,,0,not_triaged,0.0,56834.133,,False,0.0,0.0,0.0,0.0
MID101599,home_furnishing,0,legit,none,0,0.01116418611119754,,,,False,0,0.0,0.0,not_called,,0,0,NONE,0,,,0,not_triaged,0.0,154684.90666666668,,True,0.0,0.0,0.0,0.0
MID103799,pharmacy,0,legit,none,0,0.002315313349467398,,,,False,0,0.0,0.0,not_called,,0,0,NONE,0,,,0,not_triaged,0.0,110549.95533333332,,True,0.0,0.0,0.0,0.0
MID101383,skill_gaming,0,legit,none,0,0.0015137620117178147,,,,False,0,0.0,0.0,not_called,,0,0,NONE,0,,,0,not_triaged,0.0,126420.78733333334,,False,0.0,0.0,0.0,0.0
MID102515,home_furnishing,0,legit,none,0,0.007255906641380559,,,,False,0,0.0,0.0,not_called,,0,0,NONE,0,,,0,not_triaged,0.0,16967.683666666668,,False,0.0,0.0,0.0,0.0
MID100792,home_furnishing,0,legit,none,0,0.3805174404550924,home_furnishing,0.9398,checkout,False,0,0.0,0.0,not_called,,0,0,WATCH,1,,,4,evidence_exhausted,4.4,25214.163666666664,telemetry_drift,True,0.0,0.0,0.0,0.0
MID103119,digital_services,0,legit,price_point_change,0,0.007427412208112574,,,,False,0,0.0,0.0,not_called,,0,0,NONE,0,,,0,not_triaged,0.0,33993.39366666667,,False,0.0,0.0,0.0,0.0
MID100350,electronics_retail,0,legit,festival_season,0,0.03075790733183336,,,,False,0,0.0,0.0,not_called,,0,0,NONE,0,,,0,not_triaged,0.0,175768.88133333335,,False,0.0,0.0,0.0,0.0
MID102028,travel_agency,0,legit,none,0,0.002316585147487881,,,,False,0,0.0,0.0,not_called,,0,0,NONE,0,,,0,not_triaged,0.0,71606.00500000002,,False,0.0,0.0,0.0,0.0
MID101825,apparel,0,legit,none,0,0.007168995732719957,,,,False,0,0.0,0.0,not_called,,0,0,NONE,0,,,0,not_triaged,0.0,23835.95433333333,,False,0.0,0.0,0.0,0.0
MID102864,skill_gaming,0,legit,none,0,0.0097416779639346,,,,False,0,0.0,0.0,not_called,,0,0,NONE,0,,,0,not_triaged,0.0,214908.25866666663,,False,0.0,0.0,0.0,0.0
MID103585,digital_services,0,legit,price_point_change,0,0.005695323550658636,,,,False,0,0.0,0.0,not_called,,0,0,NONE,0,,,0,not_triaged,0.0,8405.720333333333,,True,0.0,0.0,0.0,0.0
MID100734,home_furnishing,0,legit,viral_spike,0,0.0015881950504803776,,,,False,0,0.0,0.0,not_called,,0,0,NONE,0,,,0,not_triaged,0.0,76951.81933333333,,False,0.0,0.0,0.0,0.0
MID100967,electronics_retail,0,legit,none,0,0.0017787194208089873,,,,False,0,0.0,0.0,not_called,,0,0,NONE,0,,,0,not_triaged,0.0,164927.76833333334,,False,0.0,0.0,0.0,0.0
MID102789,apparel,0,legit,none,0,0.001066025882204302,,,,False,0,0.0,0.0,not_called,,0,0,NONE,0,,,0,not_triaged,0.0,195570.44266666667,,False,0.0,0.0,0.0,0.0
MID103522,digital_services,0,legit,none,0,0.0009848816615123498,,,,False,0,0.0,0.0,not_called,,0,0,NONE,0,,,0,not_triaged,0.0,66842.334,,True,0.0,0.0,0.0,0.0
MID101753,home_furnishing,0,legit,none,0,0.00101222588432014,,,,False,0,0.0,0.0,not_called,,0,0,NONE,0,,,0,not_triaged,0.0,153723.28933333332,,True,0.0,0.0,0.0,0.0
MID103150,digital_services,0,legit,price_point_change,0,0.002090417992428876,,,,False,0,0.0,0.0,not_called,,0,0,NONE,0,,,0,not_triaged,0.0,58129.50133333333,,False,0.0,0.0,0.0,0.0
MID103066,skill_gaming,0,legit,none,0,0.0010595125135240075,skill_gaming,0.9583,homepage,False,0,0.0,0.0,not_called,,0,0,NONE,0,,,2,evidence_exhausted,2.2,360487.88766666665,high_volume_rotation,False,0.0,0.0,0.0,0.0
MID102502,home_furnishing,0,legit,none,0,0.0014241938399124762,,,,False,15,0.4055,0.177,not_called,,0,0,NONE,0,,,0,not_triaged,0.0,13052.291,,False,0.0,0.0,0.0,0.0
MID100150,skill_gaming,0,legit,none,0,0.0015043602045254974,,,,False,0,0.0,0.0,not_called,,0,0,NONE,0,,,0,not_triaged,0.0,78935.07233333333,,False,0.0,0.0,0.0,0.0
MID101778,travel_agency,0,legit,none,0,0.0009290476642218556,,,,False,0,0.0,0.0,not_called,,0,0,NONE,0,,,0,not_triaged,0.0,278696.1803333333,,False,0.0,0.0,0.0,0.0
MID100638,digital_services,0,legit,none,0,0.0015353285241980236,,,,False,0,0.0,0.0,not_called,,0,0,NONE,0,,,0,not_triaged,0.0,77533.92233333335,,True,0.0,0.0,0.0,0.0
MID101566,skill_gaming,0,legit,none,0,0.0018710046359371514,,,,False,0,0.0,0.0,not_called,,0,0,NONE,0,,,0,not_triaged,0.0,103071.88533333334,,False,0.0,0.0,0.0,0.0
MID101003,apparel,0,legit,none,0,0.005790826197777696,,,,False,0,0.0,0.0,not_called,,0,0,NONE,0,,,0,not_triaged,0.0,265160.2066666667,,True,0.0,0.0,0.0,0.0
MID103623,pharmacy,0,legit,shared_platform,0,0.021131050237042714,,,,False,0,0.0,0.0,not_called,,0,0,NONE,0,,,0,not_triaged,0.0,8091.601333333333,,False,0.0,0.0,0.0,0.0
MID101910,skill_gaming,0,legit,none,0,0.0007189091300495627,,,,False,0,0.0,0.0,not_called,,0,0,NONE,0,,,0,not_triaged,0.0,127045.30366666666,,False,0.0,0.0,0.0,0.0
MID103560,apparel,0,legit,none,0,0.0009874256977107838,,,,False,0,0.0,0.0,not_called,,0,0,NONE,0,,,0,not_triaged,0.0,124262.10466666664,,False,0.0,0.0,0.0,0.0
MID100400,apparel,0,legit,none,0,0.01101046638095411,,,,False,0,0.0,0.0,not_called,,0,0,NONE,0,,,0,not_triaged,0.0,53196.10833333333,,True,0.0,0.0,0.0,0.0
MID101156,subscription_box,0,legit,shared_platform,0,0.0010263194971057935,,,,False,0,0.0,0.0,not_called,,0,0,NONE,0,,,0,not_triaged,0.0,114632.658,,False,0.0,0.0,0.0,0.0
MID100536,apparel,0,legit,none,0,0.002224918830110084,,,,False,0,0.0,0.0,not_called,,0,0,NONE,0,,,0,not_triaged,0.0,58567.10400000001,,False,0.0,0.0,0.0,0.0
MID101111,home_furnishing,0,legit,none,0,0.002907919655751771,,,,False,0,0.0,0.0,not_called,,0,0,NONE,0,,,0,not_triaged,0.0,60082.41433333333,,False,0.0,0.0,0.0,0.0
MID103970,pharmacy,0,legit,shared_platform,0,0.0018260756335875964,,,,False,0,0.0,0.0,not_called,,0,0,NONE,0,,,0,not_triaged,0.0,80505.60266666667,,False,0.0,0.0,0.0,0.0
MID101813,digital_services,0,legit,price_point_change,0,0.0013584907243104733,,,,False,0,0.0,0.0,not_called,,0,0,NONE,0,,,0,not_triaged,0.0,41772.23233333333,,True,0.0,0.0,0.0,0.0
MID103759,travel_agency,0,legit,none,0,0.08660320584030398,,,,False,0,0.0,0.0,not_called,,0,0,NONE,0,,,0,not_triaged,0.0,29961.43,,False,0.0,0.0,0.0,0.0
MID102052,electronics_retail,0,legit,none,0,0.0014610943187034404,,,,False,0,0.0,0.0,not_called,,0,0,NONE,0,,,0,not_triaged,0.0,136481.15366666668,,True,0.0,0.0,0.0,0.0
MID103173,home_furnishing,0,legit,none,0,0.0010087935783993412,,,,False,0,0.0,0.0,not_called,,0,0,NONE,0,,,0,not_triaged,0.0,38316.66433333334,,True,0.0,0.0,0.0,0.0
MID103921,apparel,0,legit,none,0,0.001213290657425592,,,,False,0,0.0,0.0,not_called,,0,0,NONE,0,,,0,not_triaged,0.0,223459.46333333332,,True,0.0,0.0,0.0,0.0
MID101303,skill_gaming,0,legit,none,0,0.0014631754761429711,,,,False,0,0.0,0.0,not_called,,0,0,NONE,0,,,0,not_triaged,0.0,115263.03933333332,,False,0.0,0.0,0.0,0.0
MID103447,digital_services,0,legit,none,0,0.0016530968894717321,,,,False,0,0.0,0.0,not_called,,0,0,NONE,0,,,0,not_triaged,0.0,33404.79266666667,,False,0.0,0.0,0.0,0.0
MID100396,digital_services,0,legit,none,0,0.001455416235502091,,,,False,0,0.0,0.0,not_called,,0,0,NONE,0,,,0,not_triaged,0.0,31729.060666666668,,False,0.0,0.0,0.0,0.0
MID100751,skill_gaming,0,legit,none,0,0.0013396900297249588,,,,False,6,0.363,0.109,not_called,,0,0,NONE,0,,,0,not_triaged,0.0,141397.51166666666,,True,0.0,0.0,0.0,0.0
MID102509,skill_gaming,0,legit,none,0,0.0015499108197498392,,,,False,0,0.0,0.0,not_called,,0,0,NONE,0,,,0,not_triaged,0.0,99004.43833333334,,False,0.0,0.0,0.0,0.0
MID101930,pharmacy,0,legit,none,0,0.02016290811582711,,,,False,0,0.0,0.0,not_called,,0,0,NONE,0,,,0,not_triaged,0.0,29288.519333333334,,False,0.0,0.0,0.0,0.0
MID102343,travel_agency,0,legit,none,0,0.0010461987299863944,,,,False,11,0.4123,0.164,not_called,,0,0,NONE,0,,,0,not_triaged,0.0,37780.167,,False,0.0,0.0,0.0,0.0
MID103122,pharmacy,0,legit,none,0,0.10554237955122629,,,,False,0,0.0,0.0,not_called,,0,0,NONE,0,,,0,not_triaged,0.0,53910.194,,False,0.0,0.0,0.0,0.0
MID103969,electronics_retail,0,legit,none,0,0.0011749257807262123,,,,False,0,0.0,0.0,not_called,,0,0,NONE,0,,,0,not_triaged,0.0,137502.30066666668,,True,0.0,0.0,0.0,0.0
MID101779,electronics_retail,0,legit,none,0,0.0011314908143304043,,,,False,0,0.0,0.0,not_called,,0,0,NONE,0,,,0,not_triaged,0.0,52262.36266666666,,False,0.0,0.0,0.0,0.0
MID103929,digital_services,0,legit,none,0,0.002771938554658752,,,,False,0,0.0,0.0,not_called,,0,0,NONE,0,,,0,not_triaged,0.0,15469.898333333336,,True,0.0,0.0,0.0,0.0
MID101869,electronics_retail,0,legit,none,0,0.0037680785561579094,,,,False,0,0.0,0.0,not_called,,0,0,NONE,0,,,0,not_triaged,0.0,54116.30066666667,,False,0.0,0.0,0.0,0.0
MID102003,travel_agency,0,legit,none,0,0.0032857666819854523,,,,False,0,0.0,0.0,not_called,,0,0,NONE,0,,,0,not_triaged,0.0,273015.42833333334,,False,0.0,0.0,0.0,0.0
MID103533,travel_agency,0,legit,none,0,0.0007514026080151582,,,,False,0,0.0,0.0,not_called,,0,0,NONE,0,,,0,not_triaged,0.0,289515.2353333333,,True,0.0,0.0,0.0,0.0
MID102228,travel_agency,0,legit,none,0,0.0015490519132536965,,,,False,0,0.0,0.0,not_called,,0,0,NONE,0,,,0,not_triaged,0.0,96134.48066666668,,True,0.0,0.0,0.0,0.0
MID100388,electronics_retail,0,legit,none,0,0.001355210679567771,digital_services,0.05,homepage,False,0,0.0,0.0,not_called,,1,1,VERIFY,0,,,4,evidence_exhausted,2.2,348161.3396666667,high_volume_rotation,False,0.0,0.0,0.0,0.0
MID100906,digital_services,0,legit,none,0,0.0012337594874128612,,,,False,0,0.0,0.0,not_called,,0,0,NONE,0,,,0,not_triaged,0.0,94640.23366666664,,False,0.0,0.0,0.0,0.0
MID100117,apparel,1,pivot_prohibited,none,1,0.9989467527383195,sports_betting,0.9322,homepage,True,9,0.4795,0.366,answered,True,4,4,RESTRICT,4,telemetry;storefront,telemetry,2,confidence_threshold_met,2.2,84473.579,telemetry_drift;external_signal,False,900.0,0.0,0.0,900.0
MID101535,home_furnishing,0,legit,none,0,0.0021906523515795905,,,,False,0,0.0,0.0,not_called,,0,0,NONE,0,,,0,not_triaged,0.0,38574.30000000001,,False,0.0,0.0,0.0,0.0
MID102072,electronics_retail,0,legit,none,0,0.0059179525920526835,,,,False,0,0.0,0.0,not_called,,0,0,NONE,0,,,0,not_triaged,0.0,218477.352,,False,0.0,0.0,0.0,0.0
MID102018,subscription_box,0,legit,none,0,0.0006980079423444628,,,,False,0,0.0,0.0,not_called,,0,0,NONE,0,,,0,not_triaged,0.0,90269.63833333334,,True,0.0,0.0,0.0,0.0
MID101493,apparel,0,legit,none,0,0.019869093854787186,,,,False,0,0.0,0.0,not_called,,0,0,NONE,0,,,0,not_triaged,0.0,161111.32266666667,,False,0.0,0.0,0.0,0.0
MID101460,electronics_retail,0,legit,none,0,0.002485309122321449,,,,False,0,0.0,0.0,not_called,,0,0,NONE,0,,,0,not_triaged,0.0,117526.95433333331,,False,0.0,0.0,0.0,0.0
MID100082,home_furnishing,1,pivot_prohibited,none,1,0.9995547822244382,sports_betting,0.99,homepage,False,0,0.0,0.0,no_answer,,2,2,RESTRICT,4,telemetry;storefront,telemetry,2,confidence_threshold_met,2.2,287054.575,telemetry_drift;external_signal,False,900.0,0.0,0.0,900.0
MID101501,skill_gaming,0,legit,none,0,0.0030722387229054062,,,,False,0,0.0,0.0,not_called,,0,0,NONE,0,,,0,not_triaged,0.0,86432.31766666665,,False,0.0,0.0,0.0,0.0
MID101118,electronics_retail,0,legit,viral_spike,0,0.0008287466206721012,,,,False,0,0.0,0.0,not_called,,0,0,NONE,0,,,0,not_triaged,0.0,400238.82766666665,,False,0.0,0.0,0.0,0.0
MID102803,electronics_retail,0,legit,festival_season,0,0.008611102172682437,,,,False,0,0.0,0.0,not_called,,0,0,NONE,0,,,0,not_triaged,0.0,257806.412,,False,0.0,0.0,0.0,0.0
MID102348,skill_gaming,0,legit,none,0,0.001965240096985651,,,,False,0,0.0,0.0,not_called,,0,0,NONE,0,,,0,not_triaged,0.0,175964.75933333335,,False,0.0,0.0,0.0,0.0
MID102540,digital_services,0,legit,none,0,0.0016124497982871915,,,,False,0,0.0,0.0,not_called,,0,0,NONE,0,,,0,not_triaged,0.0,14852.558666666666,,True,0.0,0.0,0.0,0.0
MID100360,travel_agency,0,legit,none,0,0.0016928995089390679,,,,False,0,0.0,0.0,not_called,,0,0,NONE,0,,,0,not_triaged,0.0,138541.0213333333,,False,0.0,0.0,0.0,0.0
MID100626,subscription_box,0,legit,shared_platform,0,0.002977209024787178,,,,False,0,0.0,0.0,not_called,,0,0,NONE,0,,,0,not_triaged,0.0,27277.807,,False,0.0,0.0,0.0,0.0
MID101429,apparel,0,legit,none,0,0.0009100897827558176,,,,False,0,0.0,0.0,not_called,,0,0,NONE,0,,,0,not_triaged,0.0,98323.688,,False,0.0,0.0,0.0,0.0
MID101229,subscription_box,0,legit,none,0,0.0020448910388568713,,,,False,0,0.0,0.0,not_called,,0,0,NONE,0,,,0,not_triaged,0.0,39752.91833333333,,True,0.0,0.0,0.0,0.0
MID101408,electronics_retail,0,legit,none,0,0.0011111888508347043,,,,False,0,0.0,0.0,not_called,,0,0,NONE,0,,,0,not_triaged,0.0,80214.35966666667,,True,0.0,0.0,0.0,0.0
MID102948,electronics_retail,0,legit,none,0,0.4976068052211984,electronics_retail,0.99,checkout,False,0,0.0,0.0,not_called,,0,0,WATCH,1,,,4,evidence_exhausted,4.4,27178.871000000003,telemetry_drift,True,0.0,0.0,0.0,0.0
MID101160,apparel,0,legit,none,0,0.0018768060993072974,,,,False,0,0.0,0.0,not_called,,0,0,NONE,0,,,0,not_triaged,0.0,44326.336,,False,0.0,0.0,0.0,0.0
MID101439,pharmacy,0,legit,none,0,0.0018346612826864242,,,,False,0,0.0,0.0,not_called,,0,0,NONE,0,,,0,not_triaged,0.0,8893.683666666668,,False,0.0,0.0,0.0,0.0
MID102809,digital_services,0,legit,price_point_change,0,0.0019903833821282723,,,,False,0,0.0,0.0,not_called,,0,0,NONE,0,,,0,not_triaged,0.0,21215.922,,False,0.0,0.0,0.0,0.0
MID102702,subscription_box,0,legit,viral_spike,0,0.0572013141482848,,,,False,0,0.0,0.0,not_called,,0,0,NONE,0,,,0,not_triaged,0.0,58173.343,,False,0.0,0.0,0.0,0.0
MID100712,home_furnishing,0,legit,none,0,0.0014244218681055023,,,,False,0,0.0,0.0,not_called,,0,0,NONE,0,,,0,not_triaged,0.0,48992.51866666667,,False,0.0,0.0,0.0,0.0
MID100202,travel_agency,0,legit,none,0,0.000814580957618331,,,,False,0,0.0,0.0,not_called,,0,0,NONE,0,,,0,not_triaged,0.0,318876.028,,False,0.0,0.0,0.0,0.0
MID100329,apparel,0,legit,none,0,0.0006194908068526941,,,,False,0,0.0,0.0,not_called,,0,0,NONE,0,,,0,not_triaged,0.0,92851.971,,False,0.0,0.0,0.0,0.0
MID100928,skill_gaming,0,legit,none,0,0.004403297110305664,skill_gaming,0.9551,homepage,False,0,0.0,0.0,not_called,,0,0,NONE,0,,,2,evidence_exhausted,2.2,213069.2513333333,high_volume_rotation,False,0.0,0.0,0.0,0.0
MID100809,electronics_retail,0,legit,festival_season,0,0.00305527671438981,,,,False,0,0.0,0.0,not_called,,0,0,NONE,0,,,0,not_triaged,0.0,504323.4716666666,,False,0.0,0.0,0.0,0.0
MID103049,home_furnishing,0,legit,none,0,0.0023635557617775827,home_furnishing,0.859,homepage,False,0,0.0,0.0,not_called,,0,0,NONE,0,,,2,evidence_exhausted,2.2,159055.43300000002,external_signal,True,0.0,0.0,0.0,0.0
MID102362,electronics_retail,0,legit,none,0,0.002303787254009124,,,,False,0,0.0,0.0,not_called,,0,0,NONE,0,,,0,not_triaged,0.0,38898.64366666667,,False,0.0,0.0,0.0,0.0
MID102202,digital_services,0,legit,none,0,0.018848095334471463,,,,False,0,0.0,0.0,not_called,,0,0,NONE,0,,,0,not_triaged,0.0,17790.484,,False,0.0,0.0,0.0,0.0
MID102950,home_furnishing,0,legit,none,0,0.0015339786978242939,,,,False,0,0.0,0.0,not_called,,0,0,NONE,0,,,0,not_triaged,0.0,42365.135,,True,0.0,0.0,0.0,0.0
MID102408,electronics_retail,0,legit,none,0,0.0011429188450717876,electronics_retail,0.954,homepage,False,0,0.0,0.0,not_called,,0,0,NONE,0,,,2,evidence_exhausted,2.2,240236.5843333333,high_volume_rotation,False,0.0,0.0,0.0,0.0
MID101173,home_furnishing,0,legit,festival_season,0,0.033194475056412515,,,,False,0,0.0,0.0,not_called,,0,0,NONE,0,,,0,not_triaged,0.0,124224.611,,True,0.0,0.0,0.0,0.0
MID102091,home_furnishing,0,legit,festival_season,0,0.005931489040938063,,,,False,0,0.0,0.0,not_called,,0,0,NONE,0,,,0,not_triaged,0.0,108072.59233333332,,True,0.0,0.0,0.0,0.0
MID101754,apparel,0,legit,festival_season,0,0.018878077487683536,,,,False,0,0.0,0.0,not_called,,0,0,NONE,0,,,0,not_triaged,0.0,186397.8633333333,,True,0.0,0.0,0.0,0.0
MID103323,skill_gaming,0,legit,none,0,0.0013177365636945295,,,,False,0,0.0,0.0,not_called,,0,0,NONE,0,,,0,not_triaged,0.0,249967.11466666663,,False,0.0,0.0,0.0,0.0
MID101615,skill_gaming,0,legit,none,0,0.001936369428787797,,,,False,7,0.3996,0.072,not_called,,0,0,NONE,0,,,0,not_triaged,0.0,120503.28066666666,,True,0.0,0.0,0.0,0.0
MID101623,travel_agency,0,legit,none,0,0.0015104206764301486,,,,False,0,0.0,0.0,not_called,,0,0,NONE,0,,,0,not_triaged,0.0,612230.2526666666,,False,0.0,0.0,0.0,0.0
MID100538,pharmacy,0,legit,none,0,0.0032657961376207903,,,,False,0,0.0,0.0,not_called,,0,0,NONE,0,,,0,not_triaged,0.0,35668.92733333333,,False,0.0,0.0,0.0,0.0
MID100126,pharmacy,1,licensing_violation,none,0,0.8152962691963319,unregistered_pharmacy,0.99,homepage,True,0,0.0,0.0,answered,True,3,3,RESTRICT,4,telemetry;storefront,telemetry,2,confidence_threshold_met,2.2,55662.05266666667,telemetry_drift,False,900.0,0.0,0.0,900.0
MID101530,skill_gaming,0,legit,none,0,0.011202967726727544,,,,False,0,0.0,0.0,not_called,,0,0,NONE,0,,,0,not_triaged,0.0,78771.829,,False,0.0,0.0,0.0,0.0
MID101510,home_furnishing,0,legit,none,0,0.006752802902072995,,,,False,0,0.0,0.0,not_called,,0,0,NONE,0,,,0,not_triaged,0.0,21336.71433333333,,True,0.0,0.0,0.0,0.0
MID100620,subscription_box,0,legit,none,0,0.004957763477291176,,,,False,0,0.0,0.0,not_called,,0,0,NONE,0,,,0,not_triaged,0.0,22115.916,,True,0.0,0.0,0.0,0.0
MID100676,pharmacy,0,legit,none,0,0.004256353696430339,,,,False,0,0.0,0.0,not_called,,0,0,NONE,0,,,0,not_triaged,0.0,11935.757,,True,0.0,0.0,0.0,0.0
MID100459,subscription_box,0,legit,price_point_change,0,0.0016627568501177896,,,,False,0,0.0,0.0,not_called,,0,0,NONE,0,,,0,not_triaged,0.0,18882.29233333333,,False,0.0,0.0,0.0,0.0
MID100268,skill_gaming,0,legit,none,0,0.0008095895312572084,skill_gaming,0.99,homepage,False,8,0.3913,0.059,not_called,,0,0,NONE,0,,,2,evidence_exhausted,2.2,583550.9503333332,high_volume_rotation,False,0.0,0.0,0.0,0.0
MID100854,digital_services,0,legit,none,0,0.0011652915037924413,,,,False,0,0.0,0.0,not_called,,0,0,NONE,0,,,0,not_triaged,0.0,53416.62133333333,,False,0.0,0.0,0.0,0.0
MID101947,apparel,0,legit,none,0,0.0027714964003313644,,,,False,0,0.0,0.0,not_called,,0,0,NONE,0,,,0,not_triaged,0.0,17687.25533333333,,True,0.0,0.0,0.0,0.0
MID103054,subscription_box,0,legit,none,0,0.026807625604979655,subscription_box,0.99,homepage,False,0,0.0,0.0,not_called,,0,0,NONE,0,,,2,evidence_exhausted,2.2,28052.25933333333,external_signal,False,0.0,0.0,0.0,0.0
MID101446,skill_gaming,0,legit,none,0,0.00581989789929398,skill_gaming,0.99,homepage,False,0,0.0,0.0,not_called,,0,0,NONE,0,,,2,evidence_exhausted,2.2,255575.81033333336,external_signal,True,0.0,0.0,0.0,0.0
MID102699,travel_agency,0,legit,none,0,0.006473454013703948,,,,False,0,0.0,0.0,not_called,,0,0,NONE,0,,,0,not_triaged,0.0,115362.24,,False,0.0,0.0,0.0,0.0
MID103024,travel_agency,0,legit,none,0,0.0010631317884440014,,,,False,0,0.0,0.0,not_called,,0,0,NONE,0,,,0,not_triaged,0.0,842107.9913333334,,False,0.0,0.0,0.0,0.0
MID102006,apparel,0,legit,none,0,0.0013152510582076097,,,,False,0,0.0,0.0,not_called,,0,0,NONE,0,,,0,not_triaged,0.0,62439.42366666666,,True,0.0,0.0,0.0,0.0
MID101719,apparel,0,legit,none,0,0.003675730548969663,,,,False,0,0.0,0.0,not_called,,0,0,NONE,0,,,0,not_triaged,0.0,301152.856,,False,0.0,0.0,0.0,0.0
MID103298,skill_gaming,0,legit,none,0,0.01860920303913986,,,,False,0,0.0,0.0,not_called,,0,0,NONE,0,,,0,not_triaged,0.0,272288.95366666664,,False,0.0,0.0,0.0,0.0
MID103546,apparel,0,legit,festival_season,0,0.005475578106783491,,,,False,0,0.0,0.0,not_called,,0,0,NONE,0,,,0,not_triaged,0.0,59392.24166666667,,False,0.0,0.0,0.0,0.0
MID102969,electronics_retail,0,legit,none,0,0.0009811073194588055,,,,False,0,0.0,0.0,not_called,,0,0,NONE,0,,,0,not_triaged,0.0,340098.6670000001,,False,0.0,0.0,0.0,0.0
MID103664,electronics_retail,0,legit,viral_spike,0,0.0006598593193271069,,,,False,0,0.0,0.0,not_called,,0,0,NONE,0,,,0,not_triaged,0.0,640748.749,,False,0.0,0.0,0.0,0.0
MID103086,skill_gaming,0,legit,none,0,0.001064910367107363,,,,False,0,0.0,0.0,not_called,,0,0,NONE,0,,,0,not_triaged,0.0,229041.86133333333,,False,0.0,0.0,0.0,0.0
MID103043,apparel,0,legit,viral_spike,0,0.002845392831145068,,,,False,0,0.0,0.0,not_called,,0,0,NONE,0,,,0,not_triaged,0.0,61690.42533333333,,True,0.0,0.0,0.0,0.0
MID101233,apparel,0,legit,none,0,0.006594642538885686,,,,False,0,0.0,0.0,not_called,,0,0,NONE,0,,,0,not_triaged,0.0,46307.35400000001,,False,0.0,0.0,0.0,0.0
MID101685,digital_services,0,legit,price_point_change,0,0.012499301695550512,digital_services,0.9696,homepage,False,0,0.0,0.0,not_called,,0,0,NONE,0,,,2,evidence_exhausted,2.2,19915.043,external_signal,False,0.0,0.0,0.0,0.0
MID100035,apparel,1,funnel_ring,none,0,0.02494587192355229,crypto_exchange,0.9317,checkout,False,6,0.8566,0.522,answered,False,3,3,RESTRICT,4,storefront;infrastructure;statement,the merchant's own statement,4,confidence_threshold_met,4.4,193486.2253333333,network_cluster,True,900.0,0.0,0.0,900.0
MID103339,travel_agency,0,legit,festival_season,0,0.010607873884150952,,,,False,0,0.0,0.0,not_called,,0,0,NONE,0,,,0,not_triaged,0.0,186603.32733333332,,False,0.0,0.0,0.0,0.0
MID101204,digital_services,0,legit,shared_platform,0,0.00846556964237356,,,,False,0,0.0,0.0,not_called,,0,0,NONE,0,,,0,not_triaged,0.0,36889.566,,False,0.0,0.0,0.0,0.0
MID103266,digital_services,0,legit,none,0,0.0008366287218458836,,,,False,0,0.0,0.0,not_called,,0,0,NONE,0,,,0,not_triaged,0.0,175164.633,,True,0.0,0.0,0.0,0.0
MID102143,apparel,0,legit,none,0,0.002189520709536956,,,,False,0,0.0,0.0,not_called,,0,0,NONE,0,,,0,not_triaged,0.0,152240.264,,False,0.0,0.0,0.0,0.0
MID103389,digital_services,0,legit,none,0,0.0019126643360249849,,,,False,0,0.0,0.0,not_called,,0,0,NONE,0,,,0,not_triaged,0.0,103651.54133333334,,True,0.0,0.0,0.0,0.0
MID103113,electronics_retail,0,legit,none,0,0.005467299854882544,,,,False,15,0.4055,0.177,not_called,,0,0,NONE,0,,,0,not_triaged,0.0,102915.196,,False,0.0,0.0,0.0,0.0
MID101193,skill_gaming,0,legit,none,0,0.001127842217365411,,,,False,0,0.0,0.0,not_called,,0,0,NONE,0,,,0,not_triaged,0.0,139335.174,,False,0.0,0.0,0.0,0.0
MID102311,digital_services,0,legit,none,0,0.0008019422507160925,,,,False,0,0.0,0.0,not_called,,0,0,NONE,0,,,0,not_triaged,0.0,122969.41066666668,,False,0.0,0.0,0.0,0.0
MID100842,electronics_retail,0,legit,festival_season,0,0.00450556386829646,,,,False,0,0.0,0.0,not_called,,0,0,NONE,0,,,0,not_triaged,0.0,325747.6826666667,,False,0.0,0.0,0.0,0.0
MID103937,home_furnishing,0,legit,none,0,0.011460150998262881,,,,False,0,0.0,0.0,not_called,,0,0,NONE,0,,,0,not_triaged,0.0,67940.69233333334,,False,0.0,0.0,0.0,0.0
MID103861,pharmacy,0,legit,none,0,0.10346248264723693,,,,False,0,0.0,0.0,not_called,,0,0,NONE,0,,,0,not_triaged,0.0,9622.272333333334,,False,0.0,0.0,0.0,0.0
MID103179,home_furnishing,0,legit,festival_season,0,0.003442547373941131,,,,False,0,0.0,0.0,not_called,,0,0,NONE,0,,,0,not_triaged,0.0,196850.82566666664,,False,0.0,0.0,0.0,0.0
MID103325,apparel,0,legit,none,0,0.001750601673443873,,,,False,0,0.0,0.0,not_called,,0,0,NONE,0,,,0,not_triaged,0.0,90686.319,,False,0.0,0.0,0.0,0.0
MID103063,electronics_retail,0,legit,none,0,0.0024315019490134403,,,,False,0,0.0,0.0,not_called,,0,0,NONE,0,,,0,not_triaged,0.0,108793.40833333334,,True,0.0,0.0,0.0,0.0
MID101371,apparel,0,legit,none,0,0.0024093508226776424,,,,False,0,0.0,0.0,not_called,,0,0,NONE,0,,,0,not_triaged,0.0,86199.31166666666,,False,0.0,0.0,0.0,0.0
MID100827,home_furnishing,0,legit,viral_spike,0,0.002948237715443443,,,,False,0,0.0,0.0,not_called,,0,0,NONE,0,,,0,not_triaged,0.0,300016.931,,True,0.0,0.0,0.0,0.0
MID101522,travel_agency,0,legit,none,0,0.0011623286095014823,,,,False,0,0.0,0.0,not_called,,0,0,NONE,0,,,0,not_triaged,0.0,1494340.1756666666,,True,0.0,0.0,0.0,0.0
MID103626,home_furnishing,0,legit,none,0,0.0010615018177131744,,,,False,0,0.0,0.0,not_called,,0,0,NONE,0,,,0,not_triaged,0.0,118725.27533333332,,False,0.0,0.0,0.0,0.0
MID102178,digital_services,0,legit,none,0,0.005168563206813767,,,,False,0,0.0,0.0,not_called,,0,0,NONE,0,,,0,not_triaged,0.0,175217.11033333334,,True,0.0,0.0,0.0,0.0
MID100138,home_furnishing,1,pivot_prohibited,none,1,0.9998328467980377,crypto_exchange,0.05,homepage,False,0,0.0,0.0,not_called,,2,2,RESTRICT,2,telemetry,,2,confidence_threshold_met,2.2,102177.37366666668,telemetry_drift,True,900.0,0.0,0.0,900.0
MID103433,apparel,0,legit,none,0,0.0061842088358758755,,,,False,0,0.0,0.0,not_called,,0,0,NONE,0,,,0,not_triaged,0.0,216739.237,,False,0.0,0.0,0.0,0.0
MID100200,pharmacy,0,legit,none,0,0.0016496375586814343,,,,False,0,0.0,0.0,not_called,,0,0,NONE,0,,,0,not_triaged,0.0,50760.47633333333,,True,0.0,0.0,0.0,0.0
MID100831,apparel,0,legit,none,0,0.0019606296889046163,,,,False,0,0.0,0.0,not_called,,0,0,NONE,0,,,0,not_triaged,0.0,49862.797000000006,,False,0.0,0.0,0.0,0.0
MID100449,travel_agency,0,legit,festival_season,0,0.0006329394282625563,,,,False,0,0.0,0.0,not_called,,0,0,NONE,0,,,0,not_triaged,0.0,228799.38366666663,,False,0.0,0.0,0.0,0.0
MID102004,digital_services,0,legit,none,0,0.001889036547494194,,,,False,0,0.0,0.0,not_called,,0,0,NONE,0,,,0,not_triaged,0.0,221465.4073333333,,False,0.0,0.0,0.0,0.0
MID101024,subscription_box,0,legit,none,0,0.0011403496012726264,,,,False,0,0.0,0.0,not_called,,0,0,NONE,0,,,0,not_triaged,0.0,214344.38166666668,,False,0.0,0.0,0.0,0.0
MID100774,subscription_box,0,legit,none,0,0.0009373059320410477,,,,False,0,0.0,0.0,not_called,,0,0,NONE,0,,,0,not_triaged,0.0,54221.277,,False,0.0,0.0,0.0,0.0
MID102862,home_furnishing,0,legit,none,0,0.0009832911237806978,,,,False,0,0.0,0.0,not_called,,0,0,NONE,0,,,0,not_triaged,0.0,90251.08866666668,,False,0.0,0.0,0.0,0.0
MID103102,home_furnishing,0,legit,none,0,0.0006460843257602273,,,,False,0,0.0,0.0,not_called,,0,0,NONE,0,,,0,not_triaged,0.0,24441.018666666667,,False,0.0,0.0,0.0,0.0
MID101341,pharmacy,0,legit,none,0,0.0033996252734615636,,,,False,0,0.0,0.0,not_called,,0,0,NONE,0,,,0,not_triaged,0.0,52201.383,,True,0.0,0.0,0.0,0.0
MID102226,subscription_box,0,legit,none,0,0.00570446936183439,,,,False,0,0.0,0.0,not_called,,0,0,NONE,0,,,0,not_triaged,0.0,47407.507333333335,,True,0.0,0.0,0.0,0.0
MID100618,skill_gaming,0,legit,none,0,0.0015808480493421488,,,,False,0,0.0,0.0,not_called,,0,0,NONE,0,,,0,not_triaged,0.0,656030.2553333334,,False,0.0,0.0,0.0,0.0
MID102788,skill_gaming,0,legit,none,0,0.0008133501620300205,,,,False,0,0.0,0.0,not_called,,0,0,NONE,0,,,0,not_triaged,0.0,81076.59033333333,,False,0.0,0.0,0.0,0.0
MID102487,electronics_retail,0,legit,none,0,0.0028316382591889256,,,,False,0,0.0,0.0,not_called,,0,0,NONE,0,,,0,not_triaged,0.0,56868.73933333334,,False,0.0,0.0,0.0,0.0
MID103991,digital_services,0,legit,price_point_change,0,0.0029514710636694896,,,,False,0,0.0,0.0,not_called,,0,0,NONE,0,,,0,not_triaged,0.0,14740.309,,False,0.0,0.0,0.0,0.0
MID101631,subscription_box,0,legit,none,0,0.0006641939007631855,,,,False,0,0.0,0.0,not_called,,0,0,NONE,0,,,0,not_triaged,0.0,24274.978333333336,,False,0.0,0.0,0.0,0.0
MID103418,digital_services,0,legit,none,0,0.0012410741431382237,,,,False,0,0.0,0.0,not_called,,0,0,NONE,0,,,0,not_triaged,0.0,44621.16833333333,,False,0.0,0.0,0.0,0.0
MID100936,apparel,0,legit,none,0,0.000715629406081075,,,,False,0,0.0,0.0,not_called,,0,0,NONE,0,,,0,not_triaged,0.0,16425.031666666666,,True,0.0,0.0,0.0,0.0
MID101562,skill_gaming,0,legit,none,0,0.0015759223522757559,,,,False,0,0.0,0.0,not_called,,0,0,NONE,0,,,0,not_triaged,0.0,333886.134,,True,0.0,0.0,0.0,0.0
MID102769,home_furnishing,0,legit,none,0,0.003230679234581227,,,,False,0,0.0,0.0,not_called,,0,0,NONE,0,,,0,not_triaged,0.0,70025.63700000002,,False,0.0,0.0,0.0,0.0
MID103958,apparel,0,legit,none,0,0.04427512684060173,,,,False,11,0.4123,0.164,not_called,,0,0,NONE,0,,,0,not_triaged,0.0,83730.60933333333,,True,0.0,0.0,0.0,0.0
MID103454,travel_agency,0,legit,none,0,0.0016962330020802753,,,,False,0,0.0,0.0,not_called,,0,0,NONE,0,,,0,not_triaged,0.0,219603.247,,False,0.0,0.0,0.0,0.0
MID100763,home_furnishing,0,legit,none,0,0.0022717162273837924,,,,False,0,0.0,0.0,not_called,,0,0,NONE,0,,,0,not_triaged,0.0,39973.175,,False,0.0,0.0,0.0,0.0
MID102146,pharmacy,0,legit,none,0,0.0013515290236413545,,,,False,0,0.0,0.0,not_called,,0,0,NONE,0,,,0,not_triaged,0.0,194171.15033333327,,True,0.0,0.0,0.0,0.0
MID101492,digital_services,0,legit,none,0,0.033229454286967636,,,,False,0,0.0,0.0,not_called,,0,0,NONE,0,,,0,not_triaged,0.0,15932.397666666666,,True,0.0,0.0,0.0,0.0
MID100399,pharmacy,0,legit,none,0,0.004572649522219525,,,,False,0,0.0,0.0,not_called,,0,0,NONE,0,,,0,not_triaged,0.0,49343.00066666667,,False,0.0,0.0,0.0,0.0
MID103414,electronics_retail,0,legit,none,0,0.005869393327930379,electronics_retail,0.99,homepage,False,0,0.0,0.0,not_called,,0,0,NONE,0,,,2,evidence_exhausted,2.2,543560.1513333333,high_volume_rotation,True,0.0,0.0,0.0,0.0
MID103924,apparel,0,legit,none,0,0.0010524690016716514,,,,False,0,0.0,0.0,not_called,,0,0,NONE,0,,,0,not_triaged,0.0,114950.94966666668,,False,0.0,0.0,0.0,0.0
MID102709,travel_agency,0,legit,none,0,0.0005805263657064372,,,,False,0,0.0,0.0,not_called,,0,0,NONE,0,,,0,not_triaged,0.0,39748.236,,True,0.0,0.0,0.0,0.0
MID100813,apparel,0,legit,price_point_change,0,0.0017219293720550477,,,,False,0,0.0,0.0,not_called,,0,0,NONE,0,,,0,not_triaged,0.0,15480.873666666668,,False,0.0,0.0,0.0,0.0
MID100341,subscription_box,0,legit,none,0,0.0025319547405084158,,,,False,0,0.0,0.0,not_called,,0,0,NONE,0,,,0,not_triaged,0.0,161053.28133333335,,False,0.0,0.0,0.0,0.0
MID103029,apparel,0,legit,none,0,0.0009925579816886883,,,,False,0,0.0,0.0,not_called,,0,0,NONE,0,,,0,not_triaged,0.0,158184.44100000002,,True,0.0,0.0,0.0,0.0
MID101967,pharmacy,0,legit,none,0,0.003707705158798418,,,,False,0,0.0,0.0,not_called,,0,0,NONE,0,,,0,not_triaged,0.0,10105.615333333331,,True,0.0,0.0,0.0,0.0
MID102020,home_furnishing,0,legit,none,0,0.007937195179627578,,,,False,0,0.0,0.0,not_called,,0,0,NONE,0,,,0,not_triaged,0.0,84247.96399999999,,False,0.0,0.0,0.0,0.0
MID103901,electronics_retail,0,legit,none,0,0.003356037784595797,,,,False,0,0.0,0.0,not_called,,0,0,NONE,0,,,0,not_triaged,0.0,209571.447,,False,0.0,0.0,0.0,0.0
MID102088,apparel,0,legit,none,0,0.0008972535567917043,,,,False,0,0.0,0.0,not_called,,0,0,NONE,0,,,0,not_triaged,0.0,110601.237,,False,0.0,0.0,0.0,0.0
MID102779,electronics_retail,0,legit,none,0,0.0037461539379986366,,,,False,8,0.3913,0.059,not_called,,0,0,NONE,0,,,0,not_triaged,0.0,128194.94933333337,,False,0.0,0.0,0.0,0.0
MID102516,digital_services,0,legit,shared_platform,0,0.02255443277215551,,,,False,0,0.0,0.0,not_called,,0,0,NONE,0,,,0,not_triaged,0.0,56243.86466666668,,False,0.0,0.0,0.0,0.0
MID100177,subscription_box,0,legit,price_point_change,0,0.009029568199725736,,,,False,0,0.0,0.0,not_called,,0,0,NONE,0,,,0,not_triaged,0.0,33699.428,,True,0.0,0.0,0.0,0.0
MID102647,home_furnishing,0,legit,none,0,0.0012607484715259868,,,,False,0,0.0,0.0,not_called,,0,0,NONE,0,,,0,not_triaged,0.0,192019.588,,False,0.0,0.0,0.0,0.0
MID102141,electronics_retail,0,legit,viral_spike,0,0.00531536320094453,,,,False,0,0.0,0.0,not_called,,0,0,NONE,0,,,0,not_triaged,0.0,183800.74733333333,,True,0.0,0.0,0.0,0.0
MID101663,apparel,0,legit,none,0,0.0030630415381656833,,,,False,0,0.0,0.0,not_called,,0,0,NONE,0,,,0,not_triaged,0.0,64966.09133333334,,True,0.0,0.0,0.0,0.0
MID101342,electronics_retail,0,legit,none,0,0.001665881039906044,,,,False,0,0.0,0.0,not_called,,0,0,NONE,0,,,0,not_triaged,0.0,138711.26633333333,,False,0.0,0.0,0.0,0.0
MID103786,home_furnishing,0,legit,none,0,0.0007138026801270608,,,,False,0,0.0,0.0,not_called,,0,0,NONE,0,,,0,not_triaged,0.0,52846.192,,False,0.0,0.0,0.0,0.0
MID101654,apparel,0,legit,none,0,0.004075546119485011,,,,False,0,0.0,0.0,not_called,,0,0,NONE,0,,,0,not_triaged,0.0,39048.410333333326,,True,0.0,0.0,0.0,0.0
MID100628,subscription_box,0,legit,shared_platform,0,0.0025385151586761532,,,,False,0,0.0,0.0,not_called,,0,0,NONE,0,,,0,not_triaged,0.0,97620.26066666668,,False,0.0,0.0,0.0,0.0
MID102829,apparel,0,legit,none,0,0.0023408526285374352,,,,False,0,0.0,0.0,not_called,,0,0,NONE,0,,,0,not_triaged,0.0,79771.32733333335,,True,0.0,0.0,0.0,0.0
MID100709,electronics_retail,0,legit,none,0,0.0012458330900462482,,,,False,0,0.0,0.0,not_called,,0,0,NONE,0,,,0,not_triaged,0.0,183334.83266666668,,False,0.0,0.0,0.0,0.0
MID103432,electronics_retail,0,legit,none,0,0.0013160070374739338,,,,False,0,0.0,0.0,not_called,,0,0,NONE,0,,,0,not_triaged,0.0,84089.26733333335,,False,0.0,0.0,0.0,0.0
MID100510,pharmacy,0,legit,none,0,0.001332021414684085,,,,False,0,0.0,0.0,not_called,,0,0,NONE,0,,,0,not_triaged,0.0,69771.40266666668,,False,0.0,0.0,0.0,0.0
MID102379,electronics_retail,0,legit,none,0,0.0014051279538260812,,,,False,0,0.0,0.0,not_called,,0,0,NONE,0,,,0,not_triaged,0.0,156805.59299999996,,True,0.0,0.0,0.0,0.0
MID102997,apparel,0,legit,none,0,0.015117051318546956,apparel,0.99,homepage,False,0,0.0,0.0,not_called,,0,0,NONE,0,,,2,evidence_exhausted,2.2,55352.350666666665,external_signal,True,0.0,0.0,0.0,0.0
MID100878,home_furnishing,0,legit,none,0,0.013694616532404119,,,,False,0,0.0,0.0,not_called,,0,0,NONE,0,,,0,not_triaged,0.0,92253.39133333336,,False,0.0,0.0,0.0,0.0
MID101258,electronics_retail,0,legit,none,0,0.0017098042872605637,,,,False,9,0.4795,0.366,not_called,,1,1,REVIEW,0,,,0,not_triaged,0.0,663763.0586666666,,True,0.0,0.0,0.0,0.0
MID101466,apparel,0,legit,viral_spike,0,0.026043412960984405,apparel,0.99,homepage,False,0,0.0,0.0,not_called,,0,0,NONE,0,,,2,evidence_exhausted,2.2,272609.49,external_signal,False,0.0,0.0,0.0,0.0
MID102750,digital_services,0,legit,none,0,0.0011839577117014849,,,,False,0,0.0,0.0,not_called,,0,0,NONE,0,,,0,not_triaged,0.0,46972.64266666667,,True,0.0,0.0,0.0,0.0
MID102881,subscription_box,0,legit,price_point_change,0,0.00424648775371634,,,,False,0,0.0,0.0,not_called,,0,0,NONE,0,,,0,not_triaged,0.0,32936.846,,False,0.0,0.0,0.0,0.0
MID100799,apparel,0,legit,none,0,0.021219966920117316,,,,False,0,0.0,0.0,not_called,,0,0,NONE,0,,,0,not_triaged,0.0,29960.877,,False,0.0,0.0,0.0,0.0
MID102780,digital_services,0,legit,none,0,0.0006506325165139283,,,,False,0,0.0,0.0,not_called,,0,0,NONE,0,,,0,not_triaged,0.0,38356.466,,True,0.0,0.0,0.0,0.0
MID100462,electronics_retail,0,legit,viral_spike,0,0.02360704990058137,,,,False,0,0.0,0.0,not_called,,0,0,NONE,0,,,0,not_triaged,0.0,282885.2016666666,,False,0.0,0.0,0.0,0.0
MID100790,home_furnishing,0,legit,viral_spike,0,0.0353814201225013,,,,False,0,0.0,0.0,not_called,,0,0,NONE,0,,,0,not_triaged,0.0,60641.882,,True,0.0,0.0,0.0,0.0
MID102076,electronics_retail,0,legit,viral_spike,0,0.0029085308753278743,,,,False,0,0.0,0.0,not_called,,0,0,NONE,0,,,0,not_triaged,0.0,345384.25866666663,,False,0.0,0.0,0.0,0.0
MID103566,electronics_retail,0,legit,none,0,0.0009070443399640223,,,,False,0,0.0,0.0,not_called,,0,0,NONE,0,,,0,not_triaged,0.0,56982.55333333333,,False,0.0,0.0,0.0,0.0
MID101257,apparel,0,legit,shared_platform,0,0.004636801373570639,,,,False,0,0.0,0.0,not_called,,0,0,NONE,0,,,0,not_triaged,0.0,258399.26866666667,,True,0.0,0.0,0.0,0.0
MID102937,digital_services,0,legit,price_point_change,0,0.00136833205660369,,,,False,0,0.0,0.0,not_called,,0,0,NONE,0,,,0,not_triaged,0.0,65342.956000000006,,False,0.0,0.0,0.0,0.0
MID102440,electronics_retail,0,legit,none,0,0.001997937931206534,,,,False,0,0.0,0.0,not_called,,0,0,NONE,0,,,0,not_triaged,0.0,265133.2083333333,,False,0.0,0.0,0.0,0.0
MID102297,pharmacy,0,legit,shared_platform,0,0.002590148238533383,,,,False,0,0.0,0.0,not_called,,0,0,NONE,0,,,0,not_triaged,0.0,60834.87633333333,,False,0.0,0.0,0.0,0.0
MID102657,electronics_retail,0,legit,festival_season,0,0.0015371915389052271,electronics_retail,0.99,homepage,False,0,0.0,0.0,not_called,,0,0,NONE,0,,,2,evidence_exhausted,2.2,213366.4033333333,high_volume_rotation,True,0.0,0.0,0.0,0.0
MID101201,apparel,0,legit,none,0,0.0037493796454168993,,,,False,15,0.4055,0.177,not_called,,0,0,NONE,0,,,0,not_triaged,0.0,53112.042,,False,0.0,0.0,0.0,0.0
MID100311,apparel,0,legit,none,0,0.006328508736707192,,,,False,0,0.0,0.0,not_called,,0,0,NONE,0,,,0,not_triaged,0.0,86759.14333333333,,False,0.0,0.0,0.0,0.0
MID102418,subscription_box,0,legit,none,0,0.011592500448284486,,,,False,0,0.0,0.0,not_called,,0,0,NONE,0,,,0,not_triaged,0.0,35306.27333333334,,False,0.0,0.0,0.0,0.0
MID102147,home_furnishing,0,legit,none,0,0.002988155350280891,,,,False,0,0.0,0.0,not_called,,0,0,NONE,0,,,0,not_triaged,0.0,39758.01666666667,,False,0.0,0.0,0.0,0.0
MID100873,apparel,0,legit,none,0,0.0031600360587171507,,,,False,0,0.0,0.0,not_called,,0,0,NONE,0,,,0,not_triaged,0.0,26866.02433333333,,False,0.0,0.0,0.0,0.0
MID103878,home_furnishing,0,legit,none,0,0.026053925639639233,,,,False,0,0.0,0.0,not_called,,0,0,NONE,0,,,0,not_triaged,0.0,13781.434666666668,,False,0.0,0.0,0.0,0.0
MID102188,subscription_box,0,legit,none,0,0.0007634615116058564,,,,False,0,0.0,0.0,not_called,,0,0,NONE,0,,,0,not_triaged,0.0,62492.12866666666,,False,0.0,0.0,0.0,0.0
MID100054,pharmacy,1,licensing_violation,none,0,0.005359754651975485,,,,False,0,0.0,0.0,not_called,,0,0,NONE,0,,,0,not_triaged,0.0,54922.32966666667,,True,0.0,0.0,358912.13,358912.13
MID101056,pharmacy,0,legit,shared_platform,0,0.0005910222150477967,,,,False,0,0.0,0.0,not_called,,0,0,NONE,0,,,0,not_triaged,0.0,56629.782666666666,,False,0.0,0.0,0.0,0.0
MID100658,electronics_retail,0,legit,none,0,0.0007197520828676364,,,,False,0,0.0,0.0,not_called,,0,0,NONE,0,,,0,not_triaged,0.0,140538.46533333333,,True,0.0,0.0,0.0,0.0
MID103858,digital_services,0,legit,none,0,0.0008281292851880663,,,,False,0,0.0,0.0,not_called,,0,0,NONE,0,,,0,not_triaged,0.0,151945.73566666667,,False,0.0,0.0,0.0,0.0
MID102019,apparel,0,legit,festival_season,0,0.0012335792224294241,,,,False,0,0.0,0.0,not_called,,0,0,NONE,0,,,0,not_triaged,0.0,344032.3893333333,,True,0.0,0.0,0.0,0.0
MID101870,pharmacy,0,legit,none,0,0.0016510988438093504,,,,False,0,0.0,0.0,not_called,,0,0,NONE,0,,,0,not_triaged,0.0,70757.622,,True,0.0,0.0,0.0,0.0
MID102923,apparel,0,legit,none,0,0.0008458301844959543,,,,False,0,0.0,0.0,not_called,,0,0,NONE,0,,,0,not_triaged,0.0,129700.968,,False,0.0,0.0,0.0,0.0
MID101240,home_furnishing,0,legit,none,0,0.0008735413572121899,,,,False,0,0.0,0.0,not_called,,0,0,NONE,0,,,0,not_triaged,0.0,40424.96966666667,,False,0.0,0.0,0.0,0.0
MID100553,skill_gaming,0,legit,none,0,0.002142634087757451,,,,False,0,0.0,0.0,not_called,,0,0,NONE,0,,,0,not_triaged,0.0,204137.878,,False,0.0,0.0,0.0,0.0
MID102839,home_furnishing,0,legit,none,0,0.0026356320509264234,home_furnishing,0.99,homepage,False,0,0.0,0.0,not_called,,0,0,NONE,0,,,2,evidence_exhausted,2.2,57358.39733333333,external_signal,True,0.0,0.0,0.0,0.0
MID103943,pharmacy,0,legit,shared_platform,0,0.011513506275534123,digital_services,0.05,homepage,False,0,0.0,0.0,not_called,,1,1,VERIFY,0,,,2,confidence_threshold_met,2.2,27714.742,external_signal,False,0.0,0.0,0.0,0.0
MID103706,electronics_retail,0,legit,none,0,0.0008853053863959822,,,,False,0,0.0,0.0,not_called,,0,0,NONE,0,,,0,not_triaged,0.0,139086.163,,False,0.0,0.0,0.0,0.0
MID100361,home_furnishing,0,legit,none,0,0.000841700001076284,,,,False,3,0.4176,0.298,not_called,,0,0,NONE,0,,,0,not_triaged,0.0,33968.35733333333,,True,0.0,0.0,0.0,0.0
MID103061,electronics_retail,0,legit,viral_spike,0,0.0016540924855908972,,,,False,0,0.0,0.0,not_called,,0,0,NONE,0,,,0,not_triaged,0.0,124120.82266666666,,False,0.0,0.0,0.0,0.0
MID102871,travel_agency,0,legit,none,0,0.0012565304544546998,,,,False,0,0.0,0.0,not_called,,0,0,NONE,0,,,0,not_triaged,0.0,100767.21766666668,,False,0.0,0.0,0.0,0.0
MID101386,subscription_box,0,legit,none,0,0.0035860508941105112,,,,False,0,0.0,0.0,not_called,,0,0,NONE,0,,,0,not_triaged,0.0,43600.51066666667,,False,0.0,0.0,0.0,0.0
MID103968,digital_services,0,legit,none,0,0.0011009560148318002,,,,False,0,0.0,0.0,not_called,,0,0,NONE,0,,,0,not_triaged,0.0,67932.866,,False,0.0,0.0,0.0,0.0
MID103813,travel_agency,0,legit,festival_season,0,0.008180306998610554,,,,False,0,0.0,0.0,not_called,,0,0,NONE,0,,,0,not_triaged,0.0,276803.248,,False,0.0,0.0,0.0,0.0
MID102203,subscription_box,0,legit,price_point_change,0,0.0011481550419883998,,,,False,0,0.0,0.0,not_called,,0,0,NONE,0,,,0,not_triaged,0.0,31126.08666666667,,True,0.0,0.0,0.0,0.0
MID103008,electronics_retail,0,legit,none,0,0.006086684315690334,,,,False,0,0.0,0.0,not_called,,0,0,NONE,0,,,0,not_triaged,0.0,130429.513,,False,0.0,0.0,0.0,0.0
MID102286,electronics_retail,0,legit,festival_season,0,0.006032183980496922,electronics_retail,0.99,homepage,False,0,0.0,0.0,not_called,,0,0,NONE,0,,,2,evidence_exhausted,2.2,167405.099,volume_shape_change,False,0.0,0.0,0.0,0.0
MID101760,pharmacy,0,legit,none,0,0.0026359330608545653,,,,False,0,0.0,0.0,not_called,,0,0,NONE,0,,,0,not_triaged,0.0,69889.99533333334,,False,0.0,0.0,0.0,0.0
MID100253,travel_agency,0,legit,festival_season,0,0.0069475151517875726,,,,False,0,0.0,0.0,not_called,,0,0,NONE,0,,,0,not_triaged,0.0,176772.853,,False,0.0,0.0,0.0,0.0
MID103710,apparel,0,legit,none,0,0.0006991827377958997,,,,False,0,0.0,0.0,not_called,,0,0,NONE,0,,,0,not_triaged,0.0,145064.43633333332,,False,0.0,0.0,0.0,0.0
MID102716,electronics_retail,0,legit,none,0,0.002910788109831018,,,,False,0,0.0,0.0,not_called,,0,0,NONE,0,,,0,not_triaged,0.0,116253.81033333334,,True,0.0,0.0,0.0,0.0
MID103661,apparel,0,legit,none,0,0.001817261016040896,,,,False,0,0.0,0.0,not_called,,0,0,NONE,0,,,0,not_triaged,0.0,11723.021,,False,0.0,0.0,0.0,0.0
MID100731,pharmacy,0,legit,none,0,0.0030869107765169245,,,,False,0,0.0,0.0,not_called,,0,0,NONE,0,,,0,not_triaged,0.0,35533.35566666667,,False,0.0,0.0,0.0,0.0
MID103751,home_furnishing,0,legit,none,0,0.02413767336634156,home_furnishing,0.99,homepage,False,0,0.0,0.0,not_called,,0,0,NONE,0,,,2,evidence_exhausted,2.2,224522.6856666667,high_volume_rotation,False,0.0,0.0,0.0,0.0
MID101695,skill_gaming,0,legit,none,0,0.0033508557721521064,,,,False,0,0.0,0.0,not_called,,0,0,NONE,0,,,0,not_triaged,0.0,248735.586,,False,0.0,0.0,0.0,0.0
MID103922,home_furnishing,0,legit,none,0,0.0022237489163073085,,,,False,0,0.0,0.0,not_called,,0,0,NONE,0,,,0,not_triaged,0.0,24055.17633333333,,False,0.0,0.0,0.0,0.0
MID102748,pharmacy,0,legit,none,0,0.0009397548474356362,,,,False,11,0.4123,0.164,not_called,,0,0,NONE,0,,,0,not_triaged,0.0,94669.21733333332,,True,0.0,0.0,0.0,0.0
MID103651,apparel,0,legit,none,0,0.0019731441712728236,,,,False,0,0.0,0.0,not_called,,0,0,NONE,0,,,0,not_triaged,0.0,58791.33633333333,,False,0.0,0.0,0.0,0.0
MID102568,subscription_box,0,legit,none,0,0.007444800893074114,,,,False,0,0.0,0.0,not_called,,0,0,NONE,0,,,0,not_triaged,0.0,38665.91133333334,,True,0.0,0.0,0.0,0.0
MID101859,electronics_retail,0,legit,none,0,0.003098181743783729,,,,False,0,0.0,0.0,not_called,,0,0,NONE,0,,,0,not_triaged,0.0,564959.3049999999,,True,0.0,0.0,0.0,0.0
MID100579,electronics_retail,0,legit,viral_spike,0,0.004112733392411264,,,,False,0,0.0,0.0,not_called,,0,0,NONE,0,,,0,not_triaged,0.0,83106.86933333332,,False,0.0,0.0,0.0,0.0
MID100892,home_furnishing,0,legit,none,0,0.02663922455070205,,,,False,0,0.0,0.0,not_called,,0,0,NONE,0,,,0,not_triaged,0.0,55628.993,,False,0.0,0.0,0.0,0.0
MID103490,apparel,0,legit,none,0,0.002638496180288042,,,,False,0,0.0,0.0,not_called,,0,0,NONE,0,,,0,not_triaged,0.0,56418.36366666667,,False,0.0,0.0,0.0,0.0
MID101195,skill_gaming,0,legit,none,0,0.0006779004377959249,skill_gaming,0.99,homepage,False,0,0.0,0.0,not_called,,0,0,NONE,0,,,2,evidence_exhausted,2.2,97258.51566666666,high_volume_rotation,False,0.0,0.0,0.0,0.0
MID103134,electronics_retail,0,legit,festival_season,0,0.017387532817156985,,,,False,0,0.0,0.0,not_called,,0,0,NONE,0,,,0,not_triaged,0.0,431582.5653333333,,True,0.0,0.0,0.0,0.0
MID101888,digital_services,0,legit,price_point_change,0,0.09381420692435453,,,,False,0,0.0,0.0,not_called,,0,0,NONE,0,,,0,not_triaged,0.0,13961.819666666666,,False,0.0,0.0,0.0,0.0
MID102227,pharmacy,0,legit,shared_platform,0,0.0009258049681511229,,,,False,0,0.0,0.0,not_called,,0,0,NONE,0,,,0,not_triaged,0.0,107373.55233333334,,False,0.0,0.0,0.0,0.0
MID102001,travel_agency,0,legit,festival_season,0,0.0025489794596750596,,,,False,0,0.0,0.0,not_called,,0,0,NONE,0,,,0,not_triaged,0.0,206569.00166666668,,False,0.0,0.0,0.0,0.0
MID100588,pharmacy,0,legit,shared_platform,0,0.002353203361955855,,,,False,0,0.0,0.0,not_called,,0,0,NONE,0,,,0,not_triaged,0.0,24658.121333333333,,False,0.0,0.0,0.0,0.0
MID103159,electronics_retail,0,legit,viral_spike,0,0.001512712052618764,electronics_retail,0.9624,homepage,False,0,0.0,0.0,not_called,,0,0,NONE,0,,,2,evidence_exhausted,2.2,255875.10766666668,high_volume_rotation,False,0.0,0.0,0.0,0.0
MID102010,pharmacy,0,legit,none,0,0.0006716698933552859,,,,False,0,0.0,0.0,not_called,,0,0,NONE,0,,,0,not_triaged,0.0,49003.428,,False,0.0,0.0,0.0,0.0
MID102758,subscription_box,0,legit,price_point_change,0,0.0005363942687784506,,,,False,0,0.0,0.0,not_called,,0,0,NONE,0,,,0,not_triaged,0.0,35406.693666666666,,False,0.0,0.0,0.0,0.0
MID103345,home_furnishing,0,legit,none,0,0.9789444462159723,home_furnishing,0.99,checkout,False,0,0.0,0.0,not_called,,1,1,REVIEW,2,telemetry,,4,evidence_exhausted,4.4,14701.927333333331,telemetry_drift,True,900.0,0.0,0.0,900.0
MID102879,digital_services,0,legit,none,0,0.0009235452721528325,,,,False,0,0.0,0.0,not_called,,0,0,NONE,0,,,0,not_triaged,0.0,108335.79966666667,,True,0.0,0.0,0.0,0.0
MID100724,electronics_retail,0,legit,none,0,0.0039155363167430735,,,,False,0,0.0,0.0,not_called,,0,0,NONE,0,,,0,not_triaged,0.0,196372.057,,False,0.0,0.0,0.0,0.0
MID103893,pharmacy,0,legit,none,0,0.0023491562243483366,,,,False,0,0.0,0.0,not_called,,0,0,NONE,0,,,0,not_triaged,0.0,16427.245,,False,0.0,0.0,0.0,0.0
MID102069,travel_agency,0,legit,none,0,0.0007336247581671318,,,,False,0,0.0,0.0,not_called,,0,0,NONE,0,,,0,not_triaged,0.0,137140.054,,False,0.0,0.0,0.0,0.0
MID100978,pharmacy,0,legit,none,0,0.0017173378130460478,,,,False,0,0.0,0.0,not_called,,0,0,NONE,0,,,0,not_triaged,0.0,64643.304,,True,0.0,0.0,0.0,0.0
MID103213,apparel,0,legit,shared_platform,0,0.006561342942835636,,,,False,0,0.0,0.0,not_called,,0,0,NONE,0,,,0,not_triaged,0.0,23999.434666666668,,False,0.0,0.0,0.0,0.0
MID100966,skill_gaming,0,legit,none,0,0.0010793130311421218,,,,False,0,0.0,0.0,not_called,,0,0,NONE,0,,,0,not_triaged,0.0,92933.788,,False,0.0,0.0,0.0,0.0
MID101804,apparel,0,legit,shared_platform,0,0.000978843661179137,,,,False,0,0.0,0.0,not_called,,0,0,NONE,0,,,0,not_triaged,0.0,120736.445,,True,0.0,0.0,0.0,0.0
MID100871,apparel,0,legit,none,0,0.001718543807961468,,,,False,11,0.4176,0.182,not_called,,0,0,NONE,0,,,0,not_triaged,0.0,176631.90999999997,,True,0.0,0.0,0.0,0.0
MID101640,apparel,0,legit,viral_spike,0,0.008792929256890123,,,,False,0,0.0,0.0,not_called,,0,0,NONE,0,,,0,not_triaged,0.0,143259.24333333335,,False,0.0,0.0,0.0,0.0
MID103769,skill_gaming,0,legit,none,0,0.0032064783572297094,,,,False,0,0.0,0.0,not_called,,0,0,NONE,0,,,0,not_triaged,0.0,179107.05233333335,,False,0.0,0.0,0.0,0.0
MID100463,home_furnishing,0,legit,none,0,0.006964637945851731,,,,False,0,0.0,0.0,not_called,,0,0,NONE,0,,,0,not_triaged,0.0,29184.774666666668,,False,0.0,0.0,0.0,0.0
MID101603,electronics_retail,0,legit,none,0,0.0018438645948840107,,,,False,0,0.0,0.0,not_called,,0,0,NONE,0,,,0,not_triaged,0.0,193911.4736666667,,False,0.0,0.0,0.0,0.0
MID103614,electronics_retail,0,legit,none,0,0.0015722336761948448,,,,False,0,0.0,0.0,not_called,,0,0,NONE,0,,,0,not_triaged,0.0,40203.807,,False,0.0,0.0,0.0,0.0
MID103216,home_furnishing,0,legit,none,0,0.0028297414396813957,,,,False,0,0.0,0.0,not_called,,0,0,NONE,0,,,0,not_triaged,0.0,70686.78466666667,,False,0.0,0.0,0.0,0.0
MID101747,travel_agency,0,legit,festival_season,0,0.014622257252322399,,,,False,0,0.0,0.0,not_called,,0,0,NONE,0,,,0,not_triaged,0.0,223886.02,,False,0.0,0.0,0.0,0.0
MID102198,electronics_retail,0,legit,viral_spike,0,0.004690847062490528,,,,False,0,0.0,0.0,not_called,,0,0,NONE,0,,,0,not_triaged,0.0,225525.694,,True,0.0,0.0,0.0,0.0
MID102392,apparel,0,legit,none,0,0.007459599359641593,,,,False,0,0.0,0.0,not_called,,0,0,NONE,0,,,0,not_triaged,0.0,59745.52733333333,,False,0.0,0.0,0.0,0.0
MID102914,travel_agency,0,legit,festival_season,0,0.004539538025563564,,,,False,0,0.0,0.0,not_called,,0,0,NONE,0,,,0,not_triaged,0.0,1189027.099333333,,False,0.0,0.0,0.0,0.0
MID102834,subscription_box,0,legit,none,0,0.00113604310828973,,,,False,0,0.0,0.0,not_called,,0,0,NONE,0,,,0,not_triaged,0.0,97161.82033333332,,False,0.0,0.0,0.0,0.0
MID100128,electronics_retail,1,pivot_prohibited,none,1,0.8186744224750259,sports_betting,0.8245,homepage,False,0,0.0,0.0,answered,True,3,3,RESTRICT,4,telemetry;storefront,telemetry,2,confidence_threshold_met,2.2,102415.24,telemetry_drift;external_signal,False,900.0,0.0,0.0,900.0
MID102856,electronics_retail,0,legit,none,0,0.0018359778481886217,,,,False,0,0.0,0.0,not_called,,0,0,NONE,0,,,0,not_triaged,0.0,168902.37566666666,,False,0.0,0.0,0.0,0.0
MID101514,travel_agency,0,legit,none,0,0.0008307831050832972,,,,False,0,0.0,0.0,not_called,,0,0,NONE,0,,,0,not_triaged,0.0,281378.134,,False,0.0,0.0,0.0,0.0
MID103927,skill_gaming,0,legit,none,0,0.002127627543641835,,,,False,0,0.0,0.0,not_called,,0,0,NONE,0,,,0,not_triaged,0.0,193196.128,,False,0.0,0.0,0.0,0.0
MID100031,subscription_box,1,funnel_ring,none,0,0.06372616500955593,crypto_exchange,0.9706,checkout,False,6,0.8566,0.522,answered,,2,2,RESTRICT,4,storefront;scripts;infrastructure,scripts,5,confidence_threshold_met,4.4,111493.16599999998,network_cluster,True,900.0,0.0,0.0,900.0
MID102954,apparel,0,legit,none,0,0.0009708588966577894,,,,False,0,0.0,0.0,not_called,,0,0,NONE,0,,,0,not_triaged,0.0,206630.14766666663,,False,0.0,0.0,0.0,0.0
MID102064,home_furnishing,0,legit,festival_season,0,0.03295974575780371,,,,False,0,0.0,0.0,not_called,,0,0,NONE,0,,,0,not_triaged,0.0,379558.1093333334,,True,0.0,0.0,0.0,0.0
MID101321,home_furnishing,0,legit,none,0,0.06299886767367321,,,,False,0,0.0,0.0,not_called,,0,0,NONE,0,,,0,not_triaged,0.0,71437.337,,False,0.0,0.0,0.0,0.0
MID102638,apparel,0,legit,none,0,0.007633956117295963,,,,False,0,0.0,0.0,not_called,,0,0,NONE,0,,,0,not_triaged,0.0,120682.40266666668,,False,0.0,0.0,0.0,0.0
MID100334,digital_services,0,legit,none,0,0.0011951693134131993,,,,False,0,0.0,0.0,not_called,,0,0,NONE,0,,,0,not_triaged,0.0,48788.47266666666,,False,0.0,0.0,0.0,0.0
MID100668,home_furnishing,0,legit,none,0,0.0012425536843681678,,,,False,0,0.0,0.0,not_called,,0,0,NONE,0,,,0,not_triaged,0.0,28442.904999999995,,False,0.0,0.0,0.0,0.0
MID103361,travel_agency,0,legit,festival_season,0,0.0017903483333962524,,,,False,0,0.0,0.0,not_called,,0,0,NONE,0,,,0,not_triaged,0.0,363514.7933333333,,False,0.0,0.0,0.0,0.0
MID100280,electronics_retail,0,legit,viral_spike,0,0.0012386141509407055,,,,False,0,0.0,0.0,not_called,,0,0,NONE,0,,,0,not_triaged,0.0,1584496.9356666666,,False,0.0,0.0,0.0,0.0
MID103703,apparel,0,legit,none,0,0.002355017402066664,,,,False,0,0.0,0.0,not_called,,0,0,NONE,0,,,0,not_triaged,0.0,97001.67166666665,,False,0.0,0.0,0.0,0.0
MID103873,subscription_box,0,legit,none,0,0.0011782668866568726,,,,False,0,0.0,0.0,not_called,,0,0,NONE,0,,,0,not_triaged,0.0,160811.10033333334,,False,0.0,0.0,0.0,0.0
MID103675,digital_services,0,legit,price_point_change,0,0.0013944001386536082,,,,False,0,0.0,0.0,not_called,,0,0,NONE,0,,,0,not_triaged,0.0,28649.004,,False,0.0,0.0,0.0,0.0
MID101091,travel_agency,0,legit,festival_season,0,0.005657113039209701,,,,False,0,0.0,0.0,not_called,,0,0,NONE,0,,,0,not_triaged,0.0,265761.8346666667,,False,0.0,0.0,0.0,0.0
MID103165,electronics_retail,0,legit,festival_season,0,0.01255450159166133,,,,False,0,0.0,0.0,not_called,,0,0,NONE,0,,,0,not_triaged,0.0,468245.3996666668,,True,0.0,0.0,0.0,0.0
MID103575,apparel,0,legit,none,0,0.005604154335044108,,,,False,0,0.0,0.0,not_called,,0,0,NONE,0,,,0,not_triaged,0.0,175691.18166666667,,False,0.0,0.0,0.0,0.0
MID101519,home_furnishing,0,legit,none,0,0.0008239251082129543,,,,False,0,0.0,0.0,not_called,,0,0,NONE,0,,,0,not_triaged,0.0,78422.95900000002,,True,0.0,0.0,0.0,0.0
MID101716,home_furnishing,0,legit,none,0,0.0020690761023051335,,,,False,0,0.0,0.0,not_called,,0,0,NONE,0,,,0,not_triaged,0.0,43003.049000000006,,True,0.0,0.0,0.0,0.0
MID102842,skill_gaming,0,legit,none,0,0.002404644188236117,,,,False,0,0.0,0.0,not_called,,0,0,NONE,0,,,0,not_triaged,0.0,106097.181,,False,0.0,0.0,0.0,0.0
MID101832,electronics_retail,0,legit,viral_spike,0,0.0007795783626873429,,,,False,0,0.0,0.0,not_called,,0,0,NONE,0,,,0,not_triaged,0.0,402275.8326666666,,True,0.0,0.0,0.0,0.0
MID100346,apparel,0,legit,none,0,0.001706897095770304,,,,False,0,0.0,0.0,not_called,,0,0,NONE,0,,,0,not_triaged,0.0,91101.87666666668,,True,0.0,0.0,0.0,0.0
MID100996,electronics_retail,0,legit,none,0,0.0005398580958670809,,,,False,0,0.0,0.0,not_called,,0,0,NONE,0,,,0,not_triaged,0.0,31668.586000000003,,False,0.0,0.0,0.0,0.0
MID103743,travel_agency,0,legit,festival_season,0,0.0032728245315180073,,,,False,0,0.0,0.0,not_called,,0,0,NONE,0,,,0,not_triaged,0.0,1325484.7396666666,,True,0.0,0.0,0.0,0.0
MID103680,digital_services,0,legit,none,0,0.0019420825987009015,,,,False,0,0.0,0.0,not_called,,0,0,NONE,0,,,0,not_triaged,0.0,19197.41333333333,,False,0.0,0.0,0.0,0.0
MID102381,apparel,0,legit,price_point_change,0,0.0019607055321345965,,,,False,0,0.0,0.0,not_called,,0,0,NONE,0,,,0,not_triaged,0.0,69244.702,,True,0.0,0.0,0.0,0.0
MID101781,travel_agency,0,legit,festival_season,0,0.020420105917168693,,,,False,7,0.3996,0.072,not_called,,0,0,NONE,0,,,0,not_triaged,0.0,1152020.3813333332,,True,0.0,0.0,0.0,0.0
MID100199,digital_services,0,legit,shared_platform,0,0.0020242056663543626,,,,False,0,0.0,0.0,not_called,,0,0,NONE,0,,,0,not_triaged,0.0,147274.16900000002,,False,0.0,0.0,0.0,0.0
MID101681,travel_agency,0,legit,festival_season,0,0.002447771317319429,,,,False,0,0.0,0.0,not_called,,0,0,NONE,0,,,0,not_triaged,0.0,268670.591,,False,0.0,0.0,0.0,0.0
MID102157,pharmacy,0,legit,none,0,0.0015198676837401507,,,,False,0,0.0,0.0,not_called,,0,0,NONE,0,,,0,not_triaged,0.0,18923.57833333333,,False,0.0,0.0,0.0,0.0
MID100795,skill_gaming,0,legit,none,0,0.019596148143683174,,,,False,0,0.0,0.0,not_called,,0,0,NONE,0,,,0,not_triaged,0.0,263080.23233333335,,False,0.0,0.0,0.0,0.0
MID101717,pharmacy,0,legit,none,0,0.0014118937843678402,,,,False,0,0.0,0.0,not_called,,0,0,NONE,0,,,0,not_triaged,0.0,17835.607,,False,0.0,0.0,0.0,0.0
MID103711,subscription_box,0,legit,none,0,0.0012447893611968112,,,,False,0,0.0,0.0,not_called,,0,0,NONE,0,,,0,not_triaged,0.0,95011.582,,False,0.0,0.0,0.0,0.0
MID100003,apparel,1,funnel_ring,none,0,0.5846441821657145,crypto_exchange,0.9405,checkout,False,7,0.9291,0.764,no_answer,,2,2,RESTRICT,4,storefront;infrastructure,infrastructure,4,confidence_threshold_met,4.4,32598.00633333333,telemetry_drift;network_cluster,False,900.0,0.0,0.0,900.0
MID102015,home_furnishing,0,legit,none,0,0.0007037403497540224,,,,False,0,0.0,0.0,not_called,,0,0,NONE,0,,,0,not_triaged,0.0,58094.001,,False,0.0,0.0,0.0,0.0
MID101727,digital_services,0,legit,none,0,0.0023060603918180324,,,,False,0,0.0,0.0,not_called,,0,0,NONE,0,,,0,not_triaged,0.0,33533.020333333334,,False,0.0,0.0,0.0,0.0
MID102971,apparel,0,legit,none,0,0.0009975999472565005,,,,False,0,0.0,0.0,not_called,,0,0,NONE,0,,,0,not_triaged,0.0,34396.25,,False,0.0,0.0,0.0,0.0
MID103388,home_furnishing,0,legit,none,0,0.0017508444271289718,,,,False,0,0.0,0.0,not_called,,0,0,NONE,0,,,0,not_triaged,0.0,12240.540333333332,,False,0.0,0.0,0.0,0.0
MID100390,skill_gaming,0,legit,none,0,0.0017030614879536474,,,,False,0,0.0,0.0,not_called,,0,0,NONE,0,,,0,not_triaged,0.0,112004.53033333334,,False,0.0,0.0,0.0,0.0
MID102563,electronics_retail,0,legit,none,0,0.0008029604255291931,,,,False,0,0.0,0.0,not_called,,0,0,NONE,0,,,0,not_triaged,0.0,128542.89133333332,,False,0.0,0.0,0.0,0.0
MID101541,travel_agency,0,legit,festival_season,0,0.013804497820946084,,,,False,0,0.0,0.0,not_called,,0,0,NONE,0,,,0,not_triaged,0.0,573736.7883333333,,False,0.0,0.0,0.0,0.0
MID103776,electronics_retail,0,legit,none,0,0.003782750240029223,,,,False,0,0.0,0.0,not_called,,0,0,NONE,0,,,0,not_triaged,0.0,424959.5873333334,,False,0.0,0.0,0.0,0.0
MID103731,digital_services,0,legit,none,0,0.0012416710543320328,,,,False,0,0.0,0.0,not_called,,0,0,NONE,0,,,0,not_triaged,0.0,285732.2736666667,,False,0.0,0.0,0.0,0.0
MID103563,subscription_box,0,legit,shared_platform,0,0.00043435354890726893,,,,False,0,0.0,0.0,not_called,,0,0,NONE,0,,,0,not_triaged,0.0,118146.954,,False,0.0,0.0,0.0,0.0
MID103613,electronics_retail,0,legit,none,0,0.0013334002577687688,,,,False,0,0.0,0.0,not_called,,0,0,NONE,0,,,0,not_triaged,0.0,179145.27533333332,,True,0.0,0.0,0.0,0.0
MID102968,apparel,0,legit,none,0,0.0016496742430238134,,,,False,0,0.0,0.0,not_called,,0,0,NONE,0,,,0,not_triaged,0.0,160859.297,,False,0.0,0.0,0.0,0.0
MID100324,apparel,0,legit,festival_season,0,0.011399563718236319,,,,False,0,0.0,0.0,not_called,,0,0,NONE,0,,,0,not_triaged,0.0,29491.789333333338,,False,0.0,0.0,0.0,0.0
MID100353,travel_agency,0,legit,none,0,0.0019238521695292676,,,,False,0,0.0,0.0,not_called,,0,0,NONE,0,,,0,not_triaged,0.0,83565.72866666668,,False,0.0,0.0,0.0,0.0
MID100782,digital_services,0,legit,none,0,0.003244377993372854,,,,False,0,0.0,0.0,not_called,,0,0,NONE,0,,,0,not_triaged,0.0,29679.16433333333,,False,0.0,0.0,0.0,0.0
MID102744,digital_services,0,legit,none,0,0.0020426592769906,,,,False,0,0.0,0.0,not_called,,0,0,NONE,0,,,0,not_triaged,0.0,93222.637,,False,0.0,0.0,0.0,0.0
MID100899,apparel,0,legit,none,0,0.003176187882456891,,,,False,0,0.0,0.0,not_called,,0,0,NONE,0,,,0,not_triaged,0.0,88038.13666666667,,True,0.0,0.0,0.0,0.0
MID101733,home_furnishing,0,legit,none,0,0.0020472302757277494,,,,False,0,0.0,0.0,not_called,,0,0,NONE,0,,,0,not_triaged,0.0,49843.751,,False,0.0,0.0,0.0,0.0
MID100419,skill_gaming,0,legit,none,0,0.008367539788606805,,,,False,0,0.0,0.0,not_called,,0,0,NONE,0,,,0,not_triaged,0.0,429608.2516666667,,True,0.0,0.0,0.0,0.0
MID102844,digital_services,0,legit,price_point_change,0,0.034357094213128,,,,False,0,0.0,0.0,not_called,,0,0,NONE,0,,,0,not_triaged,0.0,18732.667666666668,,True,0.0,0.0,0.0,0.0
MID103403,electronics_retail,0,legit,none,0,0.002759022725570923,,,,False,0,0.0,0.0,not_called,,0,0,NONE,0,,,0,not_triaged,0.0,172490.29233333332,,True,0.0,0.0,0.0,0.0
MID101605,electronics_retail,0,legit,none,0,0.0009458434172963882,,,,False,0,0.0,0.0,not_called,,0,0,NONE,0,,,0,not_triaged,0.0,335460.58366666664,,False,0.0,0.0,0.0,0.0
MID101715,skill_gaming,0,legit,none,0,0.001415501350476734,,,,False,0,0.0,0.0,not_called,,0,0,NONE,0,,,0,not_triaged,0.0,82700.93133333333,,False,0.0,0.0,0.0,0.0
MID102685,digital_services,0,legit,none,0,0.008285212819300348,,,,False,0,0.0,0.0,not_called,,0,0,NONE,0,,,0,not_triaged,0.0,89825.41933333334,,True,0.0,0.0,0.0,0.0
MID100652,apparel,0,legit,price_point_change,0,0.0009608061526797835,,,,False,0,0.0,0.0,not_called,,0,0,NONE,0,,,0,not_triaged,0.0,25037.689,,False,0.0,0.0,0.0,0.0
MID100687,subscription_box,0,legit,none,0,0.0015182024157012895,,,,False,0,0.0,0.0,not_called,,0,0,NONE,0,,,0,not_triaged,0.0,82660.94066666666,,True,0.0,0.0,0.0,0.0
MID101909,apparel,0,legit,price_point_change,0,0.0016887316147599929,,,,False,0,0.0,0.0,not_called,,0,0,NONE,0,,,0,not_triaged,0.0,42370.693666666666,,False,0.0,0.0,0.0,0.0
MID102197,travel_agency,0,legit,none,0,0.000987621008522054,,,,False,0,0.0,0.0,not_called,,0,0,NONE,0,,,0,not_triaged,0.0,332669.78233333334,,True,0.0,0.0,0.0,0.0
MID100836,digital_services,0,legit,none,0,0.0011303883200543606,,,,False,0,0.0,0.0,not_called,,0,0,NONE,0,,,0,not_triaged,0.0,24775.414666666664,,False,0.0,0.0,0.0,0.0
MID100180,skill_gaming,0,legit,none,0,0.0016074901349262321,,,,False,0,0.0,0.0,not_called,,0,0,NONE,0,,,0,not_triaged,0.0,212293.292,,False,0.0,0.0,0.0,0.0
MID100987,digital_services,0,legit,none,0,0.0006319554166028214,,,,False,0,0.0,0.0,not_called,,0,0,NONE,0,,,0,not_triaged,0.0,26259.449666666667,,False,0.0,0.0,0.0,0.0
MID100777,apparel,0,legit,shared_platform,0,0.0011743181126967852,,,,False,0,0.0,0.0,not_called,,0,0,NONE,0,,,0,not_triaged,0.0,57827.70266666667,,False,0.0,0.0,0.0,0.0
MID101664,pharmacy,0,legit,none,0,0.0008901429593375491,,,,False,0,0.0,0.0,not_called,,0,0,NONE,0,,,0,not_triaged,0.0,57195.346,,False,0.0,0.0,0.0,0.0
MID102274,subscription_box,0,legit,none,0,0.0015673654279892344,,,,False,0,0.0,0.0,not_called,,0,0,NONE,0,,,0,not_triaged,0.0,75912.28866666667,,True,0.0,0.0,0.0,0.0
MID103998,travel_agency,0,legit,none,0,0.0037785540949477185,travel_agency,0.99,homepage,False,0,0.0,0.0,not_called,,0,0,NONE,0,,,2,evidence_exhausted,2.2,119203.542,external_signal,False,0.0,0.0,0.0,0.0
MID100331,travel_agency,0,legit,none,0,0.0008597305887687003,,,,False,0,0.0,0.0,not_called,,0,0,NONE,0,,,0,not_triaged,0.0,234565.03433333331,,False,0.0,0.0,0.0,0.0
MID101393,apparel,0,legit,none,0,0.009622530571384732,,,,False,0,0.0,0.0,not_called,,0,0,NONE,0,,,0,not_triaged,0.0,150802.95866666667,,True,0.0,0.0,0.0,0.0
MID103740,home_furnishing,0,legit,viral_spike,0,0.020861893177450717,,,,False,0,0.0,0.0,not_called,,0,0,NONE,0,,,0,not_triaged,0.0,88594.24633333333,,True,0.0,0.0,0.0,0.0
MID101124,apparel,0,legit,none,0,0.0010277078727248666,,,,False,0,0.0,0.0,not_called,,0,0,NONE,0,,,0,not_triaged,0.0,86789.28766666666,,False,0.0,0.0,0.0,0.0
MID102970,home_furnishing,0,legit,none,0,0.0013261211416581242,,,,False,0,0.0,0.0,not_called,,0,0,NONE,0,,,0,not_triaged,0.0,75441.28099999999,,True,0.0,0.0,0.0,0.0
MID102092,digital_services,0,legit,price_point_change,0,0.0009944096017301253,,,,False,0,0.0,0.0,not_called,,0,0,NONE,0,,,0,not_triaged,0.0,15488.870666666666,,False,0.0,0.0,0.0,0.0
MID103600,subscription_box,0,legit,none,0,0.0016490694116766554,,,,False,0,0.0,0.0,not_called,,0,0,NONE,0,,,0,not_triaged,0.0,48990.216,,False,0.0,0.0,0.0,0.0
MID100524,electronics_retail,0,legit,none,0,0.0006658919565843349,,,,False,0,0.0,0.0,not_called,,0,0,NONE,0,,,0,not_triaged,0.0,84162.09966666666,,False,0.0,0.0,0.0,0.0
MID102959,pharmacy,0,legit,none,0,0.0007313978508087129,,,,False,0,0.0,0.0,not_called,,0,0,NONE,0,,,0,not_triaged,0.0,44997.17233333333,,False,0.0,0.0,0.0,0.0
MID102589,apparel,0,legit,shared_platform,0,0.002045648691986339,,,,False,0,0.0,0.0,not_called,,0,0,NONE,0,,,0,not_triaged,0.0,106257.07433333337,,False,0.0,0.0,0.0,0.0
MID101379,subscription_box,0,legit,none,0,0.0019351922762964864,,,,False,0,0.0,0.0,not_called,,0,0,NONE,0,,,0,not_triaged,0.0,37711.39833333333,,False,0.0,0.0,0.0,0.0
MID101454,home_furnishing,0,legit,viral_spike,0,0.0007784740394253998,,,,False,0,0.0,0.0,not_called,,0,0,NONE,0,,,0,not_triaged,0.0,63445.33200000001,,False,0.0,0.0,0.0,0.0
MID101434,apparel,0,legit,none,0,0.0015000756591724554,,,,False,0,0.0,0.0,not_called,,0,0,NONE,0,,,0,not_triaged,0.0,97579.28133333332,,False,0.0,0.0,0.0,0.0
MID101904,electronics_retail,0,legit,none,0,0.0020237106552585234,,,,False,0,0.0,0.0,not_called,,0,0,NONE,0,,,0,not_triaged,0.0,380660.6693333333,,False,0.0,0.0,0.0,0.0
MID100297,electronics_retail,0,legit,none,0,0.0007101180909116621,,,,False,0,0.0,0.0,not_called,,0,0,NONE,0,,,0,not_triaged,0.0,125423.541,,False,0.0,0.0,0.0,0.0
MID102824,skill_gaming,0,legit,none,0,0.000643132722564002,,,,False,0,0.0,0.0,not_called,,0,0,NONE,0,,,0,not_triaged,0.0,158764.03633333332,,True,0.0,0.0,0.0,0.0
MID101741,apparel,0,legit,none,0,0.0005250915608311929,,,,False,0,0.0,0.0,not_called,,0,0,NONE,0,,,0,not_triaged,0.0,21351.767,,False,0.0,0.0,0.0,0.0
MID100087,electronics_retail,1,pivot_prohibited,none,1,0.9453551382623088,sports_betting,0.941,homepage,True,0,0.0,0.0,answered,,2,2,RESTRICT,4,telemetry;storefront,telemetry,2,confidence_threshold_met,2.2,893685.6190000001,telemetry_drift;external_signal,True,900.0,0.0,0.0,900.0
MID100279,skill_gaming,0,legit,none,0,0.0017885994467836132,,,,False,0,0.0,0.0,not_called,,0,0,NONE,0,,,0,not_triaged,0.0,260517.318,,False,0.0,0.0,0.0,0.0
MID101766,electronics_retail,0,legit,none,0,0.0009517308134261231,,,,False,0,0.0,0.0,not_called,,0,0,NONE,0,,,0,not_triaged,0.0,89521.47666666665,,True,0.0,0.0,0.0,0.0
MID103424,home_furnishing,0,legit,none,0,0.00249470347563401,,,,False,0,0.0,0.0,not_called,,0,0,NONE,0,,,0,not_triaged,0.0,87099.97633333334,,True,0.0,0.0,0.0,0.0
MID102467,home_furnishing,0,legit,none,0,0.004464361375013747,,,,False,0,0.0,0.0,not_called,,0,0,NONE,0,,,0,not_triaged,0.0,68694.56766666665,,True,0.0,0.0,0.0,0.0
MID101600,apparel,0,legit,none,0,0.0011696311005707223,,,,False,0,0.0,0.0,not_called,,0,0,NONE,0,,,0,not_triaged,0.0,89749.82133333334,,False,0.0,0.0,0.0,0.0
MID100549,travel_agency,0,legit,none,0,0.002562539241833207,travel_agency,0.9043,homepage,False,0,0.0,0.0,not_called,,0,0,NONE,0,,,2,evidence_exhausted,2.2,129500.96966666669,external_signal,False,0.0,0.0,0.0,0.0
MID103060,digital_services,0,legit,none,0,0.0006494358219957564,,,,False,0,0.0,0.0,not_called,,0,0,NONE,0,,,0,not_triaged,0.0,43614.92599999999,,False,0.0,0.0,0.0,0.0
MID101459,apparel,0,legit,price_point_change,0,0.002551507714541066,,,,False,0,0.0,0.0,not_called,,0,0,NONE,0,,,0,not_triaged,0.0,26610.826,,False,0.0,0.0,0.0,0.0
MID103415,subscription_box,0,legit,none,0,0.0028539708628210585,,,,False,9,0.4795,0.366,not_called,,1,1,REVIEW,0,,,0,not_triaged,0.0,26497.737,,False,0.0,0.0,0.0,0.0
MID101469,home_furnishing,0,legit,festival_season,0,0.012512925880414265,,,,False,0,0.0,0.0,not_called,,0,0,NONE,0,,,0,not_triaged,0.0,59695.937666666665,,False,0.0,0.0,0.0,0.0
MID102210,home_furnishing,0,legit,none,0,0.00335428840320967,,,,False,0,0.0,0.0,not_called,,0,0,NONE,0,,,0,not_triaged,0.0,161113.00666666665,,False,0.0,0.0,0.0,0.0
MID100067,electronics_retail,1,pivot_prohibited,none,1,0.999738530485387,sports_betting,0.9797,homepage,True,0,0.0,0.0,no_answer,,2,2,RESTRICT,4,telemetry;storefront,telemetry,2,confidence_threshold_met,2.2,35160.25033333334,telemetry_drift;external_signal,False,900.0,0.0,0.0,900.0
MID101590,apparel,0,legit,none,0,0.003055590472089728,,,,False,0,0.0,0.0,not_called,,0,0,NONE,0,,,0,not_triaged,0.0,69074.36233333334,,True,0.0,0.0,0.0,0.0
MID100303,digital_services,0,legit,none,0,0.0018783202806660925,,,,False,0,0.0,0.0,not_called,,0,0,NONE,0,,,0,not_triaged,0.0,128806.27966666668,,False,0.0,0.0,0.0,0.0
MID101987,skill_gaming,0,legit,none,0,0.0013350054740306286,skill_gaming,0.9404,homepage,False,0,0.0,0.0,not_called,,0,0,NONE,0,,,2,evidence_exhausted,2.2,231069.33366666667,external_signal,False,0.0,0.0,0.0,0.0
MID101158,digital_services,0,legit,none,0,0.014784950358293778,,,,False,0,0.0,0.0,not_called,,0,0,NONE,0,,,0,not_triaged,0.0,65916.59599999999,,False,0.0,0.0,0.0,0.0
MID102682,pharmacy,0,legit,shared_platform,0,0.000998449848584727,,,,False,0,0.0,0.0,not_called,,0,0,NONE,0,,,0,not_triaged,0.0,120724.33866666668,,False,0.0,0.0,0.0,0.0
MID103823,digital_services,0,legit,price_point_change,0,0.009757425228855308,,,,False,0,0.0,0.0,not_called,,0,0,NONE,0,,,0,not_triaged,0.0,19848.75733333333,,False,0.0,0.0,0.0,0.0
MID103443,apparel,0,legit,none,0,0.0010793402044530732,,,,False,0,0.0,0.0,not_called,,0,0,NONE,0,,,0,not_triaged,0.0,121279.60366666666,,False,0.0,0.0,0.0,0.0
MID101326,travel_agency,0,legit,none,0,0.0003844368174326681,travel_agency,0.99,homepage,False,0,0.0,0.0,not_called,,0,0,NONE,0,,,2,evidence_exhausted,2.2,221238.087,high_volume_rotation,False,0.0,0.0,0.0,0.0
MID103358,digital_services,0,legit,none,0,0.000991624776069851,,,,False,0,0.0,0.0,not_called,,0,0,NONE,0,,,0,not_triaged,0.0,78614.01033333334,,False,0.0,0.0,0.0,0.0
MID100621,skill_gaming,0,legit,none,0,0.0037189488306249865,skill_gaming,0.99,homepage,False,0,0.0,0.0,not_called,,0,0,NONE,0,,,2,evidence_exhausted,2.2,367515.13333333336,high_volume_rotation,False,0.0,0.0,0.0,0.0
MID101471,electronics_retail,0,legit,none,0,0.0010257713391118913,,,,False,0,0.0,0.0,not_called,,0,0,NONE,0,,,0,not_triaged,0.0,135603.22,,False,0.0,0.0,0.0,0.0
MID101318,home_furnishing,0,legit,festival_season,0,0.10056327759132841,,,,False,0,0.0,0.0,not_called,,0,0,NONE,0,,,0,not_triaged,0.0,54349.883,,True,0.0,0.0,0.0,0.0
MID102396,travel_agency,0,legit,none,0,0.0005607969537329844,,,,False,0,0.0,0.0,not_called,,0,0,NONE,0,,,0,not_triaged,0.0,238681.002,,False,0.0,0.0,0.0,0.0
MID100173,home_furnishing,0,legit,none,0,0.0014787353819132138,,,,False,0,0.0,0.0,not_called,,0,0,NONE,0,,,0,not_triaged,0.0,119240.86533333334,,False,0.0,0.0,0.0,0.0
MID103548,home_furnishing,0,legit,none,0,0.010565819613771572,,,,False,0,0.0,0.0,not_called,,0,0,NONE,0,,,0,not_triaged,0.0,115540.91766666666,,False,0.0,0.0,0.0,0.0
MID103506,travel_agency,0,legit,none,0,0.0013747223792203217,,,,False,0,0.0,0.0,not_called,,0,0,NONE,0,,,0,not_triaged,0.0,50278.9,,True,0.0,0.0,0.0,0.0
MID101972,electronics_retail,0,legit,none,0,0.0008845899148226665,,,,False,0,0.0,0.0,not_called,,0,0,NONE,0,,,0,not_triaged,0.0,350018.42966666666,,True,0.0,0.0,0.0,0.0
MID103812,home_furnishing,0,legit,none,0,0.0017002933432146666,,,,False,0,0.0,0.0,not_called,,0,0,NONE,0,,,0,not_triaged,0.0,199009.2903333333,,False,0.0,0.0,0.0,0.0
MID100738,apparel,0,legit,none,0,0.0013543674938797819,,,,False,0,0.0,0.0,not_called,,0,0,NONE,0,,,0,not_triaged,0.0,77603.572,,False,0.0,0.0,0.0,0.0
MID101552,electronics_retail,0,legit,none,0,0.002075814600967293,,,,False,0,0.0,0.0,not_called,,0,0,NONE,0,,,0,not_triaged,0.0,498238.314,,False,0.0,0.0,0.0,0.0
MID103405,pharmacy,0,legit,none,0,0.0032045081391821346,,,,False,0,0.0,0.0,not_called,,0,0,NONE,0,,,0,not_triaged,0.0,77955.22333333334,,False,0.0,0.0,0.0,0.0
MID100074,digital_services,1,pivot_prohibited,none,1,0.9991292013683338,sports_betting,0.8522,homepage,False,0,0.0,0.0,answered,False,3,3,RESTRICT,4,telemetry;storefront;statement,the merchant's own statement,2,confidence_threshold_met,2.2,79588.46966666666,telemetry_drift,True,900.0,0.0,0.0,900.0
MID102775,subscription_box,0,legit,none,0,0.0026268810483578457,,,,False,0,0.0,0.0,not_called,,0,0,NONE,0,,,0,not_triaged,0.0,73174.99533333334,,False,0.0,0.0,0.0,0.0
MID102993,apparel,0,legit,none,0,0.0010736692820586514,,,,False,0,0.0,0.0,not_called,,0,0,NONE,0,,,0,not_triaged,0.0,85930.94066666666,,False,0.0,0.0,0.0,0.0
MID101122,apparel,0,legit,none,0,0.006980348683592361,,,,False,0,0.0,0.0,not_called,,0,0,NONE,0,,,0,not_triaged,0.0,109782.95733333334,,True,0.0,0.0,0.0,0.0
MID102329,electronics_retail,0,legit,none,0,0.002370898619991168,,,,False,0,0.0,0.0,not_called,,0,0,NONE,0,,,0,not_triaged,0.0,157927.31233333334,,False,0.0,0.0,0.0,0.0
MID100527,pharmacy,0,legit,shared_platform,0,0.0018101181648383672,,,,False,0,0.0,0.0,not_called,,0,0,NONE,0,,,0,not_triaged,0.0,110971.11566666668,,False,0.0,0.0,0.0,0.0
MID100965,digital_services,0,legit,none,0,0.0007006719669815824,,,,False,0,0.0,0.0,not_called,,0,0,NONE,0,,,0,not_triaged,0.0,86158.10633333333,,False,0.0,0.0,0.0,0.0
MID101937,apparel,0,legit,none,0,0.0016111716763400593,,,,False,0,0.0,0.0,not_called,,0,0,NONE,0,,,0,not_triaged,0.0,139165.37566666666,,True,0.0,0.0,0.0,0.0
MID101576,digital_services,0,legit,none,0,0.010213048468725937,,,,False,0,0.0,0.0,not_called,,0,0,NONE,0,,,0,not_triaged,0.0,29419.995000000003,,False,0.0,0.0,0.0,0.0
MID101921,pharmacy,0,legit,none,0,0.002026011758870817,,,,False,0,0.0,0.0,not_called,,0,0,NONE,0,,,0,not_triaged,0.0,450470.473,,False,0.0,0.0,0.0,0.0
MID103123,digital_services,0,legit,shared_platform,0,0.0012589352849216814,,,,False,0,0.0,0.0,not_called,,0,0,NONE,0,,,0,not_triaged,0.0,172093.37,,False,0.0,0.0,0.0,0.0
MID101478,home_furnishing,0,legit,viral_spike,0,0.008543406961776388,,,,False,0,0.0,0.0,not_called,,0,0,NONE,0,,,0,not_triaged,0.0,204041.08566666668,,False,0.0,0.0,0.0,0.0
MID103586,pharmacy,0,legit,none,0,0.004031860417187219,,,,False,0,0.0,0.0,not_called,,0,0,NONE,0,,,0,not_triaged,0.0,21124.95,,False,0.0,0.0,0.0,0.0
MID101520,home_furnishing,0,legit,none,0,0.002390604097155206,,,,False,0,0.0,0.0,not_called,,0,0,NONE,0,,,0,not_triaged,0.0,27301.899666666668,,False,0.0,0.0,0.0,0.0
MID101079,subscription_box,0,legit,none,0,0.017721946265209856,,,,False,0,0.0,0.0,not_called,,0,0,NONE,0,,,0,not_triaged,0.0,51432.007333333335,,False,0.0,0.0,0.0,0.0
MID101006,travel_agency,0,legit,festival_season,0,0.02794194570861832,,,,False,0,0.0,0.0,not_called,,0,0,NONE,0,,,0,not_triaged,0.0,404196.2596666666,,True,0.0,0.0,0.0,0.0
MID102607,home_furnishing,0,legit,viral_spike,0,0.0021385669920991925,,,,False,0,0.0,0.0,not_called,,0,0,NONE,0,,,0,not_triaged,0.0,27263.837666666663,,False,0.0,0.0,0.0,0.0
MID101260,digital_services,0,legit,shared_platform,0,0.001393424212021548,,,,False,0,0.0,0.0,not_called,,0,0,NONE,0,,,0,not_triaged,0.0,22535.064666666665,,False,0.0,0.0,0.0,0.0
MID102778,skill_gaming,0,legit,none,0,0.005126365173655067,,,,False,0,0.0,0.0,not_called,,0,0,NONE,0,,,0,not_triaged,0.0,87758.30566666667,,True,0.0,0.0,0.0,0.0
MID101089,pharmacy,0,legit,none,0,0.0018602298949477554,,,,False,0,0.0,0.0,not_called,,0,0,NONE,0,,,0,not_triaged,0.0,34950.312666666665,,False,0.0,0.0,0.0,0.0
MID102636,travel_agency,0,legit,none,0,0.021782923117792577,,,,False,0,0.0,0.0,not_called,,0,0,NONE,0,,,0,not_triaged,0.0,237270.705,,False,0.0,0.0,0.0,0.0
MID101607,subscription_box,0,legit,none,0,0.0012289006075212692,,,,False,0,0.0,0.0,not_called,,0,0,NONE,0,,,0,not_triaged,0.0,137951.59466666667,,False,0.0,0.0,0.0,0.0
MID103515,subscription_box,0,legit,none,0,0.0011059353907125283,,,,False,0,0.0,0.0,not_called,,0,0,NONE,0,,,0,not_triaged,0.0,69518.98400000001,,False,0.0,0.0,0.0,0.0
MID101399,apparel,0,legit,price_point_change,0,0.018227132425474326,,,,False,0,0.0,0.0,not_called,,0,0,NONE,0,,,0,not_triaged,0.0,32055.969,,False,0.0,0.0,0.0,0.0
MID103072,apparel,0,legit,price_point_change,0,0.0007118886429888718,,,,False,0,0.0,0.0,not_called,,0,0,NONE,0,,,0,not_triaged,0.0,150177.45566666668,,False,0.0,0.0,0.0,0.0
MID100814,pharmacy,0,legit,none,0,0.23644407833646217,,,,False,0,0.0,0.0,not_called,,0,0,NONE,0,,,0,not_triaged,0.0,45800.431,,True,0.0,0.0,0.0,0.0
MID103239,subscription_box,0,legit,price_point_change,0,0.0092701992600171,,,,False,0,0.0,0.0,not_called,,0,0,NONE,0,,,0,not_triaged,0.0,51192.69233333333,,True,0.0,0.0,0.0,0.0
MID103696,apparel,0,legit,none,0,0.0068403643448729365,,,,False,0,0.0,0.0,not_called,,0,0,NONE,0,,,0,not_triaged,0.0,33909.916333333334,,False,0.0,0.0,0.0,0.0
MID102858,digital_services,0,legit,none,0,0.000880215677686164,,,,False,0,0.0,0.0,not_called,,0,0,NONE,0,,,0,not_triaged,0.0,207368.24766666663,,False,0.0,0.0,0.0,0.0
MID100276,skill_gaming,0,legit,none,0,0.0015346173320526027,,,,False,0,0.0,0.0,not_called,,0,0,NONE,0,,,0,not_triaged,0.0,122684.27266666669,,True,0.0,0.0,0.0,0.0
MID101085,electronics_retail,0,legit,viral_spike,0,0.002052008977823774,,,,False,0,0.0,0.0,not_called,,0,0,NONE,0,,,0,not_triaged,0.0,30315.53933333333,,True,0.0,0.0,0.0,0.0
MID103976,apparel,0,legit,none,0,0.0019108828471868418,,,,False,0,0.0,0.0,not_called,,0,0,NONE,0,,,0,not_triaged,0.0,33403.71566666666,,False,0.0,0.0,0.0,0.0
MID100678,digital_services,0,legit,none,0,0.012071932548656952,,,,False,0,0.0,0.0,not_called,,0,0,NONE,0,,,0,not_triaged,0.0,45421.25733333334,,False,0.0,0.0,0.0,0.0
MID101210,pharmacy,0,legit,none,0,0.0014438176659516695,,,,False,0,0.0,0.0,not_called,,0,0,NONE,0,,,0,not_triaged,0.0,19557.27233333333,,False,0.0,0.0,0.0,0.0
MID100033,electronics_retail,1,funnel_ring,none,0,0.8543646455481972,unknown,0.1741,checkout,False,6,0.8566,0.522,not_called,,2,2,VERIFY,2,telemetry;infrastructure,,4,confidence_threshold_met,4.4,247148.334,telemetry_drift;network_cluster,True,900.0,0.0,0.0,900.0
MID103199,home_furnishing,0,legit,none,0,0.0025527457323539825,,,,False,0,0.0,0.0,not_called,,0,0,NONE,0,,,0,not_triaged,0.0,65687.30566666667,,False,0.0,0.0,0.0,0.0
MID101966,apparel,0,legit,price_point_change,0,0.0009322808747983266,,,,False,0,0.0,0.0,not_called,,0,0,NONE,0,,,0,not_triaged,0.0,241709.95,,False,0.0,0.0,0.0,0.0
MID101333,travel_agency,0,legit,none,0,0.0020925914372952525,,,,False,0,0.0,0.0,not_called,,0,0,NONE,0,,,0,not_triaged,0.0,116631.30433333332,,False,0.0,0.0,0.0,0.0
MID101445,electronics_retail,0,legit,none,0,0.0017413018325581268,,,,False,0,0.0,0.0,not_called,,0,0,NONE,0,,,0,not_triaged,0.0,78863.73033333334,,False,0.0,0.0,0.0,0.0
MID102723,skill_gaming,0,legit,none,0,0.0003720925552714529,,,,False,0,0.0,0.0,not_called,,0,0,NONE,0,,,0,not_triaged,0.0,110479.82566666666,,False,0.0,0.0,0.0,0.0
MID101770,pharmacy,0,legit,none,0,0.0009494358476058244,,,,False,0,0.0,0.0,not_called,,0,0,NONE,0,,,0,not_triaged,0.0,11981.218333333332,,False,0.0,0.0,0.0,0.0
MID103889,apparel,0,legit,shared_platform,0,0.0009855312460104577,,,,False,0,0.0,0.0,not_called,,0,0,NONE,0,,,0,not_triaged,0.0,110364.31666666668,,True,0.0,0.0,0.0,0.0
MID103993,travel_agency,0,legit,festival_season,0,0.021471643098875875,travel_agency,0.9758,homepage,False,0,0.0,0.0,not_called,,0,0,NONE,0,,,2,evidence_exhausted,2.2,268439.1996666667,high_volume_rotation,False,0.0,0.0,0.0,0.0
MID101344,pharmacy,0,legit,none,0,0.0017487370166192255,,,,False,0,0.0,0.0,not_called,,0,0,NONE,0,,,0,not_triaged,0.0,39584.87533333334,,False,0.0,0.0,0.0,0.0
MID103205,apparel,0,legit,none,0,0.0015460558503060508,,,,False,0,0.0,0.0,not_called,,0,0,NONE,0,,,0,not_triaged,0.0,197948.764,,False,0.0,0.0,0.0,0.0
MID101496,home_furnishing,0,legit,none,0,0.0012311082264456152,,,,False,0,0.0,0.0,not_called,,0,0,NONE,0,,,0,not_triaged,0.0,344870.635,,False,0.0,0.0,0.0,0.0
MID100601,digital_services,0,legit,none,0,0.0007644519438939353,,,,False,0,0.0,0.0,not_called,,0,0,NONE,0,,,0,not_triaged,0.0,32869.692,,True,0.0,0.0,0.0,0.0
MID102863,home_furnishing,0,legit,viral_spike,0,0.0009063048051073858,,,,False,0,0.0,0.0,not_called,,0,0,NONE,0,,,0,not_triaged,0.0,175881.471,,False,0.0,0.0,0.0,0.0
MID100613,apparel,0,legit,none,0,0.0009789312848916274,,,,False,0,0.0,0.0,not_called,,0,0,NONE,0,,,0,not_triaged,0.0,69289.72633333334,,True,0.0,0.0,0.0,0.0
MID100997,apparel,0,legit,none,0,0.0014645511850737327,,,,False,0,0.0,0.0,not_called,,0,0,NONE,0,,,0,not_triaged,0.0,65603.90333333334,,False,0.0,0.0,0.0,0.0
MID103338,apparel,0,legit,none,0,0.0008396610001823193,,,,False,0,0.0,0.0,not_called,,0,0,NONE,0,,,0,not_triaged,0.0,253737.78166666668,,True,0.0,0.0,0.0,0.0
MID102817,home_furnishing,0,legit,festival_season,0,0.04170820519736104,,,,False,0,0.0,0.0,not_called,,0,0,NONE,0,,,0,not_triaged,0.0,54855.44766666667,,False,0.0,0.0,0.0,0.0
MID103653,skill_gaming,0,legit,none,0,0.0008995488098220042,,,,False,0,0.0,0.0,not_called,,0,0,NONE,0,,,0,not_triaged,0.0,111753.91666666669,,True,0.0,0.0,0.0,0.0
MID103322,apparel,0,legit,none,0,0.005391655824698935,,,,False,0,0.0,0.0,not_called,,0,0,NONE,0,,,0,not_triaged,0.0,54188.779,,True,0.0,0.0,0.0,0.0
MID100862,home_furnishing,0,legit,none,0,0.004014655034286658,,,,False,0,0.0,0.0,not_called,,0,0,NONE,0,,,0,not_triaged,0.0,35932.36866666667,,False,0.0,0.0,0.0,0.0
MID102189,travel_agency,0,legit,none,0,0.0015330737757315235,,,,False,0,0.0,0.0,not_called,,0,0,NONE,0,,,0,not_triaged,0.0,358132.6093333334,,True,0.0,0.0,0.0,0.0
MID101951,apparel,0,legit,none,0,0.0020429987573058694,,,,False,0,0.0,0.0,not_called,,0,0,NONE,0,,,0,not_triaged,0.0,26479.929333333333,,False,0.0,0.0,0.0,0.0
MID103684,electronics_retail,0,legit,none,0,0.0006859084024917932,,,,False,0,0.0,0.0,not_called,,0,0,NONE,0,,,0,not_triaged,0.0,88067.03066666666,,False,0.0,0.0,0.0,0.0
MID102363,electronics_retail,0,legit,none,0,0.4326042284459684,electronics_retail,0.99,checkout,False,0,0.0,0.0,not_called,,0,0,WATCH,1,,,4,evidence_exhausted,4.4,71976.622,telemetry_drift;external_signal,True,0.0,0.0,0.0,0.0
MID101172,travel_agency,0,legit,festival_season,0,0.007446968840478772,,,,False,0,0.0,0.0,not_called,,0,0,NONE,0,,,0,not_triaged,0.0,121430.04333333332,,False,0.0,0.0,0.0,0.0
MID103923,skill_gaming,0,legit,none,0,0.006533353116460861,,,,False,0,0.0,0.0,not_called,,0,0,NONE,0,,,0,not_triaged,0.0,284927.986,,True,0.0,0.0,0.0,0.0
MID102874,subscription_box,0,legit,shared_platform,0,0.0017656447928841334,,,,False,0,0.0,0.0,not_called,,0,0,NONE,0,,,0,not_triaged,0.0,214509.44633333336,,False,0.0,0.0,0.0,0.0
MID102967,skill_gaming,0,legit,none,0,0.002254272709967846,,,,False,7,0.3996,0.072,not_called,,0,0,NONE,0,,,0,not_triaged,0.0,155602.72400000002,,True,0.0,0.0,0.0,0.0
MID100766,skill_gaming,0,legit,none,0,0.015463517525462784,,,,False,0,0.0,0.0,not_called,,0,0,NONE,0,,,0,not_triaged,0.0,219601.59166666667,,False,0.0,0.0,0.0,0.0
MID103436,home_furnishing,0,legit,none,0,0.0014099172886192204,,,,False,0,0.0,0.0,not_called,,0,0,NONE,0,,,0,not_triaged,0.0,35333.805,,False,0.0,0.0,0.0,0.0
MID102050,travel_agency,0,legit,festival_season,0,0.008465292675585231,travel_agency,0.9355,homepage,False,0,0.0,0.0,not_called,,0,0,NONE,0,,,2,evidence_exhausted,2.2,390860.7083333333,high_volume_rotation,True,0.0,0.0,0.0,0.0
MID103702,apparel,0,legit,price_point_change,0,0.0009633343495609374,,,,False,0,0.0,0.0,not_called,,0,0,NONE,0,,,0,not_triaged,0.0,22796.008,,True,0.0,0.0,0.0,0.0
MID101273,travel_agency,0,legit,none,0,0.03601415742515045,,,,False,0,0.0,0.0,not_called,,0,0,NONE,0,,,0,not_triaged,0.0,101114.948,,False,0.0,0.0,0.0,0.0
MID100564,apparel,0,legit,none,0,0.00093785343451211,,,,False,7,0.3996,0.072,not_called,,0,0,NONE,0,,,0,not_triaged,0.0,92719.57266666667,,True,0.0,0.0,0.0,0.0
MID103050,electronics_retail,0,legit,viral_spike,0,0.003101311380646925,,,,False,0,0.0,0.0,not_called,,0,0,NONE,0,,,0,not_triaged,0.0,216822.2403333333,,False,0.0,0.0,0.0,0.0
MID100805,home_furnishing,0,legit,none,0,0.001254121092591851,home_furnishing,0.99,homepage,False,0,0.0,0.0,not_called,,0,0,NONE,0,,,2,evidence_exhausted,2.2,232472.92,high_volume_rotation,True,0.0,0.0,0.0,0.0
MID100185,travel_agency,0,legit,festival_season,0,0.030860723052672397,travel_agency,0.9261,homepage,False,0,0.0,0.0,not_called,,0,0,NONE,0,,,2,evidence_exhausted,2.2,433329.7073333334,high_volume_rotation,True,0.0,0.0,0.0,0.0
MID101430,digital_services,0,legit,shared_platform,0,0.0016493055470707177,,,,False,0,0.0,0.0,not_called,,0,0,NONE,0,,,0,not_triaged,0.0,142052.99066666665,,True,0.0,0.0,0.0,0.0
MID103287,subscription_box,0,legit,none,0,0.002353971674849465,,,,False,0,0.0,0.0,not_called,,0,0,NONE,0,,,0,not_triaged,0.0,109006.723,,False,0.0,0.0,0.0,0.0
MID100670,electronics_retail,0,legit,none,0,0.001917799123595072,electronics_retail,0.99,homepage,False,0,0.0,0.0,not_called,,0,0,NONE,0,,,2,evidence_exhausted,2.2,233506.775,high_volume_rotation,False,0.0,0.0,0.0,0.0
MID103690,electronics_retail,0,legit,none,0,0.0008901260434831932,electronics_retail,0.8906,homepage,False,0,0.0,0.0,not_called,,0,0,NONE,0,,,2,evidence_exhausted,2.2,421849.0656666666,high_volume_rotation,False,0.0,0.0,0.0,0.0
MID100537,apparel,0,legit,none,0,0.0247318998329621,,,,False,15,0.4055,0.177,not_called,,0,0,NONE,0,,,0,not_triaged,0.0,87560.222,,False,0.0,0.0,0.0,0.0
MID102632,electronics_retail,0,legit,viral_spike,0,0.0018729428898403829,,,,False,0,0.0,0.0,not_called,,0,0,NONE,0,,,0,not_triaged,0.0,442405.7773333333,,False,0.0,0.0,0.0,0.0
MID101287,digital_services,0,legit,none,0,0.013672085176510279,,,,False,0,0.0,0.0,not_called,,0,0,NONE,0,,,0,not_triaged,0.0,65502.54333333333,,False,0.0,0.0,0.0,0.0
MID103118,home_furnishing,0,legit,none,0,0.0017087158686418659,,,,False,2,0.5667,0.843,not_called,,1,1,REVIEW,1,infrastructure,,0,not_triaged,0.0,68599.60166666665,,False,0.0,0.0,0.0,0.0
MID101799,travel_agency,0,legit,none,0,0.0021597684658406545,,,,False,0,0.0,0.0,not_called,,0,0,NONE,0,,,0,not_triaged,0.0,580032.5973333332,,False,0.0,0.0,0.0,0.0
MID101807,home_furnishing,0,legit,viral_spike,0,0.004245155389584128,,,,False,0,0.0,0.0,not_called,,0,0,NONE,0,,,0,not_triaged,0.0,48536.84033333333,,False,0.0,0.0,0.0,0.0
MID101788,electronics_retail,0,legit,none,0,0.0010809875293482946,,,,False,0,0.0,0.0,not_called,,0,0,NONE,0,,,0,not_triaged,0.0,428392.658,,False,0.0,0.0,0.0,0.0
MID100848,apparel,0,legit,none,0,0.005747660115081642,,,,False,0,0.0,0.0,not_called,,0,0,NONE,0,,,0,not_triaged,0.0,139610.38,,False,0.0,0.0,0.0,0.0
MID100290,electronics_retail,0,legit,none,0,0.0012341668629750374,,,,False,0,0.0,0.0,not_called,,0,0,NONE,0,,,0,not_triaged,0.0,198613.00833333333,,False,0.0,0.0,0.0,0.0
MID101353,electronics_retail,0,legit,festival_season,0,0.003470777877643103,,,,False,0,0.0,0.0,not_called,,0,0,NONE,0,,,0,not_triaged,0.0,657761.4416666667,,False,0.0,0.0,0.0,0.0
MID103619,apparel,0,legit,price_point_change,0,0.0036539524888016418,,,,False,0,0.0,0.0,not_called,,0,0,NONE,0,,,0,not_triaged,0.0,45072.69133333333,,True,0.0,0.0,0.0,0.0
MID103674,apparel,0,legit,none,0,0.0022199788031340654,,,,False,0,0.0,0.0,not_called,,0,0,NONE,0,,,0,not_triaged,0.0,16120.54766666667,,True,0.0,0.0,0.0,0.0
MID100522,electronics_retail,0,legit,none,0,0.002446465866661475,,,,False,0,0.0,0.0,not_called,,0,0,NONE,0,,,0,not_triaged,0.0,54903.41833333333,,False,0.0,0.0,0.0,0.0
MID100408,apparel,0,legit,price_point_change,0,0.0023111741144923315,,,,False,0,0.0,0.0,not_called,,0,0,NONE,0,,,0,not_triaged,0.0,17483.879000000004,,True,0.0,0.0,0.0,0.0
MID103913,electronics_retail,0,legit,festival_season,0,0.005038620820039062,,,,False,0,0.0,0.0,not_called,,0,0,NONE,0,,,0,not_triaged,0.0,809511.4273333333,,True,0.0,0.0,0.0,0.0
MID100528,apparel,0,legit,none,0,0.0013658066051983615,,,,False,0,0.0,0.0,not_called,,0,0,NONE,0,,,0,not_triaged,0.0,11926.154333333334,,False,0.0,0.0,0.0,0.0
MID103916,electronics_retail,0,legit,none,0,0.0023892107515069935,,,,False,0,0.0,0.0,not_called,,0,0,NONE,0,,,0,not_triaged,0.0,128677.173,,False,0.0,0.0,0.0,0.0
MID102424,apparel,0,legit,none,0,0.00035151797581369046,,,,False,0,0.0,0.0,not_called,,0,0,NONE,0,,,0,not_triaged,0.0,45457.816333333336,,True,0.0,0.0,0.0,0.0
MID101174,home_furnishing,0,legit,viral_spike,0,0.0012369829357917219,,,,False,0,0.0,0.0,not_called,,0,0,NONE,0,,,0,not_triaged,0.0,77636.93000000001,,True,0.0,0.0,0.0,0.0
MID102681,apparel,0,legit,none,0,0.014990210488202647,,,,False,0,0.0,0.0,not_called,,0,0,NONE,0,,,0,not_triaged,0.0,70161.57266666666,,False,0.0,0.0,0.0,0.0
MID100160,home_furnishing,0,legit,viral_spike,0,0.0033066802929166395,,,,False,0,0.0,0.0,not_called,,0,0,NONE,0,,,0,not_triaged,0.0,36079.52166666666,,True,0.0,0.0,0.0,0.0
MID103315,subscription_box,0,legit,none,0,0.0017294987158188435,,,,False,0,0.0,0.0,not_called,,0,0,NONE,0,,,0,not_triaged,0.0,301065.05433333333,,False,0.0,0.0,0.0,0.0
MID100846,electronics_retail,0,legit,none,0,0.0004854886661153577,,,,False,0,0.0,0.0,not_called,,0,0,NONE,0,,,0,not_triaged,0.0,32523.41733333333,,False,0.0,0.0,0.0,0.0
MID103237,subscription_box,0,legit,none,0,0.0041726483238536845,,,,False,0,0.0,0.0,not_called,,0,0,NONE,0,,,0,not_triaged,0.0,84509.64666666668,,True,0.0,0.0,0.0,0.0
MID102819,electronics_retail,0,legit,none,0,0.000990518560408678,,,,False,0,0.0,0.0,not_called,,0,0,NONE,0,,,0,not_triaged,0.0,31459.854666666663,,False,0.0,0.0,0.0,0.0
MID100634,electronics_retail,0,legit,none,0,0.0005878022713751501,,,,False,0,0.0,0.0,not_called,,0,0,NONE,0,,,0,not_triaged,0.0,213519.34500000003,,True,0.0,0.0,0.0,0.0
MID103603,apparel,0,legit,none,0,0.0015287662567688015,,,,False,0,0.0,0.0,not_called,,0,0,NONE,0,,,0,not_triaged,0.0,201968.4016666667,,False,0.0,0.0,0.0,0.0
MID101906,subscription_box,0,legit,viral_spike,0,0.0006188977124389758,,,,False,0,0.0,0.0,not_called,,0,0,NONE,0,,,0,not_triaged,0.0,373366.64433333336,,False,0.0,0.0,0.0,0.0
MID102388,apparel,0,legit,none,0,0.0008747430922906786,,,,False,0,0.0,0.0,not_called,,0,0,NONE,0,,,0,not_triaged,0.0,32777.462666666666,,False,0.0,0.0,0.0,0.0
MID102483,apparel,0,legit,none,0,0.0011032660332169846,,,,False,0,0.0,0.0,not_called,,0,0,NONE,0,,,0,not_triaged,0.0,86811.43266666666,,False,0.0,0.0,0.0,0.0
MID102151,apparel,0,legit,none,0,0.0015253330924451438,,,,False,0,0.0,0.0,not_called,,0,0,NONE,0,,,0,not_triaged,0.0,55247.226,,False,0.0,0.0,0.0,0.0
MID102974,subscription_box,0,legit,price_point_change,0,0.0009810079722482106,,,,False,0,0.0,0.0,not_called,,0,0,NONE,0,,,0,not_triaged,0.0,61457.46766666668,,False,0.0,0.0,0.0,0.0
MID102737,electronics_retail,0,legit,festival_season,0,0.04873207924498727,,,,False,0,0.0,0.0,not_called,,0,0,NONE,0,,,0,not_triaged,0.0,618106.8599999999,,False,0.0,0.0,0.0,0.0
MID103057,apparel,0,legit,price_point_change,0,0.0009034504081957255,,,,False,0,0.0,0.0,not_called,,0,0,NONE,0,,,0,not_triaged,0.0,26260.857,,False,0.0,0.0,0.0,0.0
MID100478,apparel,0,legit,price_point_change,0,0.004768920059111365,,,,False,0,0.0,0.0,not_called,,0,0,NONE,0,,,0,not_triaged,0.0,24052.029,,False,0.0,0.0,0.0,0.0
MID102521,apparel,0,legit,none,0,0.005456523128524543,,,,False,0,0.0,0.0,not_called,,0,0,NONE,0,,,0,not_triaged,0.0,52400.81066666667,,True,0.0,0.0,0.0,0.0
MID102544,travel_agency,0,legit,festival_season,0,0.021610880515868933,,,,False,0,0.0,0.0,not_called,,0,0,NONE,0,,,0,not_triaged,0.0,542240.562,,False,0.0,0.0,0.0,0.0
MID101267,apparel,0,legit,none,0,0.008852069509754588,,,,False,0,0.0,0.0,not_called,,0,0,NONE,0,,,0,not_triaged,0.0,85090.21900000001,,True,0.0,0.0,0.0,0.0
MID103608,electronics_retail,0,legit,viral_spike,0,0.0018570826001768233,,,,False,0,0.0,0.0,not_called,,0,0,NONE,0,,,0,not_triaged,0.0,40494.75733333334,,True,0.0,0.0,0.0,0.0
MID103825,home_furnishing,0,legit,none,0,0.016282961356722428,,,,False,0,0.0,0.0,not_called,,0,0,NONE,0,,,0,not_triaged,0.0,27462.927666666663,,False,0.0,0.0,0.0,0.0
MID103562,home_furnishing,0,legit,viral_spike,0,0.0028516349331348784,,,,False,0,0.0,0.0,not_called,,0,0,NONE,0,,,0,not_triaged,0.0,66351.25733333334,,True,0.0,0.0,0.0,0.0
MID103738,apparel,0,legit,none,0,0.0016406818954199935,,,,False,0,0.0,0.0,not_called,,0,0,NONE,0,,,0,not_triaged,0.0,88772.94066666666,,False,0.0,0.0,0.0,0.0
MID101177,subscription_box,0,legit,none,0,0.0036234799320781497,,,,False,0,0.0,0.0,not_called,,0,0,NONE,0,,,0,not_triaged,0.0,94855.32133333333,,True,0.0,0.0,0.0,0.0
MID103729,subscription_box,0,legit,none,0,0.000617182317133958,,,,False,0,0.0,0.0,not_called,,0,0,NONE,0,,,0,not_triaged,0.0,122843.61466666666,,True,0.0,0.0,0.0,0.0
MID101758,electronics_retail,0,legit,none,0,0.002556963706955713,,,,False,0,0.0,0.0,not_called,,0,0,NONE,0,,,0,not_triaged,0.0,36024.674,,False,0.0,0.0,0.0,0.0
MID100401,subscription_box,0,legit,none,0,0.00272536776966172,,,,False,0,0.0,0.0,not_called,,0,0,NONE,0,,,0,not_triaged,0.0,218031.4216666667,,False,0.0,0.0,0.0,0.0
MID103324,apparel,0,legit,none,0,0.001844720205101365,,,,False,0,0.0,0.0,not_called,,0,0,NONE,0,,,0,not_triaged,0.0,37427.66433333334,,False,0.0,0.0,0.0,0.0
MID103539,pharmacy,0,legit,none,0,0.0019533835706714545,,,,False,0,0.0,0.0,not_called,,0,0,NONE,0,,,0,not_triaged,0.0,55345.327,,False,0.0,0.0,0.0,0.0
MID103229,digital_services,0,legit,shared_platform,0,0.0016126568232492499,,,,False,0,0.0,0.0,not_called,,0,0,NONE,0,,,0,not_triaged,0.0,44951.14733333333,,False,0.0,0.0,0.0,0.0
MID102213,skill_gaming,0,legit,none,0,0.0024727596237426376,,,,False,0,0.0,0.0,not_called,,0,0,NONE,0,,,0,not_triaged,0.0,203589.38733333332,,True,0.0,0.0,0.0,0.0
MID101490,home_furnishing,0,legit,none,0,0.0032833175426157496,,,,False,0,0.0,0.0,not_called,,0,0,NONE,0,,,0,not_triaged,0.0,91334.50666666668,,False,0.0,0.0,0.0,0.0
MID103947,home_furnishing,0,legit,none,0,0.024627275078754413,,,,False,0,0.0,0.0,not_called,,0,0,NONE,0,,,0,not_triaged,0.0,46766.672,,True,0.0,0.0,0.0,0.0
MID102655,skill_gaming,0,legit,none,0,0.0013040046816799936,,,,False,0,0.0,0.0,not_called,,0,0,NONE,0,,,0,not_triaged,0.0,103688.04266666668,,False,0.0,0.0,0.0,0.0
MID102940,travel_agency,0,legit,festival_season,0,0.005420766111936615,,,,False,0,0.0,0.0,not_called,,0,0,NONE,0,,,0,not_triaged,0.0,191978.8083333333,,False,0.0,0.0,0.0,0.0
MID103056,apparel,0,legit,none,0,0.0010147318686229447,,,,False,0,0.0,0.0,not_called,,0,0,NONE,0,,,0,not_triaged,0.0,214068.2403333333,,False,0.0,0.0,0.0,0.0
MID100859,digital_services,0,legit,none,0,0.0012408876419616945,,,,False,0,0.0,0.0,not_called,,0,0,NONE,0,,,0,not_triaged,0.0,183340.7483333333,,False,0.0,0.0,0.0,0.0
MID103879,digital_services,0,legit,none,0,0.0021031962541014308,,,,False,0,0.0,0.0,not_called,,0,0,NONE,0,,,0,not_triaged,0.0,36587.91466666666,,False,0.0,0.0,0.0,0.0
MID102021,home_furnishing,0,legit,viral_spike,0,0.0028548999383875987,,,,False,0,0.0,0.0,not_called,,0,0,NONE,0,,,0,not_triaged,0.0,20034.78133333334,,True,0.0,0.0,0.0,0.0
MID100392,subscription_box,0,legit,none,0,0.0012686401244386342,,,,False,0,0.0,0.0,not_called,,0,0,NONE,0,,,0,not_triaged,0.0,25147.966333333334,,False,0.0,0.0,0.0,0.0
MID101243,apparel,0,legit,none,0,0.0012192092727341195,,,,False,0,0.0,0.0,not_called,,0,0,NONE,0,,,0,not_triaged,0.0,95124.501,,False,0.0,0.0,0.0,0.0
MID101406,electronics_retail,0,legit,none,0,0.0024856242466041343,electronics_retail,0.9774,homepage,False,0,0.0,0.0,not_called,,0,0,NONE,0,,,2,evidence_exhausted,2.2,233109.41366666663,high_volume_rotation,False,0.0,0.0,0.0,0.0
MID102537,subscription_box,0,legit,viral_spike,0,0.0003321637245958804,,,,False,0,0.0,0.0,not_called,,0,0,NONE,0,,,0,not_triaged,0.0,54848.33966666667,,False,0.0,0.0,0.0,0.0
MID100181,apparel,0,legit,festival_season,0,0.0009361004042538488,,,,False,0,0.0,0.0,not_called,,0,0,NONE,0,,,0,not_triaged,0.0,184910.03166666668,,False,0.0,0.0,0.0,0.0
MID100745,skill_gaming,0,legit,none,0,0.0014197409017393304,,,,False,0,0.0,0.0,not_called,,0,0,NONE,0,,,0,not_triaged,0.0,162938.18300000002,,False,0.0,0.0,0.0,0.0
MID103627,subscription_box,0,legit,none,0,0.0033148385611585385,,,,False,0,0.0,0.0,not_called,,0,0,NONE,0,,,0,not_triaged,0.0,57375.48566666666,,True,0.0,0.0,0.0,0.0
MID102935,pharmacy,0,legit,none,0,0.0004265176633937507,,,,False,0,0.0,0.0,not_called,,0,0,NONE,0,,,0,not_triaged,0.0,75656.61833333335,,False,0.0,0.0,0.0,0.0
MID100737,skill_gaming,0,legit,none,0,0.003028587675922613,,,,False,0,0.0,0.0,not_called,,0,0,NONE,0,,,0,not_triaged,0.0,103045.57833333334,,False,0.0,0.0,0.0,0.0
MID103783,electronics_retail,0,legit,none,0,0.005396068768579094,,,,False,0,0.0,0.0,not_called,,0,0,NONE,0,,,0,not_triaged,0.0,205509.17366666667,,False,0.0,0.0,0.0,0.0
MID103431,electronics_retail,0,legit,none,0,0.0011187565350426318,,,,False,0,0.0,0.0,not_called,,0,0,NONE,0,,,0,not_triaged,0.0,300286.4506666667,,False,0.0,0.0,0.0,0.0
MID100986,electronics_retail,0,legit,viral_spike,0,0.0760225858140554,electronics_retail,0.9581,homepage,False,0,0.0,0.0,not_called,,0,0,NONE,0,,,2,evidence_exhausted,2.2,408651.54133333336,high_volume_rotation,False,0.0,0.0,0.0,0.0
MID101946,pharmacy,0,legit,shared_platform,0,0.0014137942395031568,,,,False,0,0.0,0.0,not_called,,0,0,NONE,0,,,0,not_triaged,0.0,56713.31166666667,,True,0.0,0.0,0.0,0.0
MID100778,electronics_retail,0,legit,none,0,0.0005055656404211361,,,,False,0,0.0,0.0,not_called,,0,0,NONE,0,,,0,not_triaged,0.0,498015.672,,True,0.0,0.0,0.0,0.0
MID103720,home_furnishing,0,legit,none,0,0.0021724021979138163,,,,False,0,0.0,0.0,not_called,,0,0,NONE,0,,,0,not_triaged,0.0,161055.22966666668,,True,0.0,0.0,0.0,0.0
MID103907,travel_agency,0,legit,festival_season,0,0.00691402192566562,,,,False,0,0.0,0.0,not_called,,0,0,NONE,0,,,0,not_triaged,0.0,480632.1503333334,,False,0.0,0.0,0.0,0.0
MID102508,skill_gaming,0,legit,none,0,0.000860382236691505,,,,False,0,0.0,0.0,not_called,,0,0,NONE,0,,,0,not_triaged,0.0,67176.62733333334,,False,0.0,0.0,0.0,0.0
MID103944,home_furnishing,0,legit,none,0,0.0009095803606620471,,,,False,0,0.0,0.0,not_called,,0,0,NONE,0,,,0,not_triaged,0.0,43089.00633333333,,False,0.0,0.0,0.0,0.0
MID103474,home_furnishing,0,legit,none,0,0.0009224696828663944,,,,False,0,0.0,0.0,not_called,,0,0,NONE,0,,,0,not_triaged,0.0,38195.37333333334,,False,0.0,0.0,0.0,0.0
MID100555,electronics_retail,0,legit,none,0,0.002732582388290917,,,,False,0,0.0,0.0,not_called,,0,0,NONE,0,,,0,not_triaged,0.0,95331.48333333332,,False,0.0,0.0,0.0,0.0
MID100723,subscription_box,0,legit,none,0,0.0009961297831681663,,,,False,0,0.0,0.0,not_called,,0,0,NONE,0,,,0,not_triaged,0.0,113874.50566666666,,False,0.0,0.0,0.0,0.0
MID103177,subscription_box,0,legit,none,0,0.0025408248623159184,,,,False,0,0.0,0.0,not_called,,0,0,NONE,0,,,0,not_triaged,0.0,87869.91633333334,,False,0.0,0.0,0.0,0.0
MID101324,home_furnishing,0,legit,none,0,0.0014194496274355624,,,,False,0,0.0,0.0,not_called,,0,0,NONE,0,,,0,not_triaged,0.0,106364.75433333336,,False,0.0,0.0,0.0,0.0
MID103038,home_furnishing,0,legit,none,0,0.005929782891121465,,,,False,0,0.0,0.0,not_called,,0,0,NONE,0,,,0,not_triaged,0.0,48876.01,,False,0.0,0.0,0.0,0.0
MID103279,home_furnishing,0,legit,none,0,0.005415096518905322,home_furnishing,0.9133,homepage,False,0,0.0,0.0,not_called,,0,0,NONE,0,,,2,evidence_exhausted,2.2,18184.80266666667,external_signal,False,0.0,0.0,0.0,0.0
MID100820,apparel,0,legit,none,0,0.002564334463574812,,,,False,0,0.0,0.0,not_called,,0,0,NONE,0,,,0,not_triaged,0.0,58241.98666666667,,False,0.0,0.0,0.0,0.0
MID103107,apparel,0,legit,none,0,0.0061824887810146625,,,,False,0,0.0,0.0,not_called,,0,0,NONE,0,,,0,not_triaged,0.0,27913.628666666667,,False,0.0,0.0,0.0,0.0
MID102992,skill_gaming,0,legit,none,0,0.001013752173143079,,,,False,0,0.0,0.0,not_called,,0,0,NONE,0,,,0,not_triaged,0.0,80516.61166666665,,False,0.0,0.0,0.0,0.0
MID101611,digital_services,0,legit,none,0,0.0018097695231887193,,,,False,0,0.0,0.0,not_called,,0,0,NONE,0,,,0,not_triaged,0.0,41348.30933333333,,False,0.0,0.0,0.0,0.0
MID102581,home_furnishing,0,legit,none,0,0.15219002277632782,,,,False,0,0.0,0.0,not_called,,0,0,NONE,0,,,0,not_triaged,0.0,25415.09933333333,,False,0.0,0.0,0.0,0.0
MID100357,home_furnishing,0,legit,none,0,0.004042567704604261,,,,False,0,0.0,0.0,not_called,,0,0,NONE,0,,,0,not_triaged,0.0,58057.31833333333,,False,0.0,0.0,0.0,0.0
MID102558,home_furnishing,0,legit,viral_spike,0,0.0016959978355974698,home_furnishing,0.99,homepage,False,0,0.0,0.0,not_called,,0,0,NONE,0,,,2,evidence_exhausted,2.2,36316.42666666666,external_signal,False,0.0,0.0,0.0,0.0
MID103296,electronics_retail,0,legit,none,0,0.0008937698866441529,,,,False,0,0.0,0.0,not_called,,0,0,NONE,0,,,0,not_triaged,0.0,70953.64966666668,,False,0.0,0.0,0.0,0.0
MID102751,apparel,0,legit,none,0,0.0007835269975909335,,,,False,0,0.0,0.0,not_called,,0,0,NONE,0,,,0,not_triaged,0.0,30897.29333333333,,False,0.0,0.0,0.0,0.0
MID101575,electronics_retail,0,legit,none,0,0.0014903753887416983,,,,False,0,0.0,0.0,not_called,,0,0,NONE,0,,,0,not_triaged,0.0,105886.053,,False,0.0,0.0,0.0,0.0
MID103212,apparel,0,legit,none,0,0.00678983805036898,,,,False,0,0.0,0.0,not_called,,0,0,NONE,0,,,0,not_triaged,0.0,168745.8063333333,,True,0.0,0.0,0.0,0.0
MID102554,digital_services,0,legit,price_point_change,0,0.0011116581415594258,,,,False,0,0.0,0.0,not_called,,0,0,NONE,0,,,0,not_triaged,0.0,29737.123333333333,,False,0.0,0.0,0.0,0.0
MID101423,home_furnishing,0,legit,none,0,0.0918987990535291,,,,False,0,0.0,0.0,not_called,,0,0,NONE,0,,,0,not_triaged,0.0,29042.02033333333,,True,0.0,0.0,0.0,0.0
MID103872,apparel,0,legit,viral_spike,0,0.007391976006236189,,,,False,0,0.0,0.0,not_called,,0,0,NONE,0,,,0,not_triaged,0.0,29012.59766666667,,False,0.0,0.0,0.0,0.0
MID101981,apparel,0,legit,none,0,0.01090979441022375,,,,False,0,0.0,0.0,not_called,,0,0,NONE,0,,,0,not_triaged,0.0,75936.55766666666,,False,0.0,0.0,0.0,0.0
MID101850,home_furnishing,0,legit,none,0,0.0007021190316310558,,,,False,0,0.0,0.0,not_called,,0,0,NONE,0,,,0,not_triaged,0.0,147277.18566666666,,True,0.0,0.0,0.0,0.0
MID101315,pharmacy,0,legit,none,0,0.002018405769792954,,,,False,0,0.0,0.0,not_called,,0,0,NONE,0,,,0,not_triaged,0.0,33944.846333333335,,True,0.0,0.0,0.0,0.0
MID103597,skill_gaming,0,legit,none,0,0.0006867636934260785,skill_gaming,0.9836,homepage,False,0,0.0,0.0,not_called,,0,0,NONE,0,,,2,evidence_exhausted,2.2,427725.44333333336,high_volume_rotation,True,0.0,0.0,0.0,0.0
MID102118,digital_services,0,legit,none,0,0.0019897050907464768,,,,False,0,0.0,0.0,not_called,,0,0,NONE,0,,,0,not_triaged,0.0,19659.573666666667,,True,0.0,0.0,0.0,0.0
MID103918,apparel,0,legit,none,0,0.00159770235754219,,,,False,0,0.0,0.0,not_called,,0,0,NONE,0,,,0,not_triaged,0.0,82885.33066666666,,True,0.0,0.0,0.0,0.0
MID102548,skill_gaming,0,legit,none,0,0.0016957865537532652,,,,False,0,0.0,0.0,not_called,,0,0,NONE,0,,,0,not_triaged,0.0,56156.70966666667,,True,0.0,0.0,0.0,0.0
MID103853,subscription_box,0,legit,price_point_change,0,0.0012831255163700264,,,,False,0,0.0,0.0,not_called,,0,0,NONE,0,,,0,not_triaged,0.0,49835.08033333333,,False,0.0,0.0,0.0,0.0
MID102550,subscription_box,0,legit,shared_platform,0,0.006580676149219695,,,,False,0,0.0,0.0,not_called,,0,0,NONE,0,,,0,not_triaged,0.0,109310.90633333332,,False,0.0,0.0,0.0,0.0
MID100059,pharmacy,1,licensing_violation,none,0,0.0022557006387586417,,,,False,0,0.0,0.0,not_called,,0,0,NONE,0,,,0,not_triaged,0.0,28489.053333333337,,True,0.0,0.0,351331.11,351331.11
MID100576,home_furnishing,0,legit,none,0,0.0005157636526151737,,,,False,0,0.0,0.0,not_called,,0,0,NONE,0,,,0,not_triaged,0.0,97193.194,,False,0.0,0.0,0.0,0.0
MID103996,electronics_retail,0,legit,none,0,0.03478372595806971,,,,False,0,0.0,0.0,not_called,,0,0,NONE,0,,,0,not_triaged,0.0,37554.97233333333,,False,0.0,0.0,0.0,0.0
MID101290,apparel,0,legit,none,0,0.01197160741586645,,,,False,0,0.0,0.0,not_called,,0,0,NONE,0,,,0,not_triaged,0.0,268409.3946666667,,False,0.0,0.0,0.0,0.0
MID101197,electronics_retail,0,legit,none,0,0.0012986178260225533,,,,False,0,0.0,0.0,not_called,,0,0,NONE,0,,,0,not_triaged,0.0,178100.047,,True,0.0,0.0,0.0,0.0
MID103668,subscription_box,0,legit,none,0,0.0014154772968095531,,,,False,0,0.0,0.0,not_called,,0,0,NONE,0,,,0,not_triaged,0.0,113863.66833333336,,False,0.0,0.0,0.0,0.0
MID103760,travel_agency,0,legit,festival_season,0,0.05236365623583903,,,,False,0,0.0,0.0,not_called,,0,0,NONE,0,,,0,not_triaged,0.0,211194.08566666665,,False,0.0,0.0,0.0,0.0
MID100962,pharmacy,0,legit,none,0,0.007536235657067736,,,,False,0,0.0,0.0,not_called,,0,0,NONE,0,,,0,not_triaged,0.0,25692.31433333334,,False,0.0,0.0,0.0,0.0
MID101335,subscription_box,0,legit,none,0,0.0022679644752373303,subscription_box,0.9484,homepage,False,0,0.0,0.0,not_called,,0,0,NONE,0,,,2,evidence_exhausted,2.2,201529.1053333333,high_volume_rotation,False,0.0,0.0,0.0,0.0
MID102150,apparel,0,legit,none,0,0.004504170670056046,,,,False,0,0.0,0.0,not_called,,0,0,NONE,0,,,0,not_triaged,0.0,98109.43033333334,,True,0.0,0.0,0.0,0.0
MID101589,travel_agency,0,legit,festival_season,0,0.002124576799192642,,,,False,0,0.0,0.0,not_called,,0,0,NONE,0,,,0,not_triaged,0.0,252747.515,,False,0.0,0.0,0.0,0.0
MID102513,apparel,0,legit,none,0,0.0007999460361869972,,,,False,0,0.0,0.0,not_called,,0,0,NONE,0,,,0,not_triaged,0.0,150378.97166666668,,True,0.0,0.0,0.0,0.0
MID103151,home_furnishing,0,legit,none,0,0.0010819635967628013,,,,False,0,0.0,0.0,not_called,,0,0,NONE,0,,,0,not_triaged,0.0,102321.40433333332,,False,0.0,0.0,0.0,0.0
MID100394,home_furnishing,0,legit,none,0,0.0027652242849393162,,,,False,0,0.0,0.0,not_called,,0,0,NONE,0,,,0,not_triaged,0.0,111754.73266666663,,False,0.0,0.0,0.0,0.0
MID100236,digital_services,0,legit,shared_platform,0,0.00046484387319363507,,,,False,0,0.0,0.0,not_called,,0,0,NONE,0,,,0,not_triaged,0.0,23234.212333333333,,False,0.0,0.0,0.0,0.0
MID102429,apparel,0,legit,none,0,0.0021179921318488643,apparel,0.99,homepage,False,0,0.0,0.0,not_called,,0,0,NONE,0,,,2,evidence_exhausted,2.2,23646.86233333333,high_volume_rotation,False,0.0,0.0,0.0,0.0
MID101041,home_furnishing,0,legit,festival_season,0,0.009489245904557358,,,,False,0,0.0,0.0,not_called,,0,0,NONE,0,,,0,not_triaged,0.0,30251.503666666664,,False,0.0,0.0,0.0,0.0
MID100413,home_furnishing,0,legit,none,0,0.004832929046592927,,,,False,0,0.0,0.0,not_called,,0,0,NONE,0,,,0,not_triaged,0.0,78453.27333333335,,False,0.0,0.0,0.0,0.0
MID100184,digital_services,0,legit,price_point_change,0,0.0011692358950778875,digital_services,0.9002,homepage,False,0,0.0,0.0,not_called,,0,0,NONE,0,,,2,evidence_exhausted,2.2,27405.091,high_volume_rotation,False,0.0,0.0,0.0,0.0
MID103015,subscription_box,0,legit,none,0,0.0020277251986363523,,,,False,0,0.0,0.0,not_called,,0,0,NONE,0,,,0,not_triaged,0.0,47211.445666666674,,True,0.0,0.0,0.0,0.0
MID103864,apparel,0,legit,none,0,0.0028564333633556605,,,,False,0,0.0,0.0,not_called,,0,0,NONE,0,,,0,not_triaged,0.0,31153.596666666668,,False,0.0,0.0,0.0,0.0
MID100417,electronics_retail,0,legit,festival_season,0,0.006138661258272552,,,,False,0,0.0,0.0,not_called,,0,0,NONE,0,,,0,not_triaged,0.0,320785.7806666667,,False,0.0,0.0,0.0,0.0
MID101131,digital_services,0,legit,price_point_change,0,0.0011702752915304178,,,,False,0,0.0,0.0,not_called,,0,0,NONE,0,,,0,not_triaged,0.0,56116.13933333333,,False,0.0,0.0,0.0,0.0
MID100943,apparel,0,legit,viral_spike,0,0.0006844322808510247,,,,False,0,0.0,0.0,not_called,,0,0,NONE,0,,,0,not_triaged,0.0,56415.91533333333,,False,0.0,0.0,0.0,0.0
MID102650,electronics_retail,0,legit,none,0,0.04110641603977467,,,,False,0,0.0,0.0,not_called,,0,0,NONE,0,,,0,not_triaged,0.0,128443.37933333332,,True,0.0,0.0,0.0,0.0
MID103374,digital_services,0,legit,price_point_change,0,0.010321854054349636,,,,False,11,0.4584,0.318,not_called,,1,1,REVIEW,0,,,0,not_triaged,0.0,69847.436,,False,0.0,0.0,0.0,0.0
MID102409,skill_gaming,0,legit,none,0,0.0011482521451823854,,,,False,0,0.0,0.0,not_called,,0,0,NONE,0,,,0,not_triaged,0.0,146892.05233333335,,False,0.0,0.0,0.0,0.0
MID100097,apparel,1,pivot_prohibited,none,1,0.9606729382425803,sports_betting,0.9124,homepage,True,0,0.0,0.0,answered,True,3,3,RESTRICT,4,telemetry;storefront,telemetry,2,confidence_threshold_met,2.2,72068.00133333333,telemetry_drift;external_signal,False,900.0,0.0,0.0,900.0
MID100840,skill_gaming,0,legit,none,0,0.019649378316799422,,,,False,0,0.0,0.0,not_called,,0,0,NONE,0,,,0,not_triaged,0.0,192619.8016666667,,False,0.0,0.0,0.0,0.0
MID100571,digital_services,0,legit,none,0,0.009535935241948758,,,,False,0,0.0,0.0,not_called,,0,0,NONE,0,,,0,not_triaged,0.0,129344.072,,True,0.0,0.0,0.0,0.0
MID100581,subscription_box,0,legit,none,0,0.0017967818955426371,,,,False,0,0.0,0.0,not_called,,0,0,NONE,0,,,0,not_triaged,0.0,103577.62833333336,,False,0.0,0.0,0.0,0.0
MID102519,travel_agency,0,legit,festival_season,0,0.004876956217735829,,,,False,0,0.0,0.0,not_called,,0,0,NONE,0,,,0,not_triaged,0.0,1536760.331,,False,0.0,0.0,0.0,0.0
MID101577,electronics_retail,0,legit,none,0,0.0012000834566417216,,,,False,0,0.0,0.0,not_called,,0,0,NONE,0,,,0,not_triaged,0.0,45881.12966666666,,True,0.0,0.0,0.0,0.0
MID103033,home_furnishing,0,legit,none,0,0.0007647131176247588,,,,False,0,0.0,0.0,not_called,,0,0,NONE,0,,,0,not_triaged,0.0,34042.46433333334,,False,0.0,0.0,0.0,0.0
MID100603,travel_agency,0,legit,none,0,0.0032103430277167686,,,,False,0,0.0,0.0,not_called,,0,0,NONE,0,,,0,not_triaged,0.0,138688.08366666667,,True,0.0,0.0,0.0,0.0
MID100364,home_furnishing,0,legit,none,0,0.03464492896685287,,,,False,0,0.0,0.0,not_called,,0,0,NONE,0,,,0,not_triaged,0.0,150494.922,,True,0.0,0.0,0.0,0.0
MID103766,digital_services,0,legit,shared_platform,0,0.0026004419563751733,,,,False,0,0.0,0.0,not_called,,0,0,NONE,0,,,0,not_triaged,0.0,56744.75533333333,,False,0.0,0.0,0.0,0.0
MID101157,apparel,0,legit,shared_platform,0,0.0025657290831648427,,,,False,0,0.0,0.0,not_called,,0,0,NONE,0,,,0,not_triaged,0.0,91995.94,,False,0.0,0.0,0.0,0.0
MID101730,electronics_retail,0,legit,none,0,0.0018698241191063064,,,,False,0,0.0,0.0,not_called,,0,0,NONE,0,,,0,not_triaged,0.0,70720.015,,True,0.0,0.0,0.0,0.0
MID100264,home_furnishing,0,legit,none,0,0.0009865135867331144,,,,False,0,0.0,0.0,not_called,,0,0,NONE,0,,,0,not_triaged,0.0,84035.51,,False,0.0,0.0,0.0,0.0
MID103647,apparel,0,legit,none,0,0.0025463372828145865,apparel,0.99,homepage,False,0,0.0,0.0,not_called,,0,0,NONE,0,,,2,evidence_exhausted,2.2,37745.84266666666,external_signal,False,0.0,0.0,0.0,0.0
MID103542,home_furnishing,0,legit,viral_spike,0,0.09315254003919288,,,,False,0,0.0,0.0,not_called,,0,0,NONE,0,,,0,not_triaged,0.0,111492.09466666669,,True,0.0,0.0,0.0,0.0
MID102347,home_furnishing,0,legit,viral_spike,0,0.0007758500335051249,,,,False,0,0.0,0.0,not_called,,0,0,NONE,0,,,0,not_triaged,0.0,43582.22033333333,,False,0.0,0.0,0.0,0.0
MID103868,travel_agency,0,legit,none,0,0.0009160516323732891,,,,False,0,0.0,0.0,not_called,,0,0,NONE,0,,,0,not_triaged,0.0,377589.0346666666,,False,0.0,0.0,0.0,0.0
MID100427,skill_gaming,0,legit,none,0,0.0012290629075797004,,,,False,0,0.0,0.0,not_called,,0,0,NONE,0,,,0,not_triaged,0.0,258090.27066666668,,False,0.0,0.0,0.0,0.0
MID101926,apparel,0,legit,none,0,0.000954034924674106,,,,False,0,0.0,0.0,not_called,,0,0,NONE,0,,,0,not_triaged,0.0,179318.17766666666,,False,0.0,0.0,0.0,0.0
MID101149,electronics_retail,0,legit,none,0,0.0015386431022684087,,,,False,0,0.0,0.0,not_called,,0,0,NONE,0,,,0,not_triaged,0.0,80176.977,,True,0.0,0.0,0.0,0.0
MID101448,home_furnishing,0,legit,none,0,0.0031762078798792436,home_furnishing,0.9842,homepage,False,6,0.4291,0.155,not_called,,0,0,NONE,0,,,2,evidence_exhausted,2.2,60250.13433333333,external_signal,False,0.0,0.0,0.0,0.0
MID102611,pharmacy,0,legit,none,0,0.0025647476437118065,,,,False,0,0.0,0.0,not_called,,0,0,NONE,0,,,0,not_triaged,0.0,34285.55666666667,,False,0.0,0.0,0.0,0.0
MID102104,digital_services,0,legit,none,0,0.000563249144121482,,,,False,0,0.0,0.0,not_called,,0,0,NONE,0,,,0,not_triaged,0.0,51163.943,,False,0.0,0.0,0.0,0.0
MID103896,subscription_box,0,legit,none,0,0.001139928545873448,,,,False,0,0.0,0.0,not_called,,0,0,NONE,0,,,0,not_triaged,0.0,92071.31066666666,,True,0.0,0.0,0.0,0.0
MID101355,pharmacy,0,legit,none,0,0.002584875397001093,,,,False,0,0.0,0.0,not_called,,0,0,NONE,0,,,0,not_triaged,0.0,15565.230333333337,,True,0.0,0.0,0.0,0.0
MID101536,home_furnishing,0,legit,none,0,0.009691924078445421,,,,False,0,0.0,0.0,not_called,,0,0,NONE,0,,,0,not_triaged,0.0,42876.322666666674,,True,0.0,0.0,0.0,0.0
MID100374,home_furnishing,0,legit,none,0,0.0005107164252696545,,,,False,0,0.0,0.0,not_called,,0,0,NONE,0,,,0,not_triaged,0.0,24486.632,,False,0.0,0.0,0.0,0.0
MID102658,travel_agency,0,legit,none,0,0.0021160814066333044,,,,False,0,0.0,0.0,not_called,,0,0,NONE,0,,,0,not_triaged,0.0,66229.96866666667,,True,0.0,0.0,0.0,0.0
MID101732,home_furnishing,0,legit,none,0,0.0014753326489454714,,,,False,0,0.0,0.0,not_called,,0,0,NONE,0,,,0,not_triaged,0.0,63505.82033333333,,False,0.0,0.0,0.0,0.0
MID102943,electronics_retail,0,legit,viral_spike,0,0.005311581802100358,,,,False,0,0.0,0.0,not_called,,0,0,NONE,0,,,0,not_triaged,0.0,183393.31833333333,,True,0.0,0.0,0.0,0.0
MID101874,digital_services,0,legit,price_point_change,0,0.0019342520519279364,,,,False,0,0.0,0.0,not_called,,0,0,NONE,0,,,0,not_triaged,0.0,11978.605666666666,,False,0.0,0.0,0.0,0.0
MID103048,skill_gaming,0,legit,none,0,0.04829759136512269,,,,False,0,0.0,0.0,not_called,,0,0,NONE,0,,,0,not_triaged,0.0,277584.3493333333,,True,0.0,0.0,0.0,0.0
MID100870,home_furnishing,0,legit,none,0,0.13687679633039415,,,,False,0,0.0,0.0,not_called,,0,0,NONE,0,,,0,not_triaged,0.0,29533.63566666667,,False,0.0,0.0,0.0,0.0
MID100163,apparel,0,legit,none,0,0.017728347314817365,,,,False,0,0.0,0.0,not_called,,0,0,NONE,0,,,0,not_triaged,0.0,117891.845,,True,0.0,0.0,0.0,0.0
MID100753,skill_gaming,0,legit,none,0,0.001684157493790515,,,,False,0,0.0,0.0,not_called,,0,0,NONE,0,,,0,not_triaged,0.0,115176.98366666668,,False,0.0,0.0,0.0,0.0
MID102303,pharmacy,0,legit,none,0,0.002165127415009526,,,,False,0,0.0,0.0,not_called,,0,0,NONE,0,,,0,not_triaged,0.0,135220.10433333332,,False,0.0,0.0,0.0,0.0
MID101628,subscription_box,0,legit,price_point_change,0,0.0015079755779451058,,,,False,0,0.0,0.0,not_called,,0,0,NONE,0,,,0,not_triaged,0.0,46737.52633333333,,True,0.0,0.0,0.0,0.0
MID101449,apparel,0,legit,price_point_change,0,0.0017327341052534753,,,,False,0,0.0,0.0,not_called,,0,0,NONE,0,,,0,not_triaged,0.0,39850.551,,False,0.0,0.0,0.0,0.0
MID100135,digital_services,1,pivot_prohibited,none,1,0.9949997858411639,sports_betting,0.9285,homepage,False,0,0.0,0.0,answered,False,3,3,RESTRICT,4,telemetry;storefront;statement,the merchant's own statement,2,confidence_threshold_met,2.2,44099.16133333334,telemetry_drift,False,900.0,0.0,0.0,900.0
MID101498,subscription_box,0,legit,none,0,0.0019789993005245128,,,,False,0,0.0,0.0,not_called,,0,0,NONE,0,,,0,not_triaged,0.0,209984.86133333333,,False,0.0,0.0,0.0,0.0
MID102043,electronics_retail,0,legit,none,0,0.0008856321688332917,,,,False,0,0.0,0.0,not_called,,0,0,NONE,0,,,0,not_triaged,0.0,515861.2883333333,,True,0.0,0.0,0.0,0.0
MID103550,electronics_retail,0,legit,none,0,0.000772896564898216,,,,False,0,0.0,0.0,not_called,,0,0,NONE,0,,,0,not_triaged,0.0,120917.89,,False,0.0,0.0,0.0,0.0
MID101009,electronics_retail,0,legit,viral_spike,0,0.0009088266979472962,electronics_retail,0.99,homepage,False,6,0.4291,0.155,not_called,,0,0,NONE,0,,,2,evidence_exhausted,2.2,290183.6606666667,high_volume_rotation,False,0.0,0.0,0.0,0.0
MID100153,apparel,0,legit,viral_spike,0,0.0014202096164297332,,,,False,0,0.0,0.0,not_called,,0,0,NONE,0,,,0,not_triaged,0.0,78212.62733333334,,True,0.0,0.0,0.0,0.0
MID102920,electronics_retail,0,legit,viral_spike,0,0.0005892917039939957,,,,False,0,0.0,0.0,not_called,,0,0,NONE,0,,,0,not_triaged,0.0,190994.7543333333,,False,0.0,0.0,0.0,0.0
MID101464,travel_agency,0,legit,none,0,0.002869195631472208,,,,False,0,0.0,0.0,not_called,,0,0,NONE,0,,,0,not_triaged,0.0,65182.00600000001,,False,0.0,0.0,0.0,0.0
MID101248,electronics_retail,0,legit,viral_spike,0,0.002615464509098572,,,,False,0,0.0,0.0,not_called,,0,0,NONE,0,,,0,not_triaged,0.0,261625.558,,False,0.0,0.0,0.0,0.0
MID103770,travel_agency,0,legit,none,0,0.0031951350278734366,,,,False,0,0.0,0.0,not_called,,0,0,NONE,0,,,0,not_triaged,0.0,333531.4286666667,,False,0.0,0.0,0.0,0.0
MID103735,electronics_retail,0,legit,none,0,0.0008434459394313427,,,,False,0,0.0,0.0,not_called,,0,0,NONE,0,,,0,not_triaged,0.0,110820.344,,False,0.0,0.0,0.0,0.0
MID102733,electronics_retail,0,legit,festival_season,0,0.001932418835309312,,,,False,0,0.0,0.0,not_called,,0,0,NONE,0,,,0,not_triaged,0.0,397017.3233333333,,False,0.0,0.0,0.0,0.0
MID101802,electronics_retail,0,legit,festival_season,0,0.025918006054796588,,,,False,0,0.0,0.0,not_called,,0,0,NONE,0,,,0,not_triaged,0.0,116815.56466666666,,True,0.0,0.0,0.0,0.0
MID103109,digital_services,0,legit,none,0,0.0008181007973549164,,,,False,0,0.0,0.0,not_called,,0,0,NONE,0,,,0,not_triaged,0.0,68962.10466666665,,True,0.0,0.0,0.0,0.0
MID102427,subscription_box,0,legit,viral_spike,0,0.03906426219631089,,,,False,0,0.0,0.0,not_called,,0,0,NONE,0,,,0,not_triaged,0.0,271089.49933333334,,False,0.0,0.0,0.0,0.0
MID100705,skill_gaming,0,legit,none,0,0.0011998895666616243,,,,False,0,0.0,0.0,not_called,,0,0,NONE,0,,,0,not_triaged,0.0,189896.357,,False,0.0,0.0,0.0,0.0
MID103268,electronics_retail,0,legit,none,0,0.0009644956814637002,,,,False,0,0.0,0.0,not_called,,0,0,NONE,0,,,0,not_triaged,0.0,238049.16766666668,,False,0.0,0.0,0.0,0.0
MID102327,skill_gaming,0,legit,none,0,0.0008488877454775753,skill_gaming,0.99,homepage,False,0,0.0,0.0,not_called,,0,0,NONE,0,,,2,evidence_exhausted,2.2,581591.2683333333,high_volume_rotation,False,0.0,0.0,0.0,0.0
MID101224,apparel,0,legit,none,0,0.0008607060777383068,,,,False,0,0.0,0.0,not_called,,0,0,NONE,0,,,0,not_triaged,0.0,32661.05166666667,,True,0.0,0.0,0.0,0.0
MID101039,apparel,0,legit,viral_spike,0,0.0005470954391359106,,,,False,0,0.0,0.0,not_called,,0,0,NONE,0,,,0,not_triaged,0.0,254051.584,,True,0.0,0.0,0.0,0.0
MID100124,digital_services,1,pivot_prohibited,none,1,0.9778665223034108,sports_betting,0.99,homepage,True,0,0.0,0.0,no_answer,,2,2,RESTRICT,4,telemetry;storefront,telemetry,2,confidence_threshold_met,2.2,176195.05899999998,telemetry_drift,True,900.0,0.0,0.0,900.0
MID100929,travel_agency,0,legit,none,0,0.001027289755921782,,,,False,0,0.0,0.0,not_called,,0,0,NONE,0,,,0,not_triaged,0.0,46654.99166666668,,False,0.0,0.0,0.0,0.0
MID103778,subscription_box,0,legit,none,0,0.0010031660906213498,,,,False,0,0.0,0.0,not_called,,0,0,NONE,0,,,0,not_triaged,0.0,147553.18633333332,,True,0.0,0.0,0.0,0.0
MID103283,travel_agency,0,legit,none,0,0.0006700799209812923,travel_agency,0.99,homepage,False,0,0.0,0.0,not_called,,0,0,NONE,0,,,2,evidence_exhausted,2.2,322661.64099999995,high_volume_rotation,False,0.0,0.0,0.0,0.0
MID102075,home_furnishing,0,legit,none,0,0.003121170695408029,,,,False,0,0.0,0.0,not_called,,0,0,NONE,0,,,0,not_triaged,0.0,53408.496,,False,0.0,0.0,0.0,0.0
MID103588,electronics_retail,0,legit,none,0,0.0010349467307088273,,,,False,0,0.0,0.0,not_called,,0,0,NONE,0,,,0,not_triaged,0.0,89051.23266666666,,False,0.0,0.0,0.0,0.0
MID102290,electronics_retail,0,legit,none,0,0.0005249043073862798,,,,False,0,0.0,0.0,not_called,,0,0,NONE,0,,,0,not_triaged,0.0,493415.9116666667,,False,0.0,0.0,0.0,0.0
MID103350,apparel,0,legit,price_point_change,0,0.009662957771744952,,,,False,0,0.0,0.0,not_called,,0,0,NONE,0,,,0,not_triaged,0.0,61530.37266666667,,False,0.0,0.0,0.0,0.0
MID103408,home_furnishing,0,legit,none,0,0.0008258387174923749,,,,False,0,0.0,0.0,not_called,,0,0,NONE,0,,,0,not_triaged,0.0,233940.044,,False,0.0,0.0,0.0,0.0
MID100043,electronics_retail,1,rented_account,none,1,0.9989716909238088,unlicensed_lending,0.99,checkout,False,0,0.0,0.0,no_answer,,2,2,RESTRICT,4,telemetry;storefront;scripts,telemetry,4,confidence_threshold_met,4.4,114884.87033333334,telemetry_drift,False,900.0,0.0,0.0,900.0
MID102414,pharmacy,0,legit,none,0,0.0012553782530165506,,,,False,0,0.0,0.0,not_called,,0,0,NONE,0,,,0,not_triaged,0.0,48146.06700000001,,True,0.0,0.0,0.0,0.0
MID103777,electronics_retail,0,legit,none,0,0.001410061039540945,,,,False,0,0.0,0.0,not_called,,0,0,NONE,0,,,0,not_triaged,0.0,378057.473,,True,0.0,0.0,0.0,0.0
MID102470,pharmacy,0,legit,shared_platform,0,0.006630283315817463,,,,False,0,0.0,0.0,not_called,,0,0,NONE,0,,,0,not_triaged,0.0,18164.487666666668,,True,0.0,0.0,0.0,0.0
MID102205,home_furnishing,0,legit,festival_season,0,0.006798855609682069,,,,False,0,0.0,0.0,not_called,,0,0,NONE,0,,,0,not_triaged,0.0,132674.33000000002,,False,0.0,0.0,0.0,0.0
MID103719,electronics_retail,0,legit,none,0,0.0009204607271939502,,,,False,0,0.0,0.0,not_called,,0,0,NONE,0,,,0,not_triaged,0.0,281010.28500000003,,False,0.0,0.0,0.0,0.0
MID102046,travel_agency,0,legit,none,0,0.00041763768419486174,,,,False,0,0.0,0.0,not_called,,0,0,NONE,0,,,0,not_triaged,0.0,279554.08033333335,,False,0.0,0.0,0.0,0.0
MID101985,electronics_retail,0,legit,festival_season,0,0.0037434093876522294,,,,False,0,0.0,0.0,not_called,,0,0,NONE,0,,,0,not_triaged,0.0,842709.5633333334,,True,0.0,0.0,0.0,0.0
MID102352,home_furnishing,0,legit,viral_spike,0,0.0016516510648657055,,,,False,0,0.0,0.0,not_called,,0,0,NONE,0,,,0,not_triaged,0.0,207793.97833333333,,False,0.0,0.0,0.0,0.0
MID100907,travel_agency,0,legit,none,0,0.0008878963730962028,,,,False,0,0.0,0.0,not_called,,0,0,NONE,0,,,0,not_triaged,0.0,115694.291,,False,0.0,0.0,0.0,0.0
MID102794,subscription_box,0,legit,viral_spike,0,0.0008102093761520638,,,,False,0,0.0,0.0,not_called,,0,0,NONE,0,,,0,not_triaged,0.0,105141.01933333332,,False,0.0,0.0,0.0,0.0
MID101123,skill_gaming,0,legit,none,0,0.002445676880774992,,,,False,0,0.0,0.0,not_called,,0,0,NONE,0,,,0,not_triaged,0.0,396666.652,,False,0.0,0.0,0.0,0.0
MID102126,home_furnishing,0,legit,viral_spike,0,0.0027623727908247385,,,,False,0,0.0,0.0,not_called,,0,0,NONE,0,,,0,not_triaged,0.0,38660.03166666666,,False,0.0,0.0,0.0,0.0
MID103476,skill_gaming,0,legit,none,0,0.0006904121850770028,,,,False,0,0.0,0.0,not_called,,0,0,NONE,0,,,0,not_triaged,0.0,73974.17466666667,,False,0.0,0.0,0.0,0.0
MID100645,electronics_retail,0,legit,festival_season,0,0.024490720528597215,,,,False,0,0.0,0.0,not_called,,0,0,NONE,0,,,0,not_triaged,0.0,99642.51433333333,,False,0.0,0.0,0.0,0.0
MID100674,digital_services,0,legit,price_point_change,0,0.0012562522753488,,,,False,0,0.0,0.0,not_called,,0,0,NONE,0,,,0,not_triaged,0.0,45697.879,,True,0.0,0.0,0.0,0.0
MID100384,digital_services,0,legit,shared_platform,0,0.003227253737880164,,,,False,0,0.0,0.0,not_called,,0,0,NONE,0,,,0,not_triaged,0.0,60265.648,,True,0.0,0.0,0.0,0.0
MID102597,apparel,0,legit,none,0,0.0013590397424579214,,,,False,0,0.0,0.0,not_called,,0,0,NONE,0,,,0,not_triaged,0.0,47749.87566666667,,False,0.0,0.0,0.0,0.0
MID100706,home_furnishing,0,legit,none,0,0.00039151737124317967,,,,False,0,0.0,0.0,not_called,,0,0,NONE,0,,,0,not_triaged,0.0,155040.37600000002,,False,0.0,0.0,0.0,0.0
MID103847,home_furnishing,0,legit,none,0,0.007861084307440038,,,,False,0,0.0,0.0,not_called,,0,0,NONE,0,,,0,not_triaged,0.0,23406.337333333333,,False,0.0,0.0,0.0,0.0
MID102711,home_furnishing,0,legit,festival_season,0,0.007608235660302438,,,,False,0,0.0,0.0,not_called,,0,0,NONE,0,,,0,not_triaged,0.0,142515.86266666668,,False,0.0,0.0,0.0,0.0
MID100916,skill_gaming,0,legit,none,0,0.0022875800127985066,,,,False,0,0.0,0.0,not_called,,0,0,NONE,0,,,0,not_triaged,0.0,206991.151,,False,0.0,0.0,0.0,0.0
MID101726,electronics_retail,0,legit,viral_spike,0,0.0020059381873955154,,,,False,0,0.0,0.0,not_called,,0,0,NONE,0,,,0,not_triaged,0.0,87916.479,,False,0.0,0.0,0.0,0.0
MID100309,digital_services,0,legit,shared_platform,0,0.021515340319149732,,,,False,0,0.0,0.0,not_called,,0,0,NONE,0,,,0,not_triaged,0.0,111465.364,,False,0.0,0.0,0.0,0.0
MID100856,electronics_retail,0,legit,none,0,0.0011500399338674118,,,,False,0,0.0,0.0,not_called,,0,0,NONE,0,,,0,not_triaged,0.0,553845.9753333334,,False,0.0,0.0,0.0,0.0
MID102600,electronics_retail,0,legit,viral_spike,0,0.009469896440486722,,,,False,0,0.0,0.0,not_called,,0,0,NONE,0,,,0,not_triaged,0.0,177415.67433333336,,False,0.0,0.0,0.0,0.0
MID103131,home_furnishing,0,legit,viral_spike,0,0.0011317147381671294,,,,False,0,0.0,0.0,not_called,,0,0,NONE,0,,,0,not_triaged,0.0,47517.54066666667,,False,0.0,0.0,0.0,0.0
MID102741,pharmacy,0,legit,shared_platform,0,0.0036828153493926796,,,,False,0,0.0,0.0,not_called,,0,0,NONE,0,,,0,not_triaged,0.0,54664.41,,True,0.0,0.0,0.0,0.0
MID103264,skill_gaming,0,legit,none,0,0.0007288753465861398,,,,False,0,0.0,0.0,not_called,,0,0,NONE,0,,,0,not_triaged,0.0,200067.553,,True,0.0,0.0,0.0,0.0
MID101641,apparel,0,legit,none,0,0.0006314597161619865,,,,False,0,0.0,0.0,not_called,,0,0,NONE,0,,,0,not_triaged,0.0,37540.07966666667,,True,0.0,0.0,0.0,0.0
MID102119,electronics_retail,0,legit,festival_season,0,0.0030346695230987195,,,,False,0,0.0,0.0,not_called,,0,0,NONE,0,,,0,not_triaged,0.0,346738.724,,False,0.0,0.0,0.0,0.0
MID103149,skill_gaming,0,legit,none,0,0.00488798988002619,,,,False,0,0.0,0.0,not_called,,0,0,NONE,0,,,0,not_triaged,0.0,138092.89666666667,,True,0.0,0.0,0.0,0.0
MID103441,travel_agency,0,legit,none,0,0.00734954403683258,travel_agency,0.99,homepage,False,0,0.0,0.0,not_called,,0,0,NONE,0,,,2,evidence_exhausted,2.2,316308.64033333334,high_volume_rotation;external_signal,False,0.0,0.0,0.0,0.0
MID101622,home_furnishing,0,legit,viral_spike,0,0.0027607368337547356,,,,False,0,0.0,0.0,not_called,,0,0,NONE,0,,,0,not_triaged,0.0,129038.92066666666,,True,0.0,0.0,0.0,0.0
MID102805,pharmacy,0,legit,shared_platform,0,0.017059096113543726,,,,False,0,0.0,0.0,not_called,,0,0,NONE,0,,,0,not_triaged,0.0,54664.65033333333,,True,0.0,0.0,0.0,0.0
MID100336,subscription_box,0,legit,price_point_change,0,0.0010797602008012983,,,,False,0,0.0,0.0,not_called,,0,0,NONE,0,,,0,not_triaged,0.0,31874.590666666667,,True,0.0,0.0,0.0,0.0
MID100070,pharmacy,1,licensing_violation,none,0,0.32583957091615373,,,,False,0,0.0,0.0,not_called,,0,0,NONE,0,,,0,not_triaged,0.0,23917.195000000003,,False,0.0,0.0,300335.65,300335.65
MID101671,home_furnishing,0,legit,none,0,0.002483970140397274,,,,False,0,0.0,0.0,not_called,,0,0,NONE,0,,,0,not_triaged,0.0,79491.291,,True,0.0,0.0,0.0,0.0
MID100798,apparel,0,legit,festival_season,0,0.013309722599835623,apparel,0.99,homepage,False,0,0.0,0.0,not_called,,0,0,NONE,0,,,2,evidence_exhausted,2.2,115528.83566666668,high_volume_rotation,False,0.0,0.0,0.0,0.0
MID100883,skill_gaming,0,legit,none,0,0.011280779545351081,,,,False,0,0.0,0.0,not_called,,0,0,NONE,0,,,0,not_triaged,0.0,168546.56833333336,,False,0.0,0.0,0.0,0.0
MID100237,electronics_retail,0,legit,none,0,0.0011894084154584902,,,,False,0,0.0,0.0,not_called,,0,0,NONE,0,,,0,not_triaged,0.0,562894.3883333333,,False,0.0,0.0,0.0,0.0
MID103392,digital_services,0,legit,none,0,0.0012403595457034405,,,,False,0,0.0,0.0,not_called,,0,0,NONE,0,,,0,not_triaged,0.0,70948.51833333333,,False,0.0,0.0,0.0,0.0
MID103883,travel_agency,0,legit,festival_season,0,0.010430276822937002,travel_agency,0.99,homepage,False,0,0.0,0.0,not_called,,0,0,NONE,0,,,2,evidence_exhausted,2.2,361385.99466666667,high_volume_rotation,False,0.0,0.0,0.0,0.0
MID102982,subscription_box,0,legit,shared_platform,0,0.03311441699465365,,,,False,0,0.0,0.0,not_called,,0,0,NONE,0,,,0,not_triaged,0.0,27974.303333333337,,False,0.0,0.0,0.0,0.0
MID100335,home_furnishing,0,legit,none,0,0.001022766841160896,,,,False,0,0.0,0.0,not_called,,0,0,NONE,0,,,0,not_triaged,0.0,114040.67366666668,,True,0.0,0.0,0.0,0.0
MID102256,pharmacy,0,legit,shared_platform,0,0.009763876555009205,,,,False,0,0.0,0.0,not_called,,0,0,NONE,0,,,0,not_triaged,0.0,32757.486333333334,,False,0.0,0.0,0.0,0.0
MID101340,apparel,0,legit,festival_season,0,0.01728613618690315,,,,False,0,0.0,0.0,not_called,,0,0,NONE,0,,,0,not_triaged,0.0,130200.618,,True,0.0,0.0,0.0,0.0
MID101403,electronics_retail,0,legit,none,0,0.0013237569108059445,,,,False,0,0.0,0.0,not_called,,0,0,NONE,0,,,0,not_triaged,0.0,159938.94433333335,,False,0.0,0.0,0.0,0.0
MID100411,subscription_box,0,legit,none,0,0.0007985956413358586,,,,False,0,0.0,0.0,not_called,,0,0,NONE,0,,,0,not_triaged,0.0,73252.76833333333,,False,0.0,0.0,0.0,0.0
MID100596,electronics_retail,0,legit,none,0,0.0013126284783311606,,,,False,0,0.0,0.0,not_called,,0,0,NONE,0,,,0,not_triaged,0.0,81966.171,,True,0.0,0.0,0.0,0.0
MID103371,subscription_box,0,legit,none,0,0.0011305448064986112,,,,False,0,0.0,0.0,not_called,,0,0,NONE,0,,,0,not_triaged,0.0,27661.664666666664,,False,0.0,0.0,0.0,0.0
MID102195,electronics_retail,0,legit,festival_season,0,0.0020524113994661443,,,,False,0,0.0,0.0,not_called,,0,0,NONE,0,,,0,not_triaged,0.0,605048.4103333334,,False,0.0,0.0,0.0,0.0
MID100717,subscription_box,0,legit,shared_platform,0,0.0016866572421637331,,,,False,0,0.0,0.0,not_called,,0,0,NONE,0,,,0,not_triaged,0.0,73575.36,,True,0.0,0.0,0.0,0.0
MID102720,digital_services,0,legit,none,0,0.004914310481917232,,,,False,0,0.0,0.0,not_called,,0,0,NONE,0,,,0,not_triaged,0.0,151170.52700000003,,False,0.0,0.0,0.0,0.0
MID101595,digital_services,0,legit,none,0,0.0014069219725001308,,,,False,0,0.0,0.0,not_called,,0,0,NONE,0,,,0,not_triaged,0.0,45934.867666666665,,True,0.0,0.0,0.0,0.0
MID102897,subscription_box,0,legit,shared_platform,0,0.001426009018379429,,,,False,0,0.0,0.0,not_called,,0,0,NONE,0,,,0,not_triaged,0.0,124467.686,,False,0.0,0.0,0.0,0.0
MID102784,subscription_box,0,legit,none,0,0.001954496529621509,,,,False,0,0.0,0.0,not_called,,0,0,NONE,0,,,0,not_triaged,0.0,80198.02533333332,,False,0.0,0.0,0.0,0.0
MID102599,home_furnishing,0,legit,none,0,0.0013127268014818392,,,,False,0,0.0,0.0,not_called,,0,0,NONE,0,,,0,not_triaged,0.0,66658.77033333333,,False,0.0,0.0,0.0,0.0
MID101382,apparel,0,legit,none,0,0.0011160458693917107,,,,False,0,0.0,0.0,not_called,,0,0,NONE,0,,,0,not_triaged,0.0,48535.39166666667,,False,0.0,0.0,0.0,0.0
MID103835,skill_gaming,0,legit,none,0,0.004266399410804854,,,,False,0,0.0,0.0,not_called,,0,0,NONE,0,,,0,not_triaged,0.0,39968.62833333333,,False,0.0,0.0,0.0,0.0
MID103512,electronics_retail,0,legit,none,0,0.0016381691941967464,,,,False,0,0.0,0.0,not_called,,0,0,NONE,0,,,0,not_triaged,0.0,381646.2606666666,,False,0.0,0.0,0.0,0.0
MID102861,subscription_box,0,legit,none,0,0.0017917037924881935,,,,False,0,0.0,0.0,not_called,,0,0,NONE,0,,,0,not_triaged,0.0,104519.06133333336,,True,0.0,0.0,0.0,0.0
MID103469,electronics_retail,0,legit,none,0,0.0006664354564537534,,,,False,0,0.0,0.0,not_called,,0,0,NONE,0,,,0,not_triaged,0.0,97404.56066666669,,True,0.0,0.0,0.0,0.0
MID102033,apparel,0,legit,none,0,0.0008534209139758596,,,,False,0,0.0,0.0,not_called,,0,0,NONE,0,,,0,not_triaged,0.0,253469.827,,True,0.0,0.0,0.0,0.0
MID102164,apparel,0,legit,none,0,0.003695891631630322,,,,False,11,0.4123,0.164,not_called,,0,0,NONE,0,,,0,not_triaged,0.0,39376.259,,False,0.0,0.0,0.0,0.0
MID101061,pharmacy,0,legit,shared_platform,0,0.001007295416851504,,,,False,0,0.0,0.0,not_called,,0,0,NONE,0,,,0,not_triaged,0.0,52111.871666666666,,True,0.0,0.0,0.0,0.0
MID100402,subscription_box,0,legit,none,0,0.002252576525600777,,,,False,0,0.0,0.0,not_called,,0,0,NONE,0,,,0,not_triaged,0.0,40120.91733333333,,False,0.0,0.0,0.0,0.0
MID102317,pharmacy,0,legit,none,0,0.05998389807006714,,,,False,0,0.0,0.0,not_called,,0,0,NONE,0,,,0,not_triaged,0.0,34164.28233333333,,False,0.0,0.0,0.0,0.0
MID102096,apparel,0,legit,none,0,0.0016583635078526817,,,,False,0,0.0,0.0,not_called,,0,0,NONE,0,,,0,not_triaged,0.0,334230.01666666666,,True,0.0,0.0,0.0,0.0
MID102590,apparel,0,legit,none,0,0.001150584969347089,,,,False,0,0.0,0.0,not_called,,0,0,NONE,0,,,0,not_triaged,0.0,43084.629,,True,0.0,0.0,0.0,0.0
MID103888,electronics_retail,0,legit,none,0,0.0009697899349725241,,,,False,0,0.0,0.0,not_called,,0,0,NONE,0,,,0,not_triaged,0.0,26249.998333333333,,False,0.0,0.0,0.0,0.0
MID101512,apparel,0,legit,none,0,0.004031139225809296,,,,False,0,0.0,0.0,not_called,,0,0,NONE,0,,,0,not_triaged,0.0,89580.73666666666,,False,0.0,0.0,0.0,0.0
MID101697,pharmacy,0,legit,none,0,0.03249131345128747,,,,False,0,0.0,0.0,not_called,,0,0,NONE,0,,,0,not_triaged,0.0,219000.304,,False,0.0,0.0,0.0,0.0
MID103960,subscription_box,0,legit,shared_platform,0,0.016457193937206915,,,,False,0,0.0,0.0,not_called,,0,0,NONE,0,,,0,not_triaged,0.0,61785.653666666665,,False,0.0,0.0,0.0,0.0
MID102117,electronics_retail,0,legit,none,0,0.008684827880875282,electronics_retail,0.9271,homepage,False,0,0.0,0.0,not_called,,0,0,NONE,0,,,2,evidence_exhausted,2.2,260302.34466666667,external_signal,False,0.0,0.0,0.0,0.0
MID102955,home_furnishing,0,legit,viral_spike,0,0.007027428942035668,,,,False,0,0.0,0.0,not_called,,0,0,NONE,0,,,0,not_triaged,0.0,159770.61133333333,,False,0.0,0.0,0.0,0.0
MID100754,apparel,0,legit,none,0,0.010376785589180182,,,,False,0,0.0,0.0,not_called,,0,0,NONE,0,,,0,not_triaged,0.0,66185.95099999999,,False,0.0,0.0,0.0,0.0
MID101830,travel_agency,0,legit,none,0,0.002893222925359291,,,,False,0,0.0,0.0,not_called,,0,0,NONE,0,,,0,not_triaged,0.0,115746.578,,False,0.0,0.0,0.0,0.0
MID102931,apparel,0,legit,none,0,0.0029733786370432155,,,,False,0,0.0,0.0,not_called,,0,0,NONE,0,,,0,not_triaged,0.0,153372.44900000002,,True,0.0,0.0,0.0,0.0
MID102495,home_furnishing,0,legit,none,0,0.00823454861087665,,,,False,0,0.0,0.0,not_called,,0,0,NONE,0,,,0,not_triaged,0.0,123591.13633333331,,False,0.0,0.0,0.0,0.0
MID103321,skill_gaming,0,legit,none,0,0.0008552653588003638,,,,False,0,0.0,0.0,not_called,,0,0,NONE,0,,,0,not_triaged,0.0,230726.6656666667,,False,0.0,0.0,0.0,0.0
MID100444,travel_agency,0,legit,none,0,0.0011963099782878947,,,,False,0,0.0,0.0,not_called,,0,0,NONE,0,,,0,not_triaged,0.0,346851.4516666667,,False,0.0,0.0,0.0,0.0
MID100657,digital_services,0,legit,none,0,0.0014178918459108328,,,,False,0,0.0,0.0,not_called,,0,0,NONE,0,,,0,not_triaged,0.0,17172.002,,False,0.0,0.0,0.0,0.0
MID103695,apparel,0,legit,none,0,0.002482988625097869,,,,False,0,0.0,0.0,not_called,,0,0,NONE,0,,,0,not_triaged,0.0,94238.27,,False,0.0,0.0,0.0,0.0
MID100166,home_furnishing,0,legit,festival_season,0,0.0213078588797335,,,,False,0,0.0,0.0,not_called,,0,0,NONE,0,,,0,not_triaged,0.0,93410.52766666668,,True,0.0,0.0,0.0,0.0
MID102530,apparel,0,legit,price_point_change,0,0.0013776536964573455,,,,False,0,0.0,0.0,not_called,,0,0,NONE,0,,,0,not_triaged,0.0,13017.896333333334,,False,0.0,0.0,0.0,0.0
MID102249,apparel,0,legit,none,0,0.001002068385141348,,,,False,0,0.0,0.0,not_called,,0,0,NONE,0,,,0,not_triaged,0.0,367052.3936666666,,False,0.0,0.0,0.0,0.0
MID101468,pharmacy,0,legit,none,0,0.006316850334331171,,,,False,0,0.0,0.0,not_called,,0,0,NONE,0,,,0,not_triaged,0.0,116346.398,,False,0.0,0.0,0.0,0.0
MID102321,home_furnishing,0,legit,viral_spike,0,0.0006029927643521021,,,,False,0,0.0,0.0,not_called,,0,0,NONE,0,,,0,not_triaged,0.0,33066.613666666664,,False,0.0,0.0,0.0,0.0
MID101996,electronics_retail,0,legit,none,0,0.001189177138519103,,,,False,0,0.0,0.0,not_called,,0,0,NONE,0,,,0,not_triaged,0.0,176032.44266666664,,False,0.0,0.0,0.0,0.0
MID101285,home_furnishing,0,legit,none,0,0.0017516819815878392,home_furnishing,0.9642,homepage,False,0,0.0,0.0,not_called,,0,0,NONE,0,,,2,evidence_exhausted,2.2,28739.466333333334,external_signal,False,0.0,0.0,0.0,0.0
MID102961,home_furnishing,0,legit,none,0,0.1103349852951338,home_furnishing,0.99,homepage,False,0,0.0,0.0,not_called,,0,0,NONE,0,,,2,evidence_exhausted,2.2,26247.09533333334,external_signal,False,0.0,0.0,0.0,0.0
MID102594,apparel,0,legit,none,0,0.0006979466145821688,,,,False,0,0.0,0.0,not_called,,0,0,NONE,0,,,0,not_triaged,0.0,292023.3076666667,,False,0.0,0.0,0.0,0.0
MID102399,apparel,0,legit,none,0,0.0005813744780125631,,,,False,0,0.0,0.0,not_called,,0,0,NONE,0,,,0,not_triaged,0.0,347701.9203333334,,False,0.0,0.0,0.0,0.0
MID103518,pharmacy,0,legit,shared_platform,0,0.00974182956408274,,,,False,0,0.0,0.0,not_called,,0,0,NONE,0,,,0,not_triaged,0.0,27877.84833333333,,True,0.0,0.0,0.0,0.0
MID101035,digital_services,0,legit,price_point_change,0,0.009433992326527812,,,,False,0,0.0,0.0,not_called,,0,0,NONE,0,,,0,not_triaged,0.0,11915.088,,False,0.0,0.0,0.0,0.0
MID100287,apparel,0,legit,none,0,0.04493996796648099,,,,False,0,0.0,0.0,not_called,,0,0,NONE,0,,,0,not_triaged,0.0,218363.53333333333,,True,0.0,0.0,0.0,0.0
MID103308,apparel,0,legit,festival_season,0,0.022699582409534153,,,,False,0,0.0,0.0,not_called,,0,0,NONE,0,,,0,not_triaged,0.0,66130.057,,False,0.0,0.0,0.0,0.0
MID101417,apparel,0,legit,none,0,0.0007744388075193074,apparel,0.926,homepage,False,0,0.0,0.0,not_called,,0,0,NONE,0,,,2,evidence_exhausted,2.2,25234.12066666667,high_volume_rotation,True,0.0,0.0,0.0,0.0
MID103045,apparel,0,legit,none,0,0.0017521180178155862,,,,False,0,0.0,0.0,not_called,,0,0,NONE,0,,,0,not_triaged,0.0,396563.20933333336,,False,0.0,0.0,0.0,0.0
MID103957,home_furnishing,0,legit,festival_season,0,0.003046125537129697,,,,False,0,0.0,0.0,not_called,,0,0,NONE,0,,,0,not_triaged,0.0,32376.77666666666,,True,0.0,0.0,0.0,0.0
MID100010,digital_services,1,funnel_ring,none,0,0.15222347194054506,crypto_exchange,0.959,checkout,True,6,0.9424,0.808,no_answer,,2,2,RESTRICT,4,storefront;infrastructure,infrastructure,4,confidence_threshold_met,4.4,78974.402,network_cluster,True,900.0,0.0,0.0,900.0
MID101093,skill_gaming,0,legit,none,0,0.0005243726067259878,,,,False,0,0.0,0.0,not_called,,0,0,NONE,0,,,0,not_triaged,0.0,185473.72466666668,,False,0.0,0.0,0.0,0.0
MID103987,travel_agency,0,legit,none,0,0.0012232850406958314,,,,False,0,0.0,0.0,not_called,,0,0,NONE,0,,,0,not_triaged,0.0,186041.10133333327,,False,0.0,0.0,0.0,0.0
MID103685,apparel,0,legit,none,0,0.005145956010598552,,,,False,0,0.0,0.0,not_called,,0,0,NONE,0,,,0,not_triaged,0.0,72104.20999999999,,True,0.0,0.0,0.0,0.0
MID100026,electronics_retail,1,funnel_ring,none,0,0.9814501276191661,crypto_exchange,0.8956,checkout,False,7,0.9218,0.739,answered,False,4,4,RESTRICT,4,telemetry;storefront;infrastructure;statement,the merchant's own statement,4,confidence_threshold_met,4.4,101972.986,telemetry_drift;network_cluster,False,900.0,0.0,0.0,900.0
MID100786,pharmacy,0,legit,none,0,0.0011746457821630856,,,,False,0,0.0,0.0,not_called,,0,0,NONE,0,,,0,not_triaged,0.0,38575.089,,True,0.0,0.0,0.0,0.0
MID101545,pharmacy,0,legit,none,0,0.11457871794870557,,,,False,0,0.0,0.0,not_called,,0,0,NONE,0,,,0,not_triaged,0.0,51636.85866666667,,True,0.0,0.0,0.0,0.0
MID100957,home_furnishing,0,legit,none,0,0.0008369006435670594,,,,False,0,0.0,0.0,not_called,,0,0,NONE,0,,,0,not_triaged,0.0,15272.388,,False,0.0,0.0,0.0,0.0
MID100963,apparel,0,legit,none,0,0.005900063188930019,,,,False,0,0.0,0.0,not_called,,0,0,NONE,0,,,0,not_triaged,0.0,120438.80766666666,,False,0.0,0.0,0.0,0.0
MID100149,apparel,0,legit,none,0,0.0023898164564995247,,,,False,0,0.0,0.0,not_called,,0,0,NONE,0,,,0,not_triaged,0.0,65465.212666666666,,False,0.0,0.0,0.0,0.0
MID101372,home_furnishing,0,legit,none,0,0.0015647132291428645,,,,False,0,0.0,0.0,not_called,,0,0,NONE,0,,,0,not_triaged,0.0,142698.29466666665,,False,0.0,0.0,0.0,0.0
MID102620,electronics_retail,0,legit,none,0,0.001442795509130706,,,,False,0,0.0,0.0,not_called,,0,0,NONE,0,,,0,not_triaged,0.0,512690.68,,True,0.0,0.0,0.0,0.0
MID100232,travel_agency,0,legit,none,0,0.0010355837481706859,,,,False,0,0.0,0.0,not_called,,0,0,NONE,0,,,0,not_triaged,0.0,147273.19666666668,,True,0.0,0.0,0.0,0.0
MID103856,digital_services,0,legit,none,0,0.0006678560116071213,,,,False,0,0.0,0.0,not_called,,0,0,NONE,0,,,0,not_triaged,0.0,91794.793,,False,0.0,0.0,0.0,0.0
MID101527,digital_services,0,legit,none,0,0.0013429944687397186,,,,False,0,0.0,0.0,not_called,,0,0,NONE,0,,,0,not_triaged,0.0,108734.733,,False,0.0,0.0,0.0,0.0
MID101222,subscription_box,0,legit,none,0,0.001257697869517889,,,,False,0,0.0,0.0,not_called,,0,0,NONE,0,,,0,not_triaged,0.0,41989.85433333334,,False,0.0,0.0,0.0,0.0
MID101152,electronics_retail,0,legit,none,0,0.0009580387004148262,,,,False,0,0.0,0.0,not_called,,0,0,NONE,0,,,0,not_triaged,0.0,377372.5486666666,,False,0.0,0.0,0.0,0.0
MID101783,subscription_box,0,legit,none,0,0.0006738981774727251,,,,False,0,0.0,0.0,not_called,,0,0,NONE,0,,,0,not_triaged,0.0,32123.069666666663,,False,0.0,0.0,0.0,0.0
MID103577,pharmacy,0,legit,none,0,0.0011173272752795452,,,,False,0,0.0,0.0,not_called,,0,0,NONE,0,,,0,not_triaged,0.0,31337.156666666662,,False,0.0,0.0,0.0,0.0
MID101428,apparel,0,legit,viral_spike,0,0.0011613704382870326,,,,False,0,0.0,0.0,not_called,,0,0,NONE,0,,,0,not_triaged,0.0,73423.77266666667,,False,0.0,0.0,0.0,0.0
MID102965,apparel,0,legit,price_point_change,0,0.0008398163255502162,,,,False,0,0.0,0.0,not_called,,0,0,NONE,0,,,0,not_triaged,0.0,12951.885,,False,0.0,0.0,0.0,0.0
MID100345,skill_gaming,0,legit,none,0,0.0031626385355841883,,,,False,0,0.0,0.0,not_called,,0,0,NONE,0,,,0,not_triaged,0.0,262287.083,,False,0.0,0.0,0.0,0.0
MID101072,electronics_retail,0,legit,festival_season,0,0.004238698201806436,electronics_retail,0.99,homepage,False,0,0.0,0.0,not_called,,0,0,NONE,0,,,2,evidence_exhausted,2.2,363180.775,high_volume_rotation,False,0.0,0.0,0.0,0.0
MID103565,skill_gaming,0,legit,none,0,0.0007699484760756669,,,,False,0,0.0,0.0,not_called,,0,0,NONE,0,,,0,not_triaged,0.0,224348.346,,False,0.0,0.0,0.0,0.0
MID102911,electronics_retail,0,legit,festival_season,0,0.016130369933608227,,,,False,0,0.0,0.0,not_called,,0,0,NONE,0,,,0,not_triaged,0.0,104084.79233333332,,False,0.0,0.0,0.0,0.0
MID102646,skill_gaming,0,legit,none,0,0.0020236171544635224,,,,False,0,0.0,0.0,not_called,,0,0,NONE,0,,,0,not_triaged,0.0,68546.817,,False,0.0,0.0,0.0,0.0
MID100445,apparel,0,legit,none,0,0.0015429419217049723,,,,False,0,0.0,0.0,not_called,,0,0,NONE,0,,,0,not_triaged,0.0,48368.326,,False,0.0,0.0,0.0,0.0
MID101185,subscription_box,0,legit,none,0,0.002553734321432408,,,,False,0,0.0,0.0,not_called,,0,0,NONE,0,,,0,not_triaged,0.0,120157.38833333334,,False,0.0,0.0,0.0,0.0
MID100897,skill_gaming,0,legit,none,0,0.028679497454005342,,,,False,0,0.0,0.0,not_called,,0,0,NONE,0,,,0,not_triaged,0.0,630988.995,,False,0.0,0.0,0.0,0.0
MID100021,electronics_retail,1,funnel_ring,none,0,0.9592018309867613,crypto_exchange,0.9683,checkout,False,6,0.8896,0.632,answered,,3,3,RESTRICT,4,telemetry;storefront;infrastructure,telemetry,4,confidence_threshold_met,4.4,246632.091,telemetry_drift;network_cluster,False,900.0,0.0,0.0,900.0
MID101673,home_furnishing,0,legit,none,0,0.0035121675449706308,,,,False,0,0.0,0.0,not_called,,0,0,NONE,0,,,0,not_triaged,0.0,131248.08333333334,,False,0.0,0.0,0.0,0.0
MID101765,home_furnishing,0,legit,none,0,0.0014563434070754132,,,,False,0,0.0,0.0,not_called,,0,0,NONE,0,,,0,not_triaged,0.0,79595.608,,False,0.0,0.0,0.0,0.0
MID102703,pharmacy,0,legit,none,0,0.006683368178084032,,,,False,0,0.0,0.0,not_called,,0,0,NONE,0,,,0,not_triaged,0.0,119426.349,,False,0.0,0.0,0.0,0.0
MID102093,pharmacy,0,legit,none,0,0.0007447896030889918,,,,False,0,0.0,0.0,not_called,,0,0,NONE,0,,,0,not_triaged,0.0,51610.15233333333,,False,0.0,0.0,0.0,0.0
MID103190,pharmacy,0,legit,none,0,0.004479799953370551,pharmacy,0.9073,homepage,False,0,0.0,0.0,not_called,,0,0,NONE,0,,,2,evidence_exhausted,2.2,37261.51166666667,external_signal,True,0.0,0.0,0.0,0.0
MID102895,home_furnishing,0,legit,none,0,0.0013439242366709383,home_furnishing,0.9786,homepage,False,0,0.0,0.0,not_called,,0,0,NONE,0,,,2,evidence_exhausted,2.2,217853.76533333337,high_volume_rotation,True,0.0,0.0,0.0,0.0
MID102749,home_furnishing,0,legit,none,0,0.0006367761501594185,,,,False,0,0.0,0.0,not_called,,0,0,NONE,0,,,0,not_triaged,0.0,97237.594,,False,0.0,0.0,0.0,0.0
MID103697,travel_agency,0,legit,none,0,0.002500444807665089,,,,False,0,0.0,0.0,not_called,,0,0,NONE,0,,,0,not_triaged,0.0,55628.357666666656,,False,0.0,0.0,0.0,0.0
MID101618,subscription_box,0,legit,none,0,0.3255504182334522,,,,False,0,0.0,0.0,not_called,,0,0,NONE,0,,,0,not_triaged,0.0,68035.629,,True,0.0,0.0,0.0,0.0
MID100073,pharmacy,1,licensing_violation,none,0,0.4098717856387723,unregistered_pharmacy,0.99,homepage,True,0,0.0,0.0,answered,False,2,2,RESTRICT,4,storefront;statement,the merchant's own statement,4,confidence_threshold_met,2.2,33925.86066666667,telemetry_drift,False,900.0,0.0,0.0,900.0
MID103185,pharmacy,0,legit,none,0,0.0021717122581875214,,,,False,0,0.0,0.0,not_called,,0,0,NONE,0,,,0,not_triaged,0.0,29548.351,,False,0.0,0.0,0.0,0.0
MID101426,home_furnishing,0,legit,viral_spike,0,0.003707207408653847,,,,False,0,0.0,0.0,not_called,,0,0,NONE,0,,,0,not_triaged,0.0,88889.11566666666,,False,0.0,0.0,0.0,0.0
MID102975,travel_agency,0,legit,none,0,0.0020151902154878633,,,,False,0,0.0,0.0,not_called,,0,0,NONE,0,,,0,not_triaged,0.0,219500.17166666663,,False,0.0,0.0,0.0,0.0
MID103606,apparel,0,legit,none,0,0.0026515836835446977,,,,False,0,0.0,0.0,not_called,,0,0,NONE,0,,,0,not_triaged,0.0,56215.475666666665,,False,0.0,0.0,0.0,0.0
MID102334,home_furnishing,0,legit,viral_spike,0,0.012405306754338171,,,,False,0,0.0,0.0,not_called,,0,0,NONE,0,,,0,not_triaged,0.0,274045.419,,False,0.0,0.0,0.0,0.0
MID100215,electronics_retail,0,legit,none,0,0.0018374196865924544,electronics_retail,0.99,homepage,False,0,0.0,0.0,not_called,,0,0,NONE,0,,,2,evidence_exhausted,2.2,233497.762,high_volume_rotation,False,0.0,0.0,0.0,0.0
MID101872,skill_gaming,0,legit,none,0,0.0008382547290551583,,,,False,0,0.0,0.0,not_called,,0,0,NONE,0,,,0,not_triaged,0.0,177210.58866666668,,True,0.0,0.0,0.0,0.0
MID103034,electronics_retail,0,legit,none,0,0.003288134277212942,,,,False,0,0.0,0.0,not_called,,0,0,NONE,0,,,0,not_triaged,0.0,146028.658,,True,0.0,0.0,0.0,0.0
MID103990,home_furnishing,0,legit,none,0,0.0018601470779180957,,,,False,0,0.0,0.0,not_called,,0,0,NONE,0,,,0,not_triaged,0.0,41262.436,,False,0.0,0.0,0.0,0.0
MID101960,home_furnishing,0,legit,none,0,0.0008339214675604072,,,,False,0,0.0,0.0,not_called,,0,0,NONE,0,,,0,not_triaged,0.0,79348.57533333333,,False,0.0,0.0,0.0,0.0
MID102675,travel_agency,0,legit,none,0,0.000773045926933152,,,,False,0,0.0,0.0,not_called,,0,0,NONE,0,,,0,not_triaged,0.0,38590.63966666666,,True,0.0,0.0,0.0,0.0
MID101700,pharmacy,0,legit,none,0,0.0037053544499931344,,,,False,0,0.0,0.0,not_called,,0,0,NONE,0,,,0,not_triaged,0.0,53557.66466666666,,False,0.0,0.0,0.0,0.0
MID102957,apparel,0,legit,viral_spike,0,0.0004787827090334271,,,,False,0,0.0,0.0,not_called,,0,0,NONE,0,,,0,not_triaged,0.0,147269.88533333334,,False,0.0,0.0,0.0,0.0
MID100432,digital_services,0,legit,shared_platform,0,0.0005786066255448529,,,,False,0,0.0,0.0,not_called,,0,0,NONE,0,,,0,not_triaged,0.0,89049.96033333334,,False,0.0,0.0,0.0,0.0
MID100882,travel_agency,0,legit,none,0,0.0010000415590376414,,,,False,15,0.4055,0.177,not_called,,0,0,NONE,0,,,0,not_triaged,0.0,29459.13333333333,,False,0.0,0.0,0.0,0.0
MID101241,electronics_retail,0,legit,festival_season,0,0.010338453012692693,,,,False,0,0.0,0.0,not_called,,0,0,NONE,0,,,0,not_triaged,0.0,155436.38466666668,,False,0.0,0.0,0.0,0.0
MID103040,pharmacy,0,legit,none,0,0.004563463235555111,,,,False,0,0.0,0.0,not_called,,0,0,NONE,0,,,0,not_triaged,0.0,92030.57366666666,,True,0.0,0.0,0.0,0.0
MID100669,electronics_retail,0,legit,none,0,0.0009968177005137446,,,,False,0,0.0,0.0,not_called,,0,0,NONE,0,,,0,not_triaged,0.0,43508.95633333333,,True,0.0,0.0,0.0,0.0
MID101282,skill_gaming,0,legit,none,0,0.0017140725639094238,,,,False,0,0.0,0.0,not_called,,0,0,NONE,0,,,0,not_triaged,0.0,137735.16933333332,,False,0.0,0.0,0.0,0.0
MID101949,home_furnishing,0,legit,none,0,0.0019986629573463493,,,,False,0,0.0,0.0,not_called,,0,0,NONE,0,,,0,not_triaged,0.0,138993.04033333334,,False,0.0,0.0,0.0,0.0
MID103003,travel_agency,0,legit,none,0,0.0012482329199955582,,,,False,0,0.0,0.0,not_called,,0,0,NONE,0,,,0,not_triaged,0.0,298775.04233333335,,False,0.0,0.0,0.0,0.0
MID103245,electronics_retail,0,legit,festival_season,0,0.005010143254539236,,,,False,0,0.0,0.0,not_called,,0,0,NONE,0,,,0,not_triaged,0.0,379859.043,,False,0.0,0.0,0.0,0.0
MID100261,home_furnishing,0,legit,none,0,0.0008967541202293839,,,,False,0,0.0,0.0,not_called,,0,0,NONE,0,,,0,not_triaged,0.0,19793.90766666667,,False,0.0,0.0,0.0,0.0
MID102262,pharmacy,0,legit,none,0,0.0021035064785939984,,,,False,0,0.0,0.0,not_called,,0,0,NONE,0,,,0,not_triaged,0.0,41885.669,,False,0.0,0.0,0.0,0.0
MID101678,home_furnishing,0,legit,none,0,0.0018924038760391995,,,,False,0,0.0,0.0,not_called,,0,0,NONE,0,,,0,not_triaged,0.0,144488.16366666666,,True,0.0,0.0,0.0,0.0
MID101958,skill_gaming,0,legit,none,0,0.0004920963118710704,,,,False,9,0.4795,0.366,not_called,,1,1,REVIEW,0,,,0,not_triaged,0.0,58746.66333333333,,False,0.0,0.0,0.0,0.0
MID101977,skill_gaming,0,legit,none,0,0.0009752882920801221,,,,False,0,0.0,0.0,not_called,,0,0,NONE,0,,,0,not_triaged,0.0,232052.529,,False,0.0,0.0,0.0,0.0
MID101769,electronics_retail,0,legit,festival_season,0,0.02503137788052323,,,,False,0,0.0,0.0,not_called,,0,0,NONE,0,,,0,not_triaged,0.0,256974.479,,False,0.0,0.0,0.0,0.0
MID100302,subscription_box,0,legit,none,0,0.0015515081772411428,,,,False,0,0.0,0.0,not_called,,0,0,NONE,0,,,0,not_triaged,0.0,168796.10433333332,,True,0.0,0.0,0.0,0.0
MID102857,home_furnishing,0,legit,none,0,0.0009335739835437322,,,,False,0,0.0,0.0,not_called,,0,0,NONE,0,,,0,not_triaged,0.0,246293.77166666667,,False,0.0,0.0,0.0,0.0
MID103582,apparel,0,legit,none,0,0.00591754590364036,,,,False,0,0.0,0.0,not_called,,0,0,NONE,0,,,0,not_triaged,0.0,57737.314333333336,,True,0.0,0.0,0.0,0.0
MID100935,apparel,0,legit,none,0,0.07409938881752574,,,,False,0,0.0,0.0,not_called,,0,0,NONE,0,,,0,not_triaged,0.0,118200.81833333331,,False,0.0,0.0,0.0,0.0
MID100889,apparel,0,legit,none,0,0.016389694209916945,,,,False,0,0.0,0.0,not_called,,0,0,NONE,0,,,0,not_triaged,0.0,20431.685,,False,0.0,0.0,0.0,0.0
MID100244,digital_services,0,legit,price_point_change,0,0.005498646996756689,,,,False,0,0.0,0.0,not_called,,0,0,NONE,0,,,0,not_triaged,0.0,7697.281333333333,,False,0.0,0.0,0.0,0.0
MID103763,apparel,0,legit,shared_platform,0,0.0012607430800066887,,,,False,0,0.0,0.0,not_called,,0,0,NONE,0,,,0,not_triaged,0.0,47265.65666666666,,False,0.0,0.0,0.0,0.0
MID102721,digital_services,0,legit,price_point_change,0,0.0006294907524970184,digital_services,0.9255,homepage,False,0,0.0,0.0,not_called,,0,0,NONE,0,,,2,evidence_exhausted,2.2,7795.444,high_volume_rotation,True,0.0,0.0,0.0,0.0
MID103031,home_furnishing,0,legit,none,0,0.0020014896112754187,,,,False,15,0.4055,0.177,not_called,,0,0,NONE,0,,,0,not_triaged,0.0,58906.25633333333,,False,0.0,0.0,0.0,0.0
MID102100,home_furnishing,0,legit,none,0,0.004927740285149346,,,,False,0,0.0,0.0,not_called,,0,0,NONE,0,,,0,not_triaged,0.0,43823.19033333333,,True,0.0,0.0,0.0,0.0
MID100291,subscription_box,0,legit,none,0,0.0005827847158379647,,,,False,0,0.0,0.0,not_called,,0,0,NONE,0,,,0,not_triaged,0.0,77906.99966666667,,False,0.0,0.0,0.0,0.0
MID100351,apparel,0,legit,price_point_change,0,0.005255912602364521,,,,False,0,0.0,0.0,not_called,,0,0,NONE,0,,,0,not_triaged,0.0,69064.73133333333,,False,0.0,0.0,0.0,0.0
MID100501,apparel,0,legit,shared_platform,0,0.0005382750942366007,,,,False,0,0.0,0.0,not_called,,0,0,NONE,0,,,0,not_triaged,0.0,30869.393333333333,,True,0.0,0.0,0.0,0.0
MID103611,apparel,0,legit,none,0,0.001107966402475803,,,,False,0,0.0,0.0,not_called,,0,0,NONE,0,,,0,not_triaged,0.0,82869.88266666667,,True,0.0,0.0,0.0,0.0
MID102512,apparel,0,legit,none,0,0.003434619287555739,,,,False,0,0.0,0.0,not_called,,0,0,NONE,0,,,0,not_triaged,0.0,124548.463,,False,0.0,0.0,0.0,0.0
MID101950,apparel,0,legit,viral_spike,0,0.0002577456528874698,,,,False,0,0.0,0.0,not_called,,0,0,NONE,0,,,0,not_triaged,0.0,69250.86266666667,,True,0.0,0.0,0.0,0.0
MID101903,skill_gaming,0,legit,none,0,0.001319267801598869,,,,False,0,0.0,0.0,not_called,,0,0,NONE,0,,,0,not_triaged,0.0,141060.83433333333,,False,0.0,0.0,0.0,0.0
MID102024,home_furnishing,0,legit,none,0,0.0011259167113794176,,,,False,0,0.0,0.0,not_called,,0,0,NONE,0,,,0,not_triaged,0.0,45119.310333333335,,True,0.0,0.0,0.0,0.0
MID101351,electronics_retail,0,legit,none,0,0.0015289783545460445,,,,False,0,0.0,0.0,not_called,,0,0,NONE,0,,,0,not_triaged,0.0,322025.07100000005,,False,0.0,0.0,0.0,0.0
MID103111,skill_gaming,0,legit,none,0,0.0010124216930834278,,,,False,0,0.0,0.0,not_called,,0,0,NONE,0,,,0,not_triaged,0.0,85894.39899999999,,True,0.0,0.0,0.0,0.0
MID103192,electronics_retail,0,legit,none,0,0.011346989907166087,,,,False,0,0.0,0.0,not_called,,0,0,NONE,0,,,0,not_triaged,0.0,199647.157,,True,0.0,0.0,0.0,0.0
MID103951,skill_gaming,0,legit,none,0,0.0013725464909806432,,,,False,0,0.0,0.0,not_called,,0,0,NONE,0,,,0,not_triaged,0.0,250000.78800000003,,False,0.0,0.0,0.0,0.0
MID100055,travel_agency,1,rented_account,none,1,0.006252081116046778,,,,False,0,0.0,0.0,not_called,,0,0,NONE,0,,,0,not_triaged,0.0,1195618.2859999998,,True,0.0,0.0,23350863.3,23350863.3
MID101102,pharmacy,0,legit,shared_platform,0,0.002306401463298234,,,,False,0,0.0,0.0,not_called,,0,0,NONE,0,,,0,not_triaged,0.0,25501.626,,True,0.0,0.0,0.0,0.0
MID100506,electronics_retail,0,legit,none,0,0.0026469855153861653,,,,False,0,0.0,0.0,not_called,,0,0,NONE,0,,,0,not_triaged,0.0,97585.096,,True,0.0,0.0,0.0,0.0
MID100852,home_furnishing,0,legit,none,0,0.00040903282105666074,home_furnishing,0.9503,homepage,False,0,0.0,0.0,not_called,,0,0,NONE,0,,,2,evidence_exhausted,2.2,228756.62966666667,high_volume_rotation,False,0.0,0.0,0.0,0.0
MID100992,home_furnishing,0,legit,none,0,0.0038955086023262967,,,,False,0,0.0,0.0,not_called,,0,0,NONE,0,,,0,not_triaged,0.0,32143.020666666664,,False,0.0,0.0,0.0,0.0
MID103379,subscription_box,0,legit,none,0,0.0007684939463909315,,,,False,0,0.0,0.0,not_called,,0,0,NONE,0,,,0,not_triaged,0.0,124807.051,,True,0.0,0.0,0.0,0.0
MID100942,electronics_retail,0,legit,none,0,0.001496163115125543,,,,False,0,0.0,0.0,not_called,,0,0,NONE,0,,,0,not_triaged,0.0,69731.429,,True,0.0,0.0,0.0,0.0
MID103692,pharmacy,0,legit,none,0,0.012812710075856215,,,,False,0,0.0,0.0,not_called,,0,0,NONE,0,,,0,not_triaged,0.0,14845.586666666666,,False,0.0,0.0,0.0,0.0
MID103483,skill_gaming,0,legit,none,0,0.0005360154126233033,,,,False,0,0.0,0.0,not_called,,0,0,NONE,0,,,0,not_triaged,0.0,441971.3920000001,,False,0.0,0.0,0.0,0.0
MID103620,electronics_retail,0,legit,none,0,0.0014429524315923879,,,,False,0,0.0,0.0,not_called,,0,0,NONE,0,,,0,not_triaged,0.0,141579.70899999997,,True,0.0,0.0,0.0,0.0
MID101268,apparel,0,legit,festival_season,0,0.02370034506664106,,,,False,11,0.4176,0.182,not_called,,0,0,NONE,0,,,0,not_triaged,0.0,303184.107,,True,0.0,0.0,0.0,0.0
MID100241,subscription_box,0,legit,none,0,0.01793600862949332,,,,False,0,0.0,0.0,not_called,,0,0,NONE,0,,,0,not_triaged,0.0,42572.98566666666,,True,0.0,0.0,0.0,0.0
MID102191,skill_gaming,0,legit,none,0,0.0012987656285343503,,,,False,0,0.0,0.0,not_called,,0,0,NONE,0,,,0,not_triaged,0.0,92810.12566666667,,False,0.0,0.0,0.0,0.0
MID101768,home_furnishing,0,legit,none,0,0.011951137965555799,,,,False,0,0.0,0.0,not_called,,0,0,NONE,0,,,0,not_triaged,0.0,133743.37833333333,,True,0.0,0.0,0.0,0.0
MID103704,electronics_retail,0,legit,none,0,0.01608535048569341,,,,False,0,0.0,0.0,not_called,,0,0,NONE,0,,,0,not_triaged,0.0,177566.83166666664,,False,0.0,0.0,0.0,0.0
MID102387,apparel,0,legit,none,0,0.0019297482370359584,,,,False,0,0.0,0.0,not_called,,0,0,NONE,0,,,0,not_triaged,0.0,115863.54666666666,,False,0.0,0.0,0.0,0.0
MID101574,apparel,0,legit,festival_season,0,0.01463369009443337,,,,False,0,0.0,0.0,not_called,,0,0,NONE,0,,,0,not_triaged,0.0,64680.187666666665,,True,0.0,0.0,0.0,0.0
MID103820,electronics_retail,0,legit,festival_season,0,0.01190535053789498,,,,False,0,0.0,0.0,not_called,,0,0,NONE,0,,,0,not_triaged,0.0,112517.09666666666,,True,0.0,0.0,0.0,0.0
MID100140,home_furnishing,1,rented_account,none,1,0.47844819224810403,unlicensed_lending,0.99,checkout,False,0,0.0,0.0,declined,,1,1,VERIFY,3,storefront,,4,confidence_threshold_met,4.4,33176.136999999995,telemetry_drift,False,900.0,0.0,0.0,900.0
MID102361,electronics_retail,0,legit,none,0,0.03665567734888599,,,,False,0,0.0,0.0,not_called,,0,0,NONE,0,,,0,not_triaged,0.0,125539.81033333331,,True,0.0,0.0,0.0,0.0
MID103380,electronics_retail,0,legit,none,0,0.002480328772038609,,,,False,0,0.0,0.0,not_called,,0,0,NONE,0,,,0,not_triaged,0.0,77398.50233333334,,False,0.0,0.0,0.0,0.0
MID102894,electronics_retail,0,legit,none,0,0.000930955901760471,,,,False,0,0.0,0.0,not_called,,0,0,NONE,0,,,0,not_triaged,0.0,78518.31300000001,,False,0.0,0.0,0.0,0.0
MID103455,electronics_retail,0,legit,none,0,0.0007001613485010074,,,,False,0,0.0,0.0,not_called,,0,0,NONE,0,,,0,not_triaged,0.0,37192.299,,False,0.0,0.0,0.0,0.0
MID102850,home_furnishing,0,legit,viral_spike,0,0.00673660844227952,,,,False,0,0.0,0.0,not_called,,0,0,NONE,0,,,0,not_triaged,0.0,142367.6383333333,,False,0.0,0.0,0.0,0.0
MID100876,subscription_box,0,legit,none,0,0.0010337120832673579,,,,False,0,0.0,0.0,not_called,,0,0,NONE,0,,,0,not_triaged,0.0,71847.232,,False,0.0,0.0,0.0,0.0
MID101503,home_furnishing,0,legit,viral_spike,0,0.004327854806020066,,,,False,0,0.0,0.0,not_called,,0,0,NONE,0,,,0,not_triaged,0.0,203987.7333333333,,False,0.0,0.0,0.0,0.0
MID100644,pharmacy,0,legit,shared_platform,0,0.0011538198154890183,,,,False,0,0.0,0.0,not_called,,0,0,NONE,0,,,0,not_triaged,0.0,15723.335,,False,0.0,0.0,0.0,0.0
MID101568,subscription_box,0,legit,none,0,0.011014488282241197,,,,False,0,0.0,0.0,not_called,,0,0,NONE,0,,,0,not_triaged,0.0,65698.75733333333,,True,0.0,0.0,0.0,0.0
MID103055,apparel,0,legit,none,0,0.006518186405174199,,,,False,0,0.0,0.0,not_called,,0,0,NONE,0,,,0,not_triaged,0.0,51971.57533333333,,False,0.0,0.0,0.0,0.0
MID103657,electronics_retail,0,legit,none,0,0.0037964495356759735,electronics_retail,0.9792,homepage,False,0,0.0,0.0,not_called,,0,0,NONE,0,,,2,evidence_exhausted,2.2,216433.09166666667,external_signal,False,0.0,0.0,0.0,0.0
MID102564,digital_services,0,legit,none,0,0.000906551611448465,,,,False,0,0.0,0.0,not_called,,0,0,NONE,0,,,0,not_triaged,0.0,24736.5,,False,0.0,0.0,0.0,0.0
MID102533,travel_agency,0,legit,none,0,0.0034505642718399183,,,,False,0,0.0,0.0,not_called,,0,0,NONE,0,,,0,not_triaged,0.0,396809.45533333335,,True,0.0,0.0,0.0,0.0
MID103931,subscription_box,0,legit,none,0,0.0018308173058373158,,,,False,0,0.0,0.0,not_called,,0,0,NONE,0,,,0,not_triaged,0.0,122928.40366666668,,False,0.0,0.0,0.0,0.0
MID102772,electronics_retail,0,legit,none,0,0.0006960865295094346,,,,False,0,0.0,0.0,not_called,,0,0,NONE,0,,,0,not_triaged,0.0,186600.83066666668,,False,0.0,0.0,0.0,0.0
MID101456,skill_gaming,0,legit,none,0,0.000701097361913992,,,,False,0,0.0,0.0,not_called,,0,0,NONE,0,,,0,not_triaged,0.0,188865.13199999995,,True,0.0,0.0,0.0,0.0
MID100050,travel_agency,1,rented_account,none,1,0.9006940101804185,unlicensed_lending,0.99,checkout,False,0,0.0,0.0,no_answer,,2,2,RESTRICT,4,telemetry;storefront;scripts,telemetry,4,confidence_threshold_met,4.4,80145.91766666668,telemetry_drift,False,900.0,0.0,0.0,900.0
MID101594,travel_agency,0,legit,none,0,0.0011946972502305932,,,,False,0,0.0,0.0,not_called,,0,0,NONE,0,,,0,not_triaged,0.0,229647.15366666668,,True,0.0,0.0,0.0,0.0
MID102670,apparel,0,legit,none,0,0.0009006246729785138,,,,False,0,0.0,0.0,not_called,,0,0,NONE,0,,,0,not_triaged,0.0,71858.05733333333,,False,0.0,0.0,0.0,0.0
MID102391,home_furnishing,0,legit,none,0,0.0018246028614780738,,,,False,0,0.0,0.0,not_called,,0,0,NONE,0,,,0,not_triaged,0.0,81747.89566666666,,False,0.0,0.0,0.0,0.0
MID102472,apparel,0,legit,shared_platform,0,0.0016838444606718814,,,,False,0,0.0,0.0,not_called,,0,0,NONE,0,,,0,not_triaged,0.0,62246.87533333334,,False,0.0,0.0,0.0,0.0
MID101729,home_furnishing,0,legit,none,0,0.0009959478517483254,,,,False,0,0.0,0.0,not_called,,0,0,NONE,0,,,0,not_triaged,0.0,37206.77266666667,,True,0.0,0.0,0.0,0.0
MID102980,digital_services,0,legit,none,0,0.0004973616540478129,,,,False,0,0.0,0.0,not_called,,0,0,NONE,0,,,0,not_triaged,0.0,46916.17666666667,,True,0.0,0.0,0.0,0.0
MID102116,travel_agency,0,legit,none,0,0.0012589973452154346,,,,False,0,0.0,0.0,not_called,,0,0,NONE,0,,,0,not_triaged,0.0,589571.8690000001,,True,0.0,0.0,0.0,0.0
MID102549,home_furnishing,0,legit,none,0,0.0010176745513594528,,,,False,0,0.0,0.0,not_called,,0,0,NONE,0,,,0,not_triaged,0.0,85609.297,,False,0.0,0.0,0.0,0.0
MID102301,pharmacy,0,legit,none,0,0.0006530139795627105,,,,False,0,0.0,0.0,not_called,,0,0,NONE,0,,,0,not_triaged,0.0,27241.706666666665,,False,0.0,0.0,0.0,0.0
MID100440,electronics_retail,0,legit,none,0,0.0006693288492959683,adult_content,0.05,homepage,False,0,0.0,0.0,not_called,,1,1,VERIFY,0,,,4,evidence_exhausted,2.2,440963.9863333333,high_volume_rotation,True,0.0,0.0,0.0,0.0
MID101132,subscription_box,0,legit,price_point_change,0,0.002180590136658141,,,,False,0,0.0,0.0,not_called,,0,0,NONE,0,,,0,not_triaged,0.0,80050.49733333333,,False,0.0,0.0,0.0,0.0
MID103375,skill_gaming,0,legit,none,0,0.0031618859415053126,,,,False,0,0.0,0.0,not_called,,0,0,NONE,0,,,0,not_triaged,0.0,368318.92966666666,,True,0.0,0.0,0.0,0.0
MID102764,electronics_retail,0,legit,none,0,0.0012703409880017132,,,,False,0,0.0,0.0,not_called,,0,0,NONE,0,,,0,not_triaged,0.0,168266.68800000002,,True,0.0,0.0,0.0,0.0
MID101360,subscription_box,0,legit,none,0,0.0009365986452406159,,,,False,0,0.0,0.0,not_called,,0,0,NONE,0,,,0,not_triaged,0.0,49946.109,,False,0.0,0.0,0.0,0.0
MID101166,home_furnishing,0,legit,none,0,0.0009313943887955873,,,,False,0,0.0,0.0,not_called,,0,0,NONE,0,,,0,not_triaged,0.0,332404.64166666666,,True,0.0,0.0,0.0,0.0
MID103687,pharmacy,0,legit,none,0,0.0008819790770004213,,,,False,0,0.0,0.0,not_called,,0,0,NONE,0,,,0,not_triaged,0.0,45600.74366666667,,True,0.0,0.0,0.0,0.0
MID100574,apparel,0,legit,festival_season,0,0.011018344161965713,apparel,0.99,homepage,False,0,0.0,0.0,not_called,,0,0,NONE,0,,,2,evidence_exhausted,2.2,240783.56033333336,high_volume_rotation,False,0.0,0.0,0.0,0.0
MID101175,pharmacy,0,legit,none,0,0.005827841085750053,,,,False,0,0.0,0.0,not_called,,0,0,NONE,0,,,0,not_triaged,0.0,96897.88933333333,,False,0.0,0.0,0.0,0.0
MID102557,skill_gaming,0,legit,none,0,0.0014252880561967036,,,,False,0,0.0,0.0,not_called,,0,0,NONE,0,,,0,not_triaged,0.0,134611.62666666665,,False,0.0,0.0,0.0,0.0
MID101851,electronics_retail,0,legit,festival_season,0,0.032308477448925545,,,,False,0,0.0,0.0,not_called,,0,0,NONE,0,,,0,not_triaged,0.0,361194.1083333333,,False,0.0,0.0,0.0,0.0
MID103153,apparel,0,legit,festival_season,0,0.002481947210974823,,,,False,0,0.0,0.0,not_called,,0,0,NONE,0,,,0,not_triaged,0.0,446824.8056666667,,True,0.0,0.0,0.0,0.0
MID102049,skill_gaming,0,legit,none,0,0.0018080383038129608,,,,False,0,0.0,0.0,not_called,,0,0,NONE,0,,,0,not_triaged,0.0,121420.541,,True,0.0,0.0,0.0,0.0
MID100204,pharmacy,0,legit,none,0,0.0036481444509804013,,,,False,0,0.0,0.0,not_called,,0,0,NONE,0,,,0,not_triaged,0.0,54601.91133333333,,False,0.0,0.0,0.0,0.0
MID102830,home_furnishing,0,legit,none,0,0.0011480305472585544,home_furnishing,0.9856,homepage,False,0,0.0,0.0,not_called,,0,0,NONE,0,,,2,evidence_exhausted,2.2,352506.15966666664,high_volume_rotation,True,0.0,0.0,0.0,0.0
MID103652,digital_services,0,legit,none,0,0.04397999345304839,,,,False,0,0.0,0.0,not_called,,0,0,NONE,0,,,0,not_triaged,0.0,55346.70066666666,,False,0.0,0.0,0.0,0.0
MID100969,electronics_retail,0,legit,viral_spike,0,0.0035078933135351043,,,,False,7,0.4052,0.091,not_called,,0,0,NONE,0,,,0,not_triaged,0.0,525013.856,,False,0.0,0.0,0.0,0.0
MID100492,electronics_retail,0,legit,viral_spike,0,0.0015188478938319872,,,,False,0,0.0,0.0,not_called,,0,0,NONE,0,,,0,not_triaged,0.0,135991.93333333335,,False,0.0,0.0,0.0,0.0
MID103535,home_furnishing,0,legit,none,0,0.00096007816107902,,,,False,0,0.0,0.0,not_called,,0,0,NONE,0,,,0,not_triaged,0.0,131639.06399999998,,True,0.0,0.0,0.0,0.0
MID100144,subscription_box,0,legit,none,0,0.0017654359837856713,,,,False,0,0.0,0.0,not_called,,0,0,NONE,0,,,0,not_triaged,0.0,28706.207,,True,0.0,0.0,0.0,0.0
MID100300,skill_gaming,0,legit,none,0,0.0014954988788134218,,,,False,0,0.0,0.0,not_called,,0,0,NONE,0,,,0,not_triaged,0.0,180771.838,,False,0.0,0.0,0.0,0.0
MID103307,home_furnishing,0,legit,none,0,0.0005596180825946669,,,,False,6,0.4291,0.155,not_called,,0,0,NONE,0,,,0,not_triaged,0.0,76158.52333333335,,True,0.0,0.0,0.0,0.0
MID102067,electronics_retail,0,legit,none,0,0.0009668777691524282,,,,False,0,0.0,0.0,not_called,,0,0,NONE,0,,,0,not_triaged,0.0,87666.60333333332,,True,0.0,0.0,0.0,0.0
MID100599,apparel,0,legit,none,0,0.00043778918735810815,,,,False,0,0.0,0.0,not_called,,0,0,NONE,0,,,0,not_triaged,0.0,103736.378,,True,0.0,0.0,0.0,0.0
MID100061,electronics_retail,1,rented_account,none,1,0.8055801978575985,unlicensed_lending,0.99,checkout,False,0,0.0,0.0,answered,,2,2,RESTRICT,4,telemetry;storefront;scripts,telemetry,4,confidence_threshold_met,4.4,138817.28266666664,telemetry_drift;external_signal,False,900.0,0.0,0.0,900.0
MID100069,home_furnishing,1,pivot_prohibited,none,1,0.5803127702437306,sports_betting,0.9292,homepage,True,0,0.0,0.0,answered,,1,1,VERIFY,3,storefront,,2,confidence_threshold_met,2.2,36583.98499999999,telemetry_drift,True,900.0,0.0,0.0,900.0
MID101010,pharmacy,0,legit,none,0,0.01122946369098184,,,,False,0,0.0,0.0,not_called,,0,0,NONE,0,,,0,not_triaged,0.0,171337.26666666666,,False,0.0,0.0,0.0,0.0
MID103028,subscription_box,0,legit,none,0,0.0015111117296423941,,,,False,0,0.0,0.0,not_called,,0,0,NONE,0,,,0,not_triaged,0.0,71490.12166666667,,False,0.0,0.0,0.0,0.0
MID102222,pharmacy,0,legit,none,0,0.08620917050047612,,,,False,0,0.0,0.0,not_called,,0,0,NONE,0,,,0,not_triaged,0.0,51275.64566666667,,False,0.0,0.0,0.0,0.0
MID103934,electronics_retail,0,legit,none,0,0.024464877919976282,,,,False,0,0.0,0.0,not_called,,0,0,NONE,0,,,0,not_triaged,0.0,75950.82333333333,,False,0.0,0.0,0.0,0.0
MID100046,pharmacy,1,licensing_violation,none,0,0.7917697746125576,unregistered_pharmacy,0.9794,homepage,False,0,0.0,0.0,answered,True,3,3,RESTRICT,4,telemetry;storefront,telemetry,5,confidence_threshold_met,4.4,59873.55099999999,telemetry_drift,False,900.0,0.0,0.0,900.0
MID103900,home_furnishing,0,legit,viral_spike,0,0.002681532431604012,,,,False,0,0.0,0.0,not_called,,0,0,NONE,0,,,0,not_triaged,0.0,38818.24766666667,,True,0.0,0.0,0.0,0.0
MID103768,electronics_retail,0,legit,none,0,0.0032754536240694777,,,,False,0,0.0,0.0,not_called,,0,0,NONE,0,,,0,not_triaged,0.0,503126.066,,False,0.0,0.0,0.0,0.0
MID100721,pharmacy,0,legit,none,0,0.050561918586359354,,,,False,0,0.0,0.0,not_called,,0,0,NONE,0,,,0,not_triaged,0.0,73343.86266666667,,False,0.0,0.0,0.0,0.0
MID101186,travel_agency,0,legit,none,0,0.0005845115079204092,,,,False,0,0.0,0.0,not_called,,0,0,NONE,0,,,0,not_triaged,0.0,28261.98633333333,,False,0.0,0.0,0.0,0.0
MID102645,home_furnishing,0,legit,none,0,0.002536394327993026,,,,False,0,0.0,0.0,not_called,,0,0,NONE,0,,,0,not_triaged,0.0,77243.19066666666,,False,0.0,0.0,0.0,0.0
MID102175,apparel,0,legit,viral_spike,0,0.005113664591241483,,,,False,0,0.0,0.0,not_called,,0,0,NONE,0,,,0,not_triaged,0.0,62617.348,,True,0.0,0.0,0.0,0.0
MID101139,skill_gaming,0,legit,none,0,0.004951640983751993,,,,False,0,0.0,0.0,not_called,,0,0,NONE,0,,,0,not_triaged,0.0,670709.2406666667,,False,0.0,0.0,0.0,0.0
MID101539,apparel,0,legit,none,0,0.001480013715585466,,,,False,0,0.0,0.0,not_called,,0,0,NONE,0,,,0,not_triaged,0.0,84548.94766666666,,False,0.0,0.0,0.0,0.0
MID101526,home_furnishing,0,legit,none,0,0.0030573467910837674,,,,False,0,0.0,0.0,not_called,,0,0,NONE,0,,,0,not_triaged,0.0,35415.772333333334,,False,0.0,0.0,0.0,0.0
MID100475,skill_gaming,0,legit,none,0,0.020665048794212833,,,,False,0,0.0,0.0,not_called,,0,0,NONE,0,,,0,not_triaged,0.0,65970.369,,False,0.0,0.0,0.0,0.0
MID103894,subscription_box,0,legit,shared_platform,0,0.004181001287065676,,,,False,0,0.0,0.0,not_called,,0,0,NONE,0,,,0,not_triaged,0.0,21126.542666666668,,False,0.0,0.0,0.0,0.0
MID100389,digital_services,0,legit,none,0,0.0034686072854167105,,,,False,0,0.0,0.0,not_called,,0,0,NONE,0,,,0,not_triaged,0.0,23818.13733333333,,False,0.0,0.0,0.0,0.0
MID102905,digital_services,0,legit,none,0,0.007494898802262402,,,,False,0,0.0,0.0,not_called,,0,0,NONE,0,,,0,not_triaged,0.0,86955.03600000001,,False,0.0,0.0,0.0,0.0
MID103225,electronics_retail,0,legit,viral_spike,0,0.0012185420601342118,,,,False,0,0.0,0.0,not_called,,0,0,NONE,0,,,0,not_triaged,0.0,231975.92433333336,,True,0.0,0.0,0.0,0.0
MID100196,electronics_retail,0,legit,viral_spike,0,0.0008288731014603585,,,,False,0,0.0,0.0,not_called,,0,0,NONE,0,,,0,not_triaged,0.0,280223.26333333337,,False,0.0,0.0,0.0,0.0
MID102071,electronics_retail,0,legit,viral_spike,0,0.0007860859948049903,,,,False,0,0.0,0.0,not_called,,0,0,NONE,0,,,0,not_triaged,0.0,83051.06233333334,,True,0.0,0.0,0.0,0.0
MID102318,apparel,0,legit,viral_spike,0,0.007739124716784148,,,,False,0,0.0,0.0,not_called,,0,0,NONE,0,,,0,not_triaged,0.0,109118.69766666666,,False,0.0,0.0,0.0,0.0
MID102395,digital_services,0,legit,none,0,0.0011576067471804684,,,,False,0,0.0,0.0,not_called,,0,0,NONE,0,,,0,not_triaged,0.0,85782.92033333333,,False,0.0,0.0,0.0,0.0
MID103694,electronics_retail,0,legit,none,0,0.0008183749744790674,,,,False,0,0.0,0.0,not_called,,0,0,NONE,0,,,0,not_triaged,0.0,88653.41366666667,,False,0.0,0.0,0.0,0.0
MID103805,home_furnishing,0,legit,viral_spike,0,0.02757893840822494,home_furnishing,0.99,homepage,False,0,0.0,0.0,not_called,,0,0,NONE,0,,,2,evidence_exhausted,2.2,6981.452,external_signal,False,0.0,0.0,0.0,0.0
MID101294,electronics_retail,0,legit,none,0,0.002888445912020524,,,,False,0,0.0,0.0,not_called,,0,0,NONE,0,,,0,not_triaged,0.0,92761.53933333332,,False,0.0,0.0,0.0,0.0
MID101984,digital_services,0,legit,none,0,0.003868483041415355,,,,False,0,0.0,0.0,not_called,,0,0,NONE,0,,,0,not_triaged,0.0,23931.88533333333,,False,0.0,0.0,0.0,0.0
MID103465,home_furnishing,0,legit,none,0,0.0015388824446419596,,,,False,0,0.0,0.0,not_called,,0,0,NONE,0,,,0,not_triaged,0.0,18086.36333333333,,False,0.0,0.0,0.0,0.0
MID103848,pharmacy,0,legit,none,0,0.005060772911150782,,,,False,0,0.0,0.0,not_called,,0,0,NONE,0,,,0,not_triaged,0.0,77819.49799999999,,False,0.0,0.0,0.0,0.0
MID101062,home_furnishing,0,legit,none,0,0.001738195162698646,,,,False,0,0.0,0.0,not_called,,0,0,NONE,0,,,0,not_triaged,0.0,134817.078,,True,0.0,0.0,0.0,0.0
MID102584,apparel,0,legit,none,0,0.0031121998798231713,,,,False,0,0.0,0.0,not_called,,0,0,NONE,0,,,0,not_triaged,0.0,68710.34733333332,,True,0.0,0.0,0.0,0.0
MID100697,pharmacy,0,legit,shared_platform,0,0.004637721494838401,,,,False,0,0.0,0.0,not_called,,0,0,NONE,0,,,0,not_triaged,0.0,29929.087333333333,,False,0.0,0.0,0.0,0.0
MID102763,skill_gaming,0,legit,none,0,0.002769971230251755,,,,False,0,0.0,0.0,not_called,,0,0,NONE,0,,,0,not_triaged,0.0,226654.25133333332,,False,0.0,0.0,0.0,0.0
MID103234,electronics_retail,0,legit,none,0,0.004741343327667012,,,,False,0,0.0,0.0,not_called,,0,0,NONE,0,,,0,not_triaged,0.0,205251.898,,False,0.0,0.0,0.0,0.0
MID100119,home_furnishing,1,pivot_prohibited,none,1,0.9997633513927536,sports_betting,0.9751,homepage,False,0,0.0,0.0,no_answer,,2,2,RESTRICT,4,telemetry;storefront,telemetry,2,confidence_threshold_met,2.2,92159.844,telemetry_drift;external_signal,False,900.0,0.0,0.0,900.0
MID102241,pharmacy,0,legit,none,0,0.0024050976480188817,,,,False,0,0.0,0.0,not_called,,0,0,NONE,0,,,0,not_triaged,0.0,56240.98266666666,,False,0.0,0.0,0.0,0.0
MID100513,subscription_box,0,legit,shared_platform,0,0.0022691122405560354,,,,False,0,0.0,0.0,not_called,,0,0,NONE,0,,,0,not_triaged,0.0,45926.38100000001,,True,0.0,0.0,0.0,0.0
MID103903,skill_gaming,0,legit,none,0,0.0008549141286229646,skill_gaming,0.99,homepage,False,0,0.0,0.0,not_called,,0,0,NONE,0,,,2,evidence_exhausted,2.2,230113.437,high_volume_rotation,False,0.0,0.0,0.0,0.0
MID101680,home_furnishing,0,legit,viral_spike,0,0.0028275251493479706,home_furnishing,0.99,homepage,False,0,0.0,0.0,not_called,,0,0,NONE,0,,,2,evidence_exhausted,2.2,111562.67666666668,high_volume_rotation,False,0.0,0.0,0.0,0.0
MID100586,home_furnishing,0,legit,none,0,0.0034650491518524993,,,,False,0,0.0,0.0,not_called,,0,0,NONE,0,,,0,not_triaged,0.0,37877.225666666665,,False,0.0,0.0,0.0,0.0
MID103954,subscription_box,0,legit,shared_platform,0,0.017843088756869914,subscription_box,0.99,homepage,False,0,0.0,0.0,not_called,,0,0,NONE,0,,,2,evidence_exhausted,2.2,67517.2,external_signal,False,0.0,0.0,0.0,0.0
MID103197,pharmacy,0,legit,none,0,0.001614669949668491,,,,False,0,0.0,0.0,not_called,,0,0,NONE,0,,,0,not_triaged,0.0,20406.208,,False,0.0,0.0,0.0,0.0
MID101147,apparel,0,legit,none,0,0.000667635241253073,,,,False,0,0.0,0.0,not_called,,0,0,NONE,0,,,0,not_triaged,0.0,209952.01133333333,,True,0.0,0.0,0.0,0.0
MID103574,subscription_box,0,legit,none,0,0.0032805250578884218,,,,False,0,0.0,0.0,not_called,,0,0,NONE,0,,,0,not_triaged,0.0,33296.257000000005,,False,0.0,0.0,0.0,0.0
MID101232,pharmacy,0,legit,shared_platform,0,0.002777470778527237,,,,False,0,0.0,0.0,not_called,,0,0,NONE,0,,,0,not_triaged,0.0,29911.121,,True,0.0,0.0,0.0,0.0
MID100019,electronics_retail,1,funnel_ring,none,0,0.9724869616663268,crypto_exchange,0.99,checkout,False,6,0.8896,0.632,no_answer,,3,3,RESTRICT,4,telemetry;storefront;infrastructure,telemetry,4,confidence_threshold_met,4.4,150542.91,telemetry_drift;external_signal;network_cluster,False,900.0,0.0,0.0,900.0
MID100547,home_furnishing,0,legit,none,0,0.005530788286828262,,,,False,0,0.0,0.0,not_called,,0,0,NONE,0,,,0,not_triaged,0.0,71263.68399999998,,False,0.0,0.0,0.0,0.0
MID101304,home_furnishing,0,legit,none,0,0.0009351953607197451,,,,False,0,0.0,0.0,not_called,,0,0,NONE,0,,,0,not_triaged,0.0,92697.458,,False,0.0,0.0,0.0,0.0
MID102504,electronics_retail,0,legit,none,0,0.006952741592552334,,,,False,0,0.0,0.0,not_called,,0,0,NONE,0,,,0,not_triaged,0.0,54017.03166666667,,False,0.0,0.0,0.0,0.0
MID103959,digital_services,0,legit,none,0,0.0016877145920634782,,,,False,0,0.0,0.0,not_called,,0,0,NONE,0,,,0,not_triaged,0.0,89514.40633333332,,True,0.0,0.0,0.0,0.0
MID101845,home_furnishing,0,legit,none,0,0.009749445452946743,,,,False,0,0.0,0.0,not_called,,0,0,NONE,0,,,0,not_triaged,0.0,58488.94866666666,,False,0.0,0.0,0.0,0.0
MID101593,digital_services,0,legit,none,0,0.0006859429400803253,,,,False,0,0.0,0.0,not_called,,0,0,NONE,0,,,0,not_triaged,0.0,29456.445,,False,0.0,0.0,0.0,0.0
MID103413,pharmacy,0,legit,none,0,0.017770858342906024,,,,False,0,0.0,0.0,not_called,,0,0,NONE,0,,,0,not_triaged,0.0,83209.449,,False,0.0,0.0,0.0,0.0
MID103265,skill_gaming,0,legit,none,0,0.0009323045376757441,,,,False,0,0.0,0.0,not_called,,0,0,NONE,0,,,0,not_triaged,0.0,479336.647,,False,0.0,0.0,0.0,0.0
MID100137,apparel,1,rented_account,none,1,0.8233463801853256,unlicensed_lending,0.99,checkout,False,0,0.0,0.0,no_answer,,2,2,RESTRICT,4,telemetry;storefront;scripts,telemetry,4,confidence_threshold_met,4.4,77683.75566666666,telemetry_drift,False,900.0,0.0,0.0,900.0
MID100058,digital_services,1,pivot_prohibited,none,1,0.8324533286061113,sports_betting,0.9527,homepage,True,0,0.0,0.0,answered,False,3,3,RESTRICT,4,telemetry;storefront;statement,the merchant's own statement,2,confidence_threshold_met,2.2,102507.67333333334,telemetry_drift,False,900.0,0.0,0.0,900.0
MID102501,home_furnishing,0,legit,none,0,0.0010869156042152804,,,,False,0,0.0,0.0,not_called,,0,0,NONE,0,,,0,not_triaged,0.0,25969.531666666662,,False,0.0,0.0,0.0,0.0
MID103007,electronics_retail,0,legit,none,0,0.006598429364232056,,,,False,0,0.0,0.0,not_called,,0,0,NONE,0,,,0,not_triaged,0.0,186940.32633333333,,True,0.0,0.0,0.0,0.0
MID100765,apparel,0,legit,none,0,0.0023133425804849938,,,,False,0,0.0,0.0,not_called,,0,0,NONE,0,,,0,not_triaged,0.0,59611.33133333333,,False,0.0,0.0,0.0,0.0
MID101084,pharmacy,0,legit,shared_platform,0,0.022606920994120126,,,,False,0,0.0,0.0,not_called,,0,0,NONE,0,,,0,not_triaged,0.0,29094.340333333337,,True,0.0,0.0,0.0,0.0
MID101707,home_furnishing,0,legit,none,0,0.0010356313708187147,,,,False,0,0.0,0.0,not_called,,0,0,NONE,0,,,0,not_triaged,0.0,72005.81666666667,,True,0.0,0.0,0.0,0.0
MID100191,home_furnishing,0,legit,none,0,0.0019315509149808526,,,,False,0,0.0,0.0,not_called,,0,0,NONE,0,,,0,not_triaged,0.0,7106.659000000001,,True,0.0,0.0,0.0,0.0
MID103309,subscription_box,0,legit,none,0,0.03187310788983852,,,,False,0,0.0,0.0,not_called,,0,0,NONE,0,,,0,not_triaged,0.0,34792.285333333326,,False,0.0,0.0,0.0,0.0
MID103555,skill_gaming,0,legit,none,0,0.0008935851059907879,,,,False,0,0.0,0.0,not_called,,0,0,NONE,0,,,0,not_triaged,0.0,145523.95866666667,,False,0.0,0.0,0.0,0.0
MID101538,electronics_retail,0,legit,none,0,0.008415137971364502,,,,False,0,0.0,0.0,not_called,,0,0,NONE,0,,,0,not_triaged,0.0,70231.94866666666,,False,0.0,0.0,0.0,0.0
MID100089,home_furnishing,1,rented_account,none,1,0.9985679002474775,unlicensed_lending,0.9609,checkout,True,0,0.0,0.0,declined,,2,2,RESTRICT,4,telemetry;storefront,telemetry,3,confidence_threshold_met,4.4,63030.057,telemetry_drift;external_signal,True,900.0,0.0,0.0,900.0
MID101739,digital_services,0,legit,none,0,0.001013607477476639,,,,False,0,0.0,0.0,not_called,,0,0,NONE,0,,,0,not_triaged,0.0,68654.89866666666,,False,0.0,0.0,0.0,0.0
MID103088,electronics_retail,0,legit,festival_season,0,0.08311456247006195,,,,False,0,0.0,0.0,not_called,,0,0,NONE,0,,,0,not_triaged,0.0,168172.22299999997,,True,0.0,0.0,0.0,0.0
MID101316,subscription_box,0,legit,shared_platform,0,0.0008308529189859801,,,,False,0,0.0,0.0,not_called,,0,0,NONE,0,,,0,not_triaged,0.0,41110.27066666666,,False,0.0,0.0,0.0,0.0
MID103069,pharmacy,0,legit,none,0,0.007032805265824671,,,,False,0,0.0,0.0,not_called,,0,0,NONE,0,,,0,not_triaged,0.0,132227.50633333335,,False,0.0,0.0,0.0,0.0
MID100562,pharmacy,0,legit,none,0,0.0008482925486252048,,,,False,0,0.0,0.0,not_called,,0,0,NONE,0,,,0,not_triaged,0.0,41528.34200000001,,False,0.0,0.0,0.0,0.0
MID100266,travel_agency,0,legit,none,0,0.0011455675872603995,,,,False,0,0.0,0.0,not_called,,0,0,NONE,0,,,0,not_triaged,0.0,181474.95466666663,,False,0.0,0.0,0.0,0.0
MID103451,travel_agency,0,legit,none,0,0.03987682583909705,,,,False,0,0.0,0.0,not_called,,0,0,NONE,0,,,0,not_triaged,0.0,74227.28300000001,,True,0.0,0.0,0.0,0.0
MID101547,home_furnishing,0,legit,none,0,0.0030282231396524494,,,,False,0,0.0,0.0,not_called,,0,0,NONE,0,,,0,not_triaged,0.0,49692.84533333333,,False,0.0,0.0,0.0,0.0
MID100090,pharmacy,1,licensing_violation,none,0,0.9015266660334514,unregistered_pharmacy,0.9036,homepage,True,0,0.0,0.0,answered,True,3,3,RESTRICT,4,telemetry;storefront,telemetry,2,confidence_threshold_met,2.2,9676.051333333337,telemetry_drift,False,900.0,0.0,0.0,900.0
MID102715,skill_gaming,0,legit,none,0,0.0009644230308175488,,,,False,0,0.0,0.0,not_called,,0,0,NONE,0,,,0,not_triaged,0.0,206432.55,,True,0.0,0.0,0.0,0.0
MID100188,digital_services,0,legit,none,0,0.020331875940005344,,,,False,0,0.0,0.0,not_called,,0,0,NONE,0,,,0,not_triaged,0.0,67423.87733333332,,False,0.0,0.0,0.0,0.0
MID103110,electronics_retail,0,legit,none,0,0.00040064798495913857,,,,False,0,0.0,0.0,not_called,,0,0,NONE,0,,,0,not_triaged,0.0,27949.078333333327,,False,0.0,0.0,0.0,0.0
MID100057,home_furnishing,1,rented_account,none,1,0.4428387953904078,unlicensed_lending,0.99,checkout,False,0,0.0,0.0,no_answer,,1,1,VERIFY,3,storefront,,4,confidence_threshold_met,4.4,33565.28033333333,telemetry_drift,True,900.0,0.0,0.0,900.0
MID102389,travel_agency,0,legit,none,0,0.0009086968240315356,,,,False,0,0.0,0.0,not_called,,0,0,NONE,0,,,0,not_triaged,0.0,161780.792,,True,0.0,0.0,0.0,0.0
MID102054,home_furnishing,0,legit,none,0,0.0010077736605814025,,,,False,0,0.0,0.0,not_called,,0,0,NONE,0,,,0,not_triaged,0.0,116060.229,,False,0.0,0.0,0.0,0.0
MID100880,apparel,0,legit,none,0,0.019595717938068954,,,,False,0,0.0,0.0,not_called,,0,0,NONE,0,,,0,not_triaged,0.0,38902.52233333333,,True,0.0,0.0,0.0,0.0
MID100548,travel_agency,0,legit,none,0,0.0014517102731402302,,,,False,0,0.0,0.0,not_called,,0,0,NONE,0,,,0,not_triaged,0.0,256737.37633333332,,True,0.0,0.0,0.0,0.0
MID103844,apparel,0,legit,price_point_change,0,0.0008463407753674061,,,,False,0,0.0,0.0,not_called,,0,0,NONE,0,,,0,not_triaged,0.0,24026.345666666668,,False,0.0,0.0,0.0,0.0
MID101649,apparel,0,legit,festival_season,0,0.0030751880328947208,,,,False,0,0.0,0.0,not_called,,0,0,NONE,0,,,0,not_triaged,0.0,147282.15366666668,,False,0.0,0.0,0.0,0.0
MID103148,electronics_retail,0,legit,none,0,0.0008722850879142492,,,,False,0,0.0,0.0,not_called,,0,0,NONE,0,,,0,not_triaged,0.0,132050.32966666666,,False,0.0,0.0,0.0,0.0
MID102541,home_furnishing,0,legit,none,0,0.012792134479611039,home_furnishing,0.99,homepage,False,0,0.0,0.0,not_called,,0,0,NONE,0,,,2,evidence_exhausted,2.2,29793.322666666663,external_signal,False,0.0,0.0,0.0,0.0
MID103972,home_furnishing,0,legit,viral_spike,0,0.0040069952826258136,,,,False,0,0.0,0.0,not_called,,0,0,NONE,0,,,0,not_triaged,0.0,80478.26366666667,,False,0.0,0.0,0.0,0.0
MID101292,electronics_retail,0,legit,viral_spike,0,0.0020635329898620893,,,,False,0,0.0,0.0,not_called,,0,0,NONE,0,,,0,not_triaged,0.0,167887.93733333334,,False,0.0,0.0,0.0,0.0
MID100551,pharmacy,0,legit,shared_platform,0,0.014688267724948209,,,,False,0,0.0,0.0,not_called,,0,0,NONE,0,,,0,not_triaged,0.0,27603.727000000003,,True,0.0,0.0,0.0,0.0
MID101396,home_furnishing,0,legit,none,0,0.02083274541654156,,,,False,0,0.0,0.0,not_called,,0,0,NONE,0,,,0,not_triaged,0.0,53210.82333333333,,True,0.0,0.0,0.0,0.0
MID100869,digital_services,0,legit,shared_platform,0,0.0028123269239370276,,,,False,0,0.0,0.0,not_called,,0,0,NONE,0,,,0,not_triaged,0.0,52943.947666666674,,False,0.0,0.0,0.0,0.0
MID103747,apparel,0,legit,shared_platform,0,0.007886243674255135,,,,False,0,0.0,0.0,not_called,,0,0,NONE,0,,,0,not_triaged,0.0,111255.18133333333,,True,0.0,0.0,0.0,0.0
MID100895,apparel,0,legit,price_point_change,0,0.0013313968915474443,,,,False,0,0.0,0.0,not_called,,0,0,NONE,0,,,0,not_triaged,0.0,29707.836,,False,0.0,0.0,0.0,0.0
MID100001,electronics_retail,1,funnel_ring,none,0,0.6293006332235279,crypto_exchange,0.99,checkout,True,7,0.9291,0.764,answered,,3,3,RESTRICT,4,telemetry;storefront;infrastructure,telemetry,4,confidence_threshold_met,4.4,462354.2686666667,telemetry_drift;network_cluster,False,900.0,0.0,0.0,900.0
MID100611,electronics_retail,0,legit,none,0,0.005253267749170983,,,,False,0,0.0,0.0,not_called,,0,0,NONE,0,,,0,not_triaged,0.0,129822.74433333334,,False,0.0,0.0,0.0,0.0
MID101367,home_furnishing,0,legit,none,0,0.0007700755384743312,,,,False,0,0.0,0.0,not_called,,0,0,NONE,0,,,0,not_triaged,0.0,16799.885666666665,,False,0.0,0.0,0.0,0.0
MID100631,apparel,0,legit,none,0,0.0004579862370262845,,,,False,0,0.0,0.0,not_called,,0,0,NONE,0,,,0,not_triaged,0.0,381653.2006666667,,True,0.0,0.0,0.0,0.0
MID101242,electronics_retail,0,legit,none,0,0.002877329045507778,,,,False,0,0.0,0.0,not_called,,0,0,NONE,0,,,0,not_triaged,0.0,119012.17933333336,,True,0.0,0.0,0.0,0.0
MID100507,pharmacy,0,legit,none,0,0.0014552107003597422,,,,False,0,0.0,0.0,not_called,,0,0,NONE,0,,,0,not_triaged,0.0,97566.56433333334,,True,0.0,0.0,0.0,0.0
MID102277,pharmacy,0,legit,shared_platform,0,0.0004045255426054931,,,,False,0,0.0,0.0,not_called,,0,0,NONE,0,,,0,not_triaged,0.0,67172.60933333333,,False,0.0,0.0,0.0,0.0
MID101601,home_furnishing,0,legit,none,0,0.005789126419557508,,,,False,0,0.0,0.0,not_called,,0,0,NONE,0,,,0,not_triaged,0.0,33840.84933333333,,False,0.0,0.0,0.0,0.0
MID103331,electronics_retail,0,legit,none,0,0.002083160373321924,,,,False,0,0.0,0.0,not_called,,0,0,NONE,0,,,0,not_triaged,0.0,216918.722,,False,0.0,0.0,0.0,0.0
MID100803,electronics_retail,0,legit,festival_season,0,0.0024508717903749485,electronics_retail,0.99,homepage,False,0,0.0,0.0,not_called,,0,0,NONE,0,,,2,evidence_exhausted,2.2,191270.832,volume_shape_change,False,0.0,0.0,0.0,0.0
MID102745,digital_services,0,legit,none,0,0.004177589047637371,,,,False,0,0.0,0.0,not_called,,0,0,NONE,0,,,0,not_triaged,0.0,125607.17566666666,,True,0.0,0.0,0.0,0.0
MID100570,apparel,0,legit,none,0,0.00201386879332478,,,,False,0,0.0,0.0,not_called,,0,0,NONE,0,,,0,not_triaged,0.0,65041.70333333334,,True,0.0,0.0,0.0,0.0
MID101259,travel_agency,0,legit,none,0,0.04609200339993388,,,,False,0,0.0,0.0,not_called,,0,0,NONE,0,,,0,not_triaged,0.0,40266.03866666667,,True,0.0,0.0,0.0,0.0
MID100736,electronics_retail,0,legit,viral_spike,0,0.0022428228426709454,,,,False,0,0.0,0.0,not_called,,0,0,NONE,0,,,0,not_triaged,0.0,418690.9203333333,,True,0.0,0.0,0.0,0.0
MID100045,pharmacy,1,licensing_violation,none,0,0.6176299604687587,unregistered_pharmacy,0.9154,homepage,True,0,0.0,0.0,answered,False,2,2,RESTRICT,4,storefront;statement,the merchant's own statement,5,confidence_threshold_met,4.4,108216.635,telemetry_drift,False,900.0,0.0,0.0,900.0
MID100095,pharmacy,1,licensing_violation,none,0,0.0014621405651124735,,,,False,0,0.0,0.0,not_called,,0,0,NONE,0,,,0,not_triaged,0.0,13911.760666666669,,True,0.0,0.0,232963.5,232963.5
MID100056,travel_agency,1,rented_account,none,1,0.8740063570235097,unlicensed_lending,0.9059,checkout,False,0,0.0,0.0,answered,True,3,3,RESTRICT,4,telemetry;storefront;scripts,telemetry,4,confidence_threshold_met,4.4,135267.08,telemetry_drift,False,900.0,0.0,0.0,900.0
MID101212,digital_services,0,legit,shared_platform,0,0.003877152171613251,,,,False,0,0.0,0.0,not_called,,0,0,NONE,0,,,0,not_triaged,0.0,36534.92366666666,,False,0.0,0.0,0.0,0.0
MID101882,home_furnishing,0,legit,none,0,0.0012954626735074577,,,,False,0,0.0,0.0,not_called,,0,0,NONE,0,,,0,not_triaged,0.0,128828.887,,False,0.0,0.0,0.0,0.0
MID100251,skill_gaming,0,legit,none,0,0.005004847996870551,,,,False,0,0.0,0.0,not_called,,0,0,NONE,0,,,0,not_triaged,0.0,88637.389,,False,0.0,0.0,0.0,0.0
MID101790,home_furnishing,0,legit,none,0,0.0017442170886427558,,,,False,0,0.0,0.0,not_called,,0,0,NONE,0,,,0,not_triaged,0.0,13273.112333333333,,False,0.0,0.0,0.0,0.0
MID103278,home_furnishing,0,legit,none,0,0.019246297859962288,home_furnishing,0.9807,homepage,False,6,0.482,0.331,not_called,,1,1,REVIEW,0,,,2,evidence_exhausted,2.2,70581.25333333334,external_signal,False,0.0,0.0,0.0,0.0
MID102220,electronics_retail,0,legit,none,0,0.002524977311813631,,,,False,0,0.0,0.0,not_called,,0,0,NONE,0,,,0,not_triaged,0.0,50475.38033333334,,False,0.0,0.0,0.0,0.0
MID101879,travel_agency,0,legit,none,0,0.0008049687376602236,,,,False,0,0.0,0.0,not_called,,0,0,NONE,0,,,0,not_triaged,0.0,247353.00066666663,,False,0.0,0.0,0.0,0.0
MID102192,electronics_retail,0,legit,none,0,0.0008304456531159515,,,,False,0,0.0,0.0,not_called,,0,0,NONE,0,,,0,not_triaged,0.0,48170.127,,False,0.0,0.0,0.0,0.0
MID102056,apparel,0,legit,viral_spike,0,0.002526085507791356,,,,False,0,0.0,0.0,not_called,,0,0,NONE,0,,,0,not_triaged,0.0,131122.614,,True,0.0,0.0,0.0,0.0
MID103557,home_furnishing,0,legit,festival_season,0,0.017050471253351664,,,,False,0,0.0,0.0,not_called,,0,0,NONE,0,,,0,not_triaged,0.0,147784.8076666667,,False,0.0,0.0,0.0,0.0
MID100371,apparel,0,legit,none,0,0.0009894796337038385,,,,False,0,0.0,0.0,not_called,,0,0,NONE,0,,,0,not_triaged,0.0,60953.66433333333,,False,0.0,0.0,0.0,0.0
MID103366,apparel,0,legit,none,0,0.004660800742214188,,,,False,0,0.0,0.0,not_called,,0,0,NONE,0,,,0,not_triaged,0.0,11584.403333333332,,False,0.0,0.0,0.0,0.0
MID101255,subscription_box,0,legit,shared_platform,0,0.0025158579179301727,,,,False,0,0.0,0.0,not_called,,0,0,NONE,0,,,0,not_triaged,0.0,82363.30233333334,,True,0.0,0.0,0.0,0.0
MID103434,electronics_retail,0,legit,festival_season,0,0.05652338722102445,,,,False,0,0.0,0.0,not_called,,0,0,NONE,0,,,0,not_triaged,0.0,446800.7306666666,,False,0.0,0.0,0.0,0.0
MID100442,travel_agency,0,legit,none,0,0.017590532988645803,,,,False,0,0.0,0.0,not_called,,0,0,NONE,0,,,0,not_triaged,0.0,165885.39533333332,,False,0.0,0.0,0.0,0.0
MID103897,apparel,0,legit,none,0,0.0013502906575822064,,,,False,0,0.0,0.0,not_called,,0,0,NONE,0,,,0,not_triaged,0.0,147778.57066666667,,False,0.0,0.0,0.0,0.0
MID103810,apparel,0,legit,none,0,0.0011346614592981836,,,,False,0,0.0,0.0,not_called,,0,0,NONE,0,,,0,not_triaged,0.0,66861.82466666665,,False,0.0,0.0,0.0,0.0
MID101482,subscription_box,0,legit,shared_platform,0,0.0031023684885505233,,,,False,0,0.0,0.0,not_called,,0,0,NONE,0,,,0,not_triaged,0.0,74778.78466666667,,True,0.0,0.0,0.0,0.0
MID101092,apparel,0,legit,festival_season,0,0.008924750971921224,,,,False,0,0.0,0.0,not_called,,0,0,NONE,0,,,0,not_triaged,0.0,269957.663,,True,0.0,0.0,0.0,0.0
MID102401,apparel,0,legit,none,0,0.0026256453550623326,,,,False,0,0.0,0.0,not_called,,0,0,NONE,0,,,0,not_triaged,0.0,26097.996333333333,,False,0.0,0.0,0.0,0.0
MID103158,digital_services,0,legit,none,0,0.002761448892280004,,,,False,0,0.0,0.0,not_called,,0,0,NONE,0,,,0,not_triaged,0.0,142755.1366666667,,True,0.0,0.0,0.0,0.0
MID100397,home_furnishing,0,legit,none,0,0.0027606255425126594,,,,False,0,0.0,0.0,not_called,,0,0,NONE,0,,,0,not_triaged,0.0,30706.933,,False,0.0,0.0,0.0,0.0
MID100715,skill_gaming,0,legit,none,0,0.00698541033271602,,,,False,0,0.0,0.0,not_called,,0,0,NONE,0,,,0,not_triaged,0.0,59404.996333333336,,False,0.0,0.0,0.0,0.0
MID101044,home_furnishing,0,legit,none,0,0.007552966324947247,,,,False,0,0.0,0.0,not_called,,0,0,NONE,0,,,0,not_triaged,0.0,45877.78300000001,,False,0.0,0.0,0.0,0.0
MID100486,travel_agency,0,legit,none,0,0.0017100003066765482,,,,False,0,0.0,0.0,not_called,,0,0,NONE,0,,,0,not_triaged,0.0,183052.95433333333,,True,0.0,0.0,0.0,0.0
MID101537,home_furnishing,0,legit,none,0,0.0010047590147559979,home_furnishing,0.99,homepage,False,0,0.0,0.0,not_called,,0,0,NONE,0,,,2,evidence_exhausted,2.2,180763.1513333333,high_volume_rotation,False,0.0,0.0,0.0,0.0
MID103808,home_furnishing,0,legit,none,0,0.0023851221402219226,,,,False,0,0.0,0.0,not_called,,0,0,NONE,0,,,0,not_triaged,0.0,42005.42633333334,,True,0.0,0.0,0.0,0.0
MID102261,electronics_retail,0,legit,none,0,0.0008342372431437559,,,,False,0,0.0,0.0,not_called,,0,0,NONE,0,,,0,not_triaged,0.0,92168.77566666668,,True,0.0,0.0,0.0,0.0
MID103160,subscription_box,0,legit,none,0,0.0009788915301202437,,,,False,0,0.0,0.0,not_called,,0,0,NONE,0,,,0,not_triaged,0.0,90069.67966666665,,False,0.0,0.0,0.0,0.0
MID103238,skill_gaming,0,legit,none,0,0.0012820182951662111,,,,False,0,0.0,0.0,not_called,,0,0,NONE,0,,,0,not_triaged,0.0,439259.799,,False,0.0,0.0,0.0,0.0
MID102872,apparel,0,legit,shared_platform,0,0.0010218103230454322,,,,False,0,0.0,0.0,not_called,,0,0,NONE,0,,,0,not_triaged,0.0,145963.578,,False,0.0,0.0,0.0,0.0
MID102370,travel_agency,0,legit,none,0,0.0011731662187883796,,,,False,0,0.0,0.0,not_called,,0,0,NONE,0,,,0,not_triaged,0.0,110469.79033333334,,False,0.0,0.0,0.0,0.0
MID102678,skill_gaming,0,legit,none,0,0.015324656500951253,,,,False,0,0.0,0.0,not_called,,0,0,NONE,0,,,0,not_triaged,0.0,156945.55833333332,,True,0.0,0.0,0.0,0.0
MID100132,travel_agency,1,rented_account,none,1,0.9738694657025732,unknown,0.1667,checkout,False,0,0.0,0.0,not_called,,1,1,REVIEW,2,telemetry;scripts,,4,confidence_threshold_met,4.4,57961.836,telemetry_drift,True,900.0,0.0,0.0,900.0
MID101030,skill_gaming,0,legit,none,0,0.0011561852761686154,,,,False,0,0.0,0.0,not_called,,0,0,NONE,0,,,0,not_triaged,0.0,240578.747,,False,0.0,0.0,0.0,0.0
MID102442,home_furnishing,0,legit,none,0,0.0017798920143563418,,,,False,0,0.0,0.0,not_called,,0,0,NONE,0,,,0,not_triaged,0.0,13247.668333333337,,False,0.0,0.0,0.0,0.0
MID101389,electronics_retail,0,legit,none,0,0.0014102090351083992,,,,False,0,0.0,0.0,not_called,,0,0,NONE,0,,,0,not_triaged,0.0,180217.84166666667,,False,0.0,0.0,0.0,0.0
MID100650,subscription_box,0,legit,price_point_change,0,0.020154279424607856,,,,False,0,0.0,0.0,not_called,,0,0,NONE,0,,,0,not_triaged,0.0,44375.99399999999,,False,0.0,0.0,0.0,0.0
MID102582,pharmacy,0,legit,none,0,0.0005366096735805228,,,,False,0,0.0,0.0,not_called,,0,0,NONE,0,,,0,not_triaged,0.0,55660.13433333333,,False,0.0,0.0,0.0,0.0
MID102444,home_furnishing,0,legit,none,0,0.004588939497421714,,,,False,0,0.0,0.0,not_called,,0,0,NONE,0,,,0,not_triaged,0.0,40775.920666666665,,False,0.0,0.0,0.0,0.0
MID102623,subscription_box,0,legit,none,0,0.003554797397079712,,,,False,0,0.0,0.0,not_called,,0,0,NONE,0,,,0,not_triaged,0.0,93071.88833333337,,False,0.0,0.0,0.0,0.0
MID101521,skill_gaming,0,legit,none,0,0.0008431307232384172,,,,False,0,0.0,0.0,not_called,,0,0,NONE,0,,,0,not_triaged,0.0,116454.513,,True,0.0,0.0,0.0,0.0
MID102660,apparel,0,legit,none,0,0.0012848869037466572,,,,False,0,0.0,0.0,not_called,,0,0,NONE,0,,,0,not_triaged,0.0,45211.455,,True,0.0,0.0,0.0,0.0
MID103610,home_furnishing,0,legit,none,0,0.0017856012357339846,,,,False,9,0.4795,0.366,not_called,,1,1,REVIEW,0,,,0,not_triaged,0.0,28410.74333333333,,False,0.0,0.0,0.0,0.0
MID100707,subscription_box,0,legit,none,0,0.002249015387890492,,,,False,0,0.0,0.0,not_called,,0,0,NONE,0,,,0,not_triaged,0.0,101567.64333333333,,False,0.0,0.0,0.0,0.0
MID100240,home_furnishing,0,legit,viral_spike,0,0.003223371162968456,,,,False,0,0.0,0.0,not_called,,0,0,NONE,0,,,0,not_triaged,0.0,65261.05566666667,,True,0.0,0.0,0.0,0.0
MID100534,subscription_box,0,legit,shared_platform,0,0.0029715551533175816,,,,False,0,0.0,0.0,not_called,,0,0,NONE,0,,,0,not_triaged,0.0,41491.18,,False,0.0,0.0,0.0,0.0
MID103445,skill_gaming,0,legit,none,0,0.000795582653358001,,,,False,0,0.0,0.0,not_called,,0,0,NONE,0,,,0,not_triaged,0.0,131797.34699999998,,False,0.0,0.0,0.0,0.0
MID101146,subscription_box,0,legit,none,0,0.001502740396091442,,,,False,0,0.0,0.0,not_called,,0,0,NONE,0,,,0,not_triaged,0.0,119326.51866666669,,False,0.0,0.0,0.0,0.0
MID102122,skill_gaming,0,legit,none,0,0.0007969634142019134,skill_gaming,0.99,homepage,False,0,0.0,0.0,not_called,,0,0,NONE,0,,,2,evidence_exhausted,2.2,305222.2993333333,high_volume_rotation,True,0.0,0.0,0.0,0.0
MID100260,electronics_retail,0,legit,viral_spike,0,0.0018687379718558153,,,,False,0,0.0,0.0,not_called,,0,0,NONE,0,,,0,not_triaged,0.0,205675.13333333333,,False,0.0,0.0,0.0,0.0
MID101805,travel_agency,0,legit,none,0,0.005178314426015594,,,,False,0,0.0,0.0,not_called,,0,0,NONE,0,,,0,not_triaged,0.0,409564.8866666667,,True,0.0,0.0,0.0,0.0
MID100322,apparel,0,legit,none,0,0.0007791166254683126,,,,False,0,0.0,0.0,not_called,,0,0,NONE,0,,,0,not_triaged,0.0,299200.31266666664,,False,0.0,0.0,0.0,0.0
MID100810,apparel,0,legit,none,0,0.00258540433547112,,,,False,0,0.0,0.0,not_called,,0,0,NONE,0,,,0,not_triaged,0.0,67474.74933333333,,True,0.0,0.0,0.0,0.0
MID103508,home_furnishing,0,legit,none,0,0.010443729193896786,,,,False,0,0.0,0.0,not_called,,0,0,NONE,0,,,0,not_triaged,0.0,21979.26,,False,0.0,0.0,0.0,0.0
MID100509,digital_services,0,legit,shared_platform,0,0.009118408851196266,,,,False,0,0.0,0.0,not_called,,0,0,NONE,0,,,0,not_triaged,0.0,187452.327,,False,0.0,0.0,0.0,0.0
MID102774,pharmacy,0,legit,shared_platform,0,0.008145846447137471,pharmacy,0.99,homepage,False,0,0.0,0.0,not_called,,0,0,NONE,0,,,2,evidence_exhausted,2.2,67553.71033333334,external_signal,True,0.0,0.0,0.0,0.0
MID100756,digital_services,0,legit,price_point_change,0,0.0006542037634264227,,,,False,0,0.0,0.0,not_called,,0,0,NONE,0,,,0,not_triaged,0.0,20283.202666666668,,False,0.0,0.0,0.0,0.0
MID102041,pharmacy,0,legit,none,0,0.03578155580741144,,,,False,0,0.0,0.0,not_called,,0,0,NONE,0,,,0,not_triaged,0.0,31909.266333333333,,True,0.0,0.0,0.0,0.0
MID102105,electronics_retail,0,legit,none,0,0.001658570039398188,,,,False,0,0.0,0.0,not_called,,0,0,NONE,0,,,0,not_triaged,0.0,51896.47133333333,,False,0.0,0.0,0.0,0.0
MID102962,travel_agency,0,legit,none,0,0.0007379305888824517,,,,False,0,0.0,0.0,not_called,,0,0,NONE,0,,,0,not_triaged,0.0,353629.5016666667,,True,0.0,0.0,0.0,0.0
MID101125,home_furnishing,0,legit,festival_season,0,0.04503035702346234,,,,False,0,0.0,0.0,not_called,,0,0,NONE,0,,,0,not_triaged,0.0,76695.69366666667,,False,0.0,0.0,0.0,0.0
MID101182,electronics_retail,0,legit,none,0,0.0008790024208384465,,,,False,0,0.0,0.0,not_called,,0,0,NONE,0,,,0,not_triaged,0.0,160875.49933333334,,False,0.0,0.0,0.0,0.0
MID100808,apparel,0,legit,none,0,0.0021558604677627898,,,,False,0,0.0,0.0,not_called,,0,0,NONE,0,,,0,not_triaged,0.0,83264.90899999999,,False,0.0,0.0,0.0,0.0
MID103041,apparel,0,legit,festival_season,0,0.02484946935957563,,,,False,0,0.0,0.0,not_called,,0,0,NONE,0,,,0,not_triaged,0.0,277475.321,,False,0.0,0.0,0.0,0.0
MID101782,apparel,0,legit,festival_season,0,0.02422547859448526,apparel,0.9574,homepage,False,0,0.0,0.0,not_called,,0,0,NONE,0,,,2,evidence_exhausted,2.2,247933.03466666664,high_volume_rotation,False,0.0,0.0,0.0,0.0
MID102604,travel_agency,0,legit,festival_season,0,0.015142698968528791,,,,False,0,0.0,0.0,not_called,,0,0,NONE,0,,,0,not_triaged,0.0,54660.459,,True,0.0,0.0,0.0,0.0
MID103475,subscription_box,0,legit,none,0,0.0017637048028032634,,,,False,0,0.0,0.0,not_called,,0,0,NONE,0,,,0,not_triaged,0.0,56487.425333333325,,True,0.0,0.0,0.0,0.0
MID103655,apparel,0,legit,none,0,0.008890107098149642,,,,False,0,0.0,0.0,not_called,,0,0,NONE,0,,,0,not_triaged,0.0,92752.32633333332,,False,0.0,0.0,0.0,0.0
MID103818,electronics_retail,0,legit,none,0,0.001714425780246667,,,,False,0,0.0,0.0,not_called,,0,0,NONE,0,,,0,not_triaged,0.0,133070.42733333335,,False,0.0,0.0,0.0,0.0
MID100062,home_furnishing,1,rented_account,none,1,0.9976216396601922,unlicensed_lending,0.9674,checkout,False,0,0.0,0.0,no_answer,,2,2,RESTRICT,4,telemetry;storefront;scripts,telemetry,4,confidence_threshold_met,4.4,19876.396666666667,telemetry_drift,False,900.0,0.0,0.0,900.0
MID103120,travel_agency,0,legit,none,0,0.002330343305585615,,,,False,0,0.0,0.0,not_called,,0,0,NONE,0,,,0,not_triaged,0.0,175655.43800000002,,True,0.0,0.0,0.0,0.0
MID102987,digital_services,0,legit,shared_platform,0,0.0011661384172963478,,,,False,0,0.0,0.0,not_called,,0,0,NONE,0,,,0,not_triaged,0.0,12326.708,,True,0.0,0.0,0.0,0.0
MID102341,home_furnishing,0,legit,none,0,0.004325589243935161,,,,False,0,0.0,0.0,not_called,,0,0,NONE,0,,,0,not_triaged,0.0,63328.91466666666,,False,0.0,0.0,0.0,0.0
MID100679,apparel,0,legit,price_point_change,0,0.001874135140569883,,,,False,0,0.0,0.0,not_called,,0,0,NONE,0,,,0,not_triaged,0.0,14070.745333333332,,False,0.0,0.0,0.0,0.0
MID102815,apparel,0,legit,price_point_change,0,0.0008287242613468574,,,,False,0,0.0,0.0,not_called,,0,0,NONE,0,,,0,not_triaged,0.0,10303.957666666663,,False,0.0,0.0,0.0,0.0
MID101150,home_furnishing,0,legit,none,0,0.0015690655210950206,,,,False,0,0.0,0.0,not_called,,0,0,NONE,0,,,0,not_triaged,0.0,110356.34466666666,,True,0.0,0.0,0.0,0.0
MID101686,electronics_retail,0,legit,festival_season,0,0.0022575050010253473,,,,False,0,0.0,0.0,not_called,,0,0,NONE,0,,,0,not_triaged,0.0,324781.93,,False,0.0,0.0,0.0,0.0
MID102909,subscription_box,0,legit,shared_platform,0,0.008486250355346916,,,,False,0,0.0,0.0,not_called,,0,0,NONE,0,,,0,not_triaged,0.0,61776.298,,False,0.0,0.0,0.0,0.0
MID100123,pharmacy,1,licensing_violation,none,0,0.7943699536625746,unregistered_pharmacy,0.9522,homepage,True,0,0.0,0.0,answered,True,3,3,RESTRICT,4,telemetry;storefront,telemetry,4,confidence_threshold_met,2.2,23217.99733333333,telemetry_drift,False,900.0,0.0,0.0,900.0
MID102428,skill_gaming,0,legit,none,0,0.006939009735904245,,,,False,0,0.0,0.0,not_called,,0,0,NONE,0,,,0,not_triaged,0.0,164003.34799999997,,False,0.0,0.0,0.0,0.0
MID100919,apparel,0,legit,viral_spike,0,0.0009465593939455917,apparel,0.9627,homepage,False,0,0.0,0.0,not_called,,0,0,NONE,0,,,2,evidence_exhausted,2.2,71984.62633333333,external_signal,False,0.0,0.0,0.0,0.0
MID100028,electronics_retail,1,funnel_ring,none,0,0.8767380159182927,crypto_exchange,0.99,checkout,False,7,0.9218,0.739,answered,False,4,4,RESTRICT,4,telemetry;storefront;infrastructure;statement,the merchant's own statement,4,confidence_threshold_met,4.4,130968.49066666666,telemetry_drift;network_cluster,False,900.0,0.0,0.0,900.0
MID100902,electronics_retail,0,legit,none,0,0.0020765752736378804,,,,False,0,0.0,0.0,not_called,,0,0,NONE,0,,,0,not_triaged,0.0,225609.6843333333,,False,0.0,0.0,0.0,0.0
MID102893,home_furnishing,0,legit,none,0,0.008423751336128693,,,,False,0,0.0,0.0,not_called,,0,0,NONE,0,,,0,not_triaged,0.0,64896.55666666666,,False,0.0,0.0,0.0,0.0
MID102934,pharmacy,0,legit,none,0,0.0012283099076117229,,,,False,0,0.0,0.0,not_called,,0,0,NONE,0,,,0,not_triaged,0.0,13620.868666666667,,False,0.0,0.0,0.0,0.0
MID102204,apparel,0,legit,none,0,0.008304760524347993,,,,False,0,0.0,0.0,not_called,,0,0,NONE,0,,,0,not_triaged,0.0,75640.92133333332,,False,0.0,0.0,0.0,0.0
MID101364,apparel,0,legit,none,0,0.00110309897931778,,,,False,0,0.0,0.0,not_called,,0,0,NONE,0,,,0,not_triaged,0.0,51587.64733333333,,False,0.0,0.0,0.0,0.0
MID101775,electronics_retail,0,legit,none,0,0.0009350926211158163,electronics_retail,0.99,homepage,False,0,0.0,0.0,not_called,,0,0,NONE,0,,,2,evidence_exhausted,2.2,407931.9006666666,high_volume_rotation,True,0.0,0.0,0.0,0.0
MID101437,apparel,0,legit,none,0,0.0018641440401775825,,,,False,0,0.0,0.0,not_called,,0,0,NONE,0,,,0,not_triaged,0.0,83711.37033333333,,True,0.0,0.0,0.0,0.0
MID102011,home_furnishing,0,legit,none,0,0.004211559389297103,,,,False,0,0.0,0.0,not_called,,0,0,NONE,0,,,0,not_triaged,0.0,24536.24366666667,,False,0.0,0.0,0.0,0.0
MID102097,home_furnishing,0,legit,none,0,0.005116377426546616,,,,False,6,0.482,0.331,not_called,,1,1,REVIEW,0,,,0,not_triaged,0.0,27381.58,,True,0.0,0.0,0.0,0.0
MID100964,pharmacy,0,legit,none,0,0.0007587945793977766,,,,False,0,0.0,0.0,not_called,,0,0,NONE,0,,,0,not_triaged,0.0,36503.44633333334,,False,0.0,0.0,0.0,0.0
MID101376,electronics_retail,0,legit,festival_season,0,0.009149677896977243,,,,False,0,0.0,0.0,not_called,,0,0,NONE,0,,,0,not_triaged,0.0,229400.74366666668,,False,0.0,0.0,0.0,0.0
MID100770,home_furnishing,0,legit,none,0,0.0014902981160510216,,,,False,0,0.0,0.0,not_called,,0,0,NONE,0,,,0,not_triaged,0.0,23884.871333333333,,False,0.0,0.0,0.0,0.0
MID101029,home_furnishing,0,legit,festival_season,0,0.01291274392939703,,,,False,0,0.0,0.0,not_called,,0,0,NONE,0,,,0,not_triaged,0.0,136767.93433333334,,False,0.0,0.0,0.0,0.0
MID102960,home_furnishing,0,legit,none,0,0.0011055880526874857,,,,False,0,0.0,0.0,not_called,,0,0,NONE,0,,,0,not_triaged,0.0,39591.44866666666,,False,0.0,0.0,0.0,0.0
MID101302,digital_services,0,legit,none,0,0.007286865487155222,,,,False,0,0.0,0.0,not_called,,0,0,NONE,0,,,0,not_triaged,0.0,37520.88633333333,,False,0.0,0.0,0.0,0.0
MID102473,apparel,0,legit,shared_platform,0,0.0013878546739122674,,,,False,0,0.0,0.0,not_called,,0,0,NONE,0,,,0,not_triaged,0.0,70364.39033333333,,False,0.0,0.0,0.0,0.0
MID102231,home_furnishing,0,legit,festival_season,0,0.008464326725860642,,,,False,0,0.0,0.0,not_called,,0,0,NONE,0,,,0,not_triaged,0.0,43645.27266666667,,False,0.0,0.0,0.0,0.0
MID102030,digital_services,0,legit,shared_platform,0,0.0013030143300429744,,,,False,0,0.0,0.0,not_called,,0,0,NONE,0,,,0,not_triaged,0.0,101275.00433333332,,True,0.0,0.0,0.0,0.0
MID103785,home_furnishing,0,legit,none,0,0.013896961137965963,,,,False,0,0.0,0.0,not_called,,0,0,NONE,0,,,0,not_triaged,0.0,113583.746,,False,0.0,0.0,0.0,0.0
MID103599,skill_gaming,0,legit,none,0,0.0015825460536509418,,,,False,0,0.0,0.0,not_called,,0,0,NONE,0,,,0,not_triaged,0.0,181969.4,,False,0.0,0.0,0.0,0.0
MID102643,skill_gaming,0,legit,none,0,0.004968657699384448,,,,False,0,0.0,0.0,not_called,,0,0,NONE,0,,,0,not_triaged,0.0,64861.65033333333,,False,0.0,0.0,0.0,0.0
MID100075,pharmacy,1,licensing_violation,none,0,0.7639042188840467,unregistered_pharmacy,0.9865,homepage,False,0,0.0,0.0,answered,True,3,3,RESTRICT,4,telemetry;storefront,telemetry,4,evidence_exhausted,2.2,92980.07600000002,telemetry_drift,False,900.0,0.0,0.0,900.0
MID100308,travel_agency,0,legit,festival_season,0,0.008935016695004945,,,,False,0,0.0,0.0,not_called,,0,0,NONE,0,,,0,not_triaged,0.0,403278.424,,False,0.0,0.0,0.0,0.0
MID102912,travel_agency,0,legit,none,0,0.0009640395680945696,,,,False,0,0.0,0.0,not_called,,0,0,NONE,0,,,0,not_triaged,0.0,83680.56700000001,,False,0.0,0.0,0.0,0.0
MID101555,electronics_retail,0,legit,none,0,0.0007759756790465474,,,,False,0,0.0,0.0,not_called,,0,0,NONE,0,,,0,not_triaged,0.0,138103.295,,False,0.0,0.0,0.0,0.0
MID100205,apparel,0,legit,none,0,0.0012287192803407618,,,,False,0,0.0,0.0,not_called,,0,0,NONE,0,,,0,not_triaged,0.0,52520.46966666667,,True,0.0,0.0,0.0,0.0
MID100283,home_furnishing,0,legit,viral_spike,0,0.002262428527336084,,,,False,0,0.0,0.0,not_called,,0,0,NONE,0,,,0,not_triaged,0.0,33215.793,,False,0.0,0.0,0.0,0.0
MID103607,travel_agency,0,legit,none,0,0.0021366415821315113,,,,False,0,0.0,0.0,not_called,,0,0,NONE,0,,,0,not_triaged,0.0,360651.0543333333,,False,0.0,0.0,0.0,0.0
MID100511,home_furnishing,0,legit,viral_spike,0,0.0009484074292972444,,,,False,0,0.0,0.0,not_called,,0,0,NONE,0,,,0,not_triaged,0.0,62155.06066666667,,False,0.0,0.0,0.0,0.0
MID102330,apparel,0,legit,none,0,0.001580923120260125,,,,False,0,0.0,0.0,not_called,,0,0,NONE,0,,,0,not_triaged,0.0,48181.304,,False,0.0,0.0,0.0,0.0
MID101632,subscription_box,0,legit,none,0,0.0009564996415228494,,,,False,0,0.0,0.0,not_called,,0,0,NONE,0,,,0,not_triaged,0.0,74471.66500000001,,True,0.0,0.0,0.0,0.0
MID102400,apparel,0,legit,shared_platform,0,0.0037243634003687395,,,,False,0,0.0,0.0,not_called,,0,0,NONE,0,,,0,not_triaged,0.0,56059.09833333334,,False,0.0,0.0,0.0,0.0
MID101891,electronics_retail,0,legit,festival_season,0,0.0035284123178660975,,,,False,0,0.0,0.0,not_called,,0,0,NONE,0,,,0,not_triaged,0.0,192803.549,,False,0.0,0.0,0.0,0.0
MID102796,pharmacy,0,legit,none,0,0.0038196372452156727,,,,False,0,0.0,0.0,not_called,,0,0,NONE,0,,,0,not_triaged,0.0,23336.509,,True,0.0,0.0,0.0,0.0
MID103670,electronics_retail,0,legit,none,0,0.0018750250031483824,,,,False,0,0.0,0.0,not_called,,0,0,NONE,0,,,0,not_triaged,0.0,142581.87033333335,,False,0.0,0.0,0.0,0.0
MID103681,electronics_retail,0,legit,none,0,0.0018490927266302936,,,,False,0,0.0,0.0,not_called,,0,0,NONE,0,,,0,not_triaged,0.0,55210.65233333333,,False,0.0,0.0,0.0,0.0
MID103059,apparel,0,legit,shared_platform,0,0.009409781205645078,,,,False,0,0.0,0.0,not_called,,0,0,NONE,0,,,0,not_triaged,0.0,312891.75233333337,,False,0.0,0.0,0.0,0.0
MID102481,apparel,0,legit,none,0,0.0009283867593518138,,,,False,0,0.0,0.0,not_called,,0,0,NONE,0,,,0,not_triaged,0.0,27518.357,,False,0.0,0.0,0.0,0.0
MID102995,electronics_retail,0,legit,viral_spike,0,0.002407534493518302,,,,False,0,0.0,0.0,not_called,,0,0,NONE,0,,,0,not_triaged,0.0,486976.891,,True,0.0,0.0,0.0,0.0
MID101929,electronics_retail,0,legit,none,0,0.0024264919130144677,,,,False,0,0.0,0.0,not_called,,0,0,NONE,0,,,0,not_triaged,0.0,214879.71066666665,,False,0.0,0.0,0.0,0.0
MID103737,electronics_retail,0,legit,festival_season,0,0.004879633803009812,electronics_retail,0.99,homepage,False,0,0.0,0.0,not_called,,0,0,NONE,0,,,2,evidence_exhausted,2.2,304173.9703333333,high_volume_rotation,True,0.0,0.0,0.0,0.0
MID100263,travel_agency,0,legit,none,0,0.0017414890830689952,,,,False,0,0.0,0.0,not_called,,0,0,NONE,0,,,0,not_triaged,0.0,166236.05800000002,,False,0.0,0.0,0.0,0.0
MID100523,travel_agency,0,legit,none,0,0.001567095517452157,,,,False,0,0.0,0.0,not_called,,0,0,NONE,0,,,0,not_triaged,0.0,61070.070666666674,,True,0.0,0.0,0.0,0.0
MID101104,digital_services,0,legit,none,0,0.0012556278456315399,,,,False,0,0.0,0.0,not_called,,0,0,NONE,0,,,0,not_triaged,0.0,20096.517333333333,,False,0.0,0.0,0.0,0.0
MID102281,apparel,0,legit,viral_spike,0,0.0025782507502494765,,,,False,0,0.0,0.0,not_called,,0,0,NONE,0,,,0,not_triaged,0.0,187378.46966666667,,True,0.0,0.0,0.0,0.0
MID103793,electronics_retail,0,legit,none,0,0.0009109521236150283,,,,False,0,0.0,0.0,not_called,,0,0,NONE,0,,,0,not_triaged,0.0,118408.42699999998,,False,0.0,0.0,0.0,0.0
MID103257,apparel,0,legit,none,0,0.004873555432374503,,,,False,0,0.0,0.0,not_called,,0,0,NONE,0,,,0,not_triaged,0.0,62183.90266666667,,False,0.0,0.0,0.0,0.0
MID103523,apparel,0,legit,festival_season,0,0.014327372761953039,apparel,0.99,homepage,False,0,0.0,0.0,not_called,,0,0,NONE,0,,,2,evidence_exhausted,2.2,163300.98366666667,external_signal,False,0.0,0.0,0.0,0.0
MID102070,pharmacy,0,legit,none,0,0.0009432460381121543,,,,False,0,0.0,0.0,not_called,,0,0,NONE,0,,,0,not_triaged,0.0,82083.91766666666,,False,0.0,0.0,0.0,0.0
MID100102,apparel,1,pivot_prohibited,none,1,0.999824945852146,sports_betting,0.9222,homepage,False,0,0.0,0.0,answered,True,3,3,RESTRICT,4,telemetry;storefront,telemetry,2,confidence_threshold_met,2.2,72848.45033333333,telemetry_drift,False,900.0,0.0,0.0,900.0
MID103343,home_furnishing,0,legit,none,0,0.0009815085103898151,,,,False,0,0.0,0.0,not_called,,0,0,NONE,0,,,0,not_triaged,0.0,58133.280333333336,,False,0.0,0.0,0.0,0.0
MID101106,home_furnishing,0,legit,none,0,0.0007324962954866767,,,,False,0,0.0,0.0,not_called,,0,0,NONE,0,,,0,not_triaged,0.0,15887.091666666667,,False,0.0,0.0,0.0,0.0
MID102635,home_furnishing,0,legit,viral_spike,0,0.0006804439468229056,,,,False,0,0.0,0.0,not_called,,0,0,NONE,0,,,0,not_triaged,0.0,83442.141,,False,0.0,0.0,0.0,0.0
MID102727,pharmacy,0,legit,none,0,0.0013119032235808412,,,,False,7,0.4052,0.091,not_called,,0,0,NONE,0,,,0,not_triaged,0.0,66176.84266666666,,False,0.0,0.0,0.0,0.0
MID102196,electronics_retail,0,legit,none,0,0.0014039586622304537,,,,False,0,0.0,0.0,not_called,,0,0,NONE,0,,,0,not_triaged,0.0,202336.403,,True,0.0,0.0,0.0,0.0
MID102712,subscription_box,0,legit,none,0,0.0008498664246058962,,,,False,0,0.0,0.0,not_called,,0,0,NONE,0,,,0,not_triaged,0.0,36902.473,,False,0.0,0.0,0.0,0.0
MID100383,pharmacy,0,legit,none,0,0.002220142899026635,,,,False,0,0.0,0.0,not_called,,0,0,NONE,0,,,0,not_triaged,0.0,34613.02733333334,,False,0.0,0.0,0.0,0.0
MID100423,electronics_retail,0,legit,none,0,0.000876299833353531,electronics_retail,0.99,homepage,False,0,0.0,0.0,not_called,,0,0,NONE,0,,,2,evidence_exhausted,2.2,215016.74733333333,high_volume_rotation,False,0.0,0.0,0.0,0.0
MID101518,skill_gaming,0,legit,none,0,0.0014985341948801113,,,,False,0,0.0,0.0,not_called,,0,0,NONE,0,,,0,not_triaged,0.0,172039.08199999997,,False,0.0,0.0,0.0,0.0
MID100362,travel_agency,0,legit,festival_season,0,0.0015033661983950956,,,,False,0,0.0,0.0,not_called,,0,0,NONE,0,,,0,not_triaged,0.0,84489.81666666667,,True,0.0,0.0,0.0,0.0
MID100274,digital_services,0,legit,price_point_change,0,0.0016158224264487357,,,,False,0,0.0,0.0,not_called,,0,0,NONE,0,,,0,not_triaged,0.0,4159.676666666667,,False,0.0,0.0,0.0,0.0
MID103461,apparel,0,legit,none,0,0.1491487799298696,,,,False,0,0.0,0.0,not_called,,0,0,NONE,0,,,0,not_triaged,0.0,20859.004,,True,0.0,0.0,0.0,0.0
MID101323,travel_agency,0,legit,festival_season,0,0.008082996795137654,,,,False,0,0.0,0.0,not_called,,0,0,NONE,0,,,0,not_triaged,0.0,411712.073,,False,0.0,0.0,0.0,0.0
MID100223,pharmacy,0,legit,none,0,0.0017540100110820934,,,,False,0,0.0,0.0,not_called,,0,0,NONE,0,,,0,not_triaged,0.0,76163.28133333333,,False,0.0,0.0,0.0,0.0
MID103420,electronics_retail,0,legit,none,0,0.002452852201408049,,,,False,0,0.0,0.0,not_called,,0,0,NONE,0,,,0,not_triaged,0.0,200961.6846666667,,True,0.0,0.0,0.0,0.0
MID100122,home_furnishing,1,pivot_prohibited,none,1,0.7943681005150443,unknown,0.3173,homepage,False,0,0.0,0.0,not_called,,1,1,REVIEW,2,telemetry,,2,confidence_threshold_met,2.2,20360.361666666668,telemetry_drift,False,900.0,0.0,0.0,900.0
MID103421,skill_gaming,0,legit,none,0,0.0010532554018369558,,,,False,0,0.0,0.0,not_called,,0,0,NONE,0,,,0,not_triaged,0.0,243340.493,,True,0.0,0.0,0.0,0.0
MID103803,home_furnishing,0,legit,none,0,0.0018643386234675399,,,,False,0,0.0,0.0,not_called,,0,0,NONE,0,,,0,not_triaged,0.0,46913.73666666667,,False,0.0,0.0,0.0,0.0
MID103013,electronics_retail,0,legit,none,0,0.0009266016612276361,,,,False,0,0.0,0.0,not_called,,0,0,NONE,0,,,0,not_triaged,0.0,82722.27333333335,,False,0.0,0.0,0.0,0.0
MID100359,skill_gaming,0,legit,none,0,0.009622169432803971,skill_gaming,0.99,homepage,False,0,0.0,0.0,not_called,,0,0,NONE,0,,,2,evidence_exhausted,2.2,71552.29100000001,high_volume_rotation,True,0.0,0.0,0.0,0.0
MID100772,subscription_box,0,legit,price_point_change,0,0.005812992987460141,,,,False,0,0.0,0.0,not_called,,0,0,NONE,0,,,0,not_triaged,0.0,22873.135666666665,,False,0.0,0.0,0.0,0.0
MID101531,travel_agency,0,legit,none,0,0.007308433004157624,,,,False,0,0.0,0.0,not_called,,0,0,NONE,0,,,0,not_triaged,0.0,138572.02733333333,,True,0.0,0.0,0.0,0.0
MID102086,skill_gaming,0,legit,none,0,0.0014453488757321278,,,,False,0,0.0,0.0,not_called,,0,0,NONE,0,,,0,not_triaged,0.0,63508.82766666667,,False,0.0,0.0,0.0,0.0
MID102436,digital_services,0,legit,shared_platform,0,0.017059758216493217,,,,False,0,0.0,0.0,not_called,,0,0,NONE,0,,,0,not_triaged,0.0,31873.611666666668,,False,0.0,0.0,0.0,0.0
MID101486,skill_gaming,0,legit,none,0,0.0023084995614411196,,,,False,0,0.0,0.0,not_called,,0,0,NONE,0,,,0,not_triaged,0.0,156009.96499999997,,True,0.0,0.0,0.0,0.0
MID100209,electronics_retail,0,legit,none,0,0.0057215316919634295,,,,False,0,0.0,0.0,not_called,,0,0,NONE,0,,,0,not_triaged,0.0,246762.3993333333,,False,0.0,0.0,0.0,0.0
MID103716,apparel,0,legit,viral_spike,0,0.004256229452193557,,,,False,0,0.0,0.0,not_called,,0,0,NONE,0,,,0,not_triaged,0.0,313569.81433333334,,False,0.0,0.0,0.0,0.0
MID102448,apparel,0,legit,price_point_change,0,0.0007550696742606277,,,,False,0,0.0,0.0,not_called,,0,0,NONE,0,,,0,not_triaged,0.0,17730.218666666668,,False,0.0,0.0,0.0,0.0
MID102873,home_furnishing,0,legit,none,0,0.0010845471455550057,,,,False,0,0.0,0.0,not_called,,0,0,NONE,0,,,0,not_triaged,0.0,86044.46399999999,,False,0.0,0.0,0.0,0.0
MID102166,apparel,0,legit,none,0,0.002252847150163596,,,,False,0,0.0,0.0,not_called,,0,0,NONE,0,,,0,not_triaged,0.0,20866.817,,False,0.0,0.0,0.0,0.0
MID103628,digital_services,0,legit,shared_platform,0,0.0012179029477808563,,,,False,0,0.0,0.0,not_called,,0,0,NONE,0,,,0,not_triaged,0.0,115283.085,,False,0.0,0.0,0.0,0.0
MID102999,apparel,0,legit,none,0,0.0021337441601695212,,,,False,0,0.0,0.0,not_called,,0,0,NONE,0,,,0,not_triaged,0.0,55361.261333333336,,True,0.0,0.0,0.0,0.0
MID103625,home_furnishing,0,legit,none,0,0.02418504387446082,,,,False,0,0.0,0.0,not_called,,0,0,NONE,0,,,0,not_triaged,0.0,46507.490666666665,,False,0.0,0.0,0.0,0.0
MID103457,digital_services,0,legit,none,0,0.001090401405446477,,,,False,0,0.0,0.0,not_called,,0,0,NONE,0,,,0,not_triaged,0.0,64341.28966666666,,True,0.0,0.0,0.0,0.0
MID101021,travel_agency,0,legit,festival_season,0,0.0013323602222106816,,,,False,0,0.0,0.0,not_called,,0,0,NONE,0,,,0,not_triaged,0.0,198792.1383333333,,False,0.0,0.0,0.0,0.0
MID102199,skill_gaming,0,legit,none,0,0.0008904986025308255,skill_gaming,0.9231,homepage,False,0,0.0,0.0,not_called,,0,0,NONE,0,,,2,evidence_exhausted,2.2,211761.22466666665,high_volume_rotation,False,0.0,0.0,0.0,0.0
MID103875,skill_gaming,0,legit,none,0,0.00198109101215921,,,,False,0,0.0,0.0,not_called,,0,0,NONE,0,,,0,not_triaged,0.0,81670.32233333333,,False,0.0,0.0,0.0,0.0
MID102822,pharmacy,0,legit,none,0,0.0007502208268871137,,,,False,0,0.0,0.0,not_called,,0,0,NONE,0,,,0,not_triaged,0.0,49386.589,,False,0.0,0.0,0.0,0.0
MID101610,home_furnishing,0,legit,festival_season,0,0.017048065707720737,,,,False,0,0.0,0.0,not_called,,0,0,NONE,0,,,0,not_triaged,0.0,132466.38833333334,,True,0.0,0.0,0.0,0.0
MID102219,subscription_box,0,legit,viral_spike,0,0.004747654013580663,,,,False,0,0.0,0.0,not_called,,0,0,NONE,0,,,0,not_triaged,0.0,338172.44266666664,,False,0.0,0.0,0.0,0.0
MID100502,electronics_retail,0,legit,none,0,0.0015024314758439621,,,,False,0,0.0,0.0,not_called,,0,0,NONE,0,,,0,not_triaged,0.0,189866.388,,False,0.0,0.0,0.0,0.0
MID101674,home_furnishing,0,legit,none,0,0.0007888850658051219,,,,False,0,0.0,0.0,not_called,,0,0,NONE,0,,,0,not_triaged,0.0,59697.726,,False,0.0,0.0,0.0,0.0
MID102138,digital_services,0,legit,price_point_change,0,0.001200672843637508,,,,False,0,0.0,0.0,not_called,,0,0,NONE,0,,,0,not_triaged,0.0,17024.591666666667,,False,0.0,0.0,0.0,0.0
MID102161,electronics_retail,0,legit,none,0,0.007896034803176298,,,,False,0,0.0,0.0,not_called,,0,0,NONE,0,,,0,not_triaged,0.0,104472.87366666668,,False,0.0,0.0,0.0,0.0
MID100032,digital_services,1,funnel_ring,none,0,0.01111469069011137,crypto_exchange,0.9344,checkout,False,6,0.8566,0.522,answered,,2,2,RESTRICT,4,storefront;infrastructure,infrastructure,4,confidence_threshold_met,4.4,72250.89499999999,network_cluster,True,900.0,0.0,0.0,900.0
MID101499,electronics_retail,0,legit,none,0,0.0008344500827027929,,,,False,0,0.0,0.0,not_called,,0,0,NONE,0,,,0,not_triaged,0.0,132385.45233333332,,True,0.0,0.0,0.0,0.0
MID101256,digital_services,0,legit,none,0,0.0316682247229543,,,,False,0,0.0,0.0,not_called,,0,0,NONE,0,,,0,not_triaged,0.0,139551.89066666667,,True,0.0,0.0,0.0,0.0
MID100568,apparel,0,legit,none,0,0.0012313785899455752,,,,False,0,0.0,0.0,not_called,,0,0,NONE,0,,,0,not_triaged,0.0,48995.802,,False,0.0,0.0,0.0,0.0
MID103727,electronics_retail,0,legit,none,0,0.0035962495109913835,,,,False,0,0.0,0.0,not_called,,0,0,NONE,0,,,0,not_triaged,0.0,163227.383,,False,0.0,0.0,0.0,0.0
MID103571,pharmacy,0,legit,shared_platform,0,0.0017661779164332226,,,,False,0,0.0,0.0,not_called,,0,0,NONE,0,,,0,not_triaged,0.0,40659.83499999999,,True,0.0,0.0,0.0,0.0
MID100622,pharmacy,0,legit,none,0,0.001080770294453626,,,,False,0,0.0,0.0,not_called,,0,0,NONE,0,,,0,not_triaged,0.0,199880.71566666663,,False,0.0,0.0,0.0,0.0
MID103222,subscription_box,0,legit,none,0,0.002487854851401988,,,,False,0,0.0,0.0,not_called,,0,0,NONE,0,,,0,not_triaged,0.0,65185.39633333334,,False,0.0,0.0,0.0,0.0
MID101067,electronics_retail,0,legit,none,0,0.0015492742747144081,,,,False,0,0.0,0.0,not_called,,0,0,NONE,0,,,0,not_triaged,0.0,241463.84266666663,,False,0.0,0.0,0.0,0.0
MID101208,subscription_box,0,legit,none,0,0.005934429781948944,,,,False,0,0.0,0.0,not_called,,0,0,NONE,0,,,0,not_triaged,0.0,210203.27766666663,,False,0.0,0.0,0.0,0.0
MID102517,digital_services,0,legit,none,0,0.0008007697560568922,,,,False,0,0.0,0.0,not_called,,0,0,NONE,0,,,0,not_triaged,0.0,13568.17266666667,,True,0.0,0.0,0.0,0.0
MID103124,home_furnishing,0,legit,none,0,0.009801978091087916,,,,False,15,0.4055,0.177,not_called,,0,0,NONE,0,,,0,not_triaged,0.0,95106.31233333334,,False,0.0,0.0,0.0,0.0
MID101917,travel_agency,0,legit,none,0,0.001684168319751315,,,,False,0,0.0,0.0,not_called,,0,0,NONE,0,,,0,not_triaged,0.0,193734.21233333333,,False,0.0,0.0,0.0,0.0
MID101461,skill_gaming,0,legit,none,0,0.0007396404285021561,,,,False,0,0.0,0.0,not_called,,0,0,NONE,0,,,0,not_triaged,0.0,156759.40333333332,,False,0.0,0.0,0.0,0.0
MID102022,skill_gaming,0,legit,none,0,0.0005253989885698682,,,,False,0,0.0,0.0,not_called,,0,0,NONE,0,,,0,not_triaged,0.0,60388.36866666667,,True,0.0,0.0,0.0,0.0
MID101507,electronics_retail,0,legit,none,0,0.03107203017603438,electronics_retail,0.99,homepage,False,0,0.0,0.0,not_called,,0,0,NONE,0,,,2,evidence_exhausted,2.2,35888.795000000006,external_signal,True,0.0,0.0,0.0,0.0
MID100484,skill_gaming,0,legit,none,0,0.0044561905206189625,,,,False,0,0.0,0.0,not_called,,0,0,NONE,0,,,0,not_triaged,0.0,151211.83633333334,,True,0.0,0.0,0.0,0.0
MID102182,digital_services,0,legit,none,0,0.0009098814638349353,,,,False,0,0.0,0.0,not_called,,0,0,NONE,0,,,0,not_triaged,0.0,46958.695,,False,0.0,0.0,0.0,0.0
MID101164,digital_services,0,legit,shared_platform,0,0.019864219093540324,digital_services,0.9367,homepage,False,0,0.0,0.0,not_called,,0,0,NONE,0,,,2,evidence_exhausted,2.2,38741.65066666667,high_volume_rotation,False,0.0,0.0,0.0,0.0
MID101352,electronics_retail,0,legit,none,0,0.0023876746822269574,,,,False,0,0.0,0.0,not_called,,0,0,NONE,0,,,0,not_triaged,0.0,78328.384,,True,0.0,0.0,0.0,0.0
MID101480,apparel,0,legit,none,0,0.012945789006154914,,,,False,0,0.0,0.0,not_called,,0,0,NONE,0,,,0,not_triaged,0.0,25402.550333333333,,False,0.0,0.0,0.0,0.0
MID100488,travel_agency,0,legit,festival_season,0,0.00843036106755107,travel_agency,0.9085,homepage,False,0,0.0,0.0,not_called,,0,0,NONE,0,,,2,evidence_exhausted,2.2,125617.04133333334,volume_shape_change,False,0.0,0.0,0.0,0.0
MID100192,travel_agency,0,legit,none,0,0.0019197964920207374,,,,False,0,0.0,0.0,not_called,,0,0,NONE,0,,,0,not_triaged,0.0,24708.30433333333,,True,0.0,0.0,0.0,0.0
MID101311,home_furnishing,0,legit,none,0,0.0013858738611189727,,,,False,0,0.0,0.0,not_called,,0,0,NONE,0,,,0,not_triaged,0.0,30095.533666666663,,False,0.0,0.0,0.0,0.0
MID100068,apparel,1,rented_account,none,1,0.9959060941701794,skill_gaming,0.05,checkout,False,0,0.0,0.0,not_called,,2,2,RESTRICT,2,telemetry;scripts,,4,confidence_threshold_met,4.4,90310.23233333332,telemetry_drift,False,900.0,0.0,0.0,900.0
MID100292,skill_gaming,0,legit,none,0,0.0006127664247566142,skill_gaming,0.99,homepage,False,0,0.0,0.0,not_called,,0,0,NONE,0,,,2,evidence_exhausted,2.2,288362.6086666667,high_volume_rotation,False,0.0,0.0,0.0,0.0
MID103277,travel_agency,0,legit,festival_season,0,0.006958796972898734,,,,False,6,0.482,0.331,not_called,,1,1,REVIEW,0,,,0,not_triaged,0.0,192598.1833333333,,False,0.0,0.0,0.0,0.0
MID101749,apparel,0,legit,viral_spike,0,0.005014681408268069,apparel,0.99,homepage,False,0,0.0,0.0,not_called,,0,0,NONE,0,,,2,evidence_exhausted,2.2,214631.13633333333,high_volume_rotation,False,0.0,0.0,0.0,0.0
MID102686,digital_services,0,legit,shared_platform,0,0.0036149782415929124,,,,False,0,0.0,0.0,not_called,,0,0,NONE,0,,,0,not_triaged,0.0,113151.12833333333,,True,0.0,0.0,0.0,0.0
MID101650,electronics_retail,0,legit,festival_season,0,0.005367150636728496,,,,False,0,0.0,0.0,not_called,,0,0,NONE,0,,,0,not_triaged,0.0,497994.46533333336,,True,0.0,0.0,0.0,0.0
MID101513,digital_services,0,legit,shared_platform,0,0.0005023302787742303,,,,False,0,0.0,0.0,not_called,,0,0,NONE,0,,,0,not_triaged,0.0,43214.126,,False,0.0,0.0,0.0,0.0
MID101524,digital_services,0,legit,none,0,0.0009364965047858559,,,,False,0,0.0,0.0,not_called,,0,0,NONE,0,,,0,not_triaged,0.0,43180.27,,True,0.0,0.0,0.0,0.0
MID100227,electronics_retail,0,legit,none,0,0.001908030191683133,electronics_retail,0.9493,homepage,False,0,0.0,0.0,not_called,,0,0,NONE,0,,,2,evidence_exhausted,2.2,29146.243,high_volume_rotation,True,0.0,0.0,0.0,0.0
MID103270,home_furnishing,0,legit,none,0,0.0010168049788354954,,,,False,0,0.0,0.0,not_called,,0,0,NONE,0,,,0,not_triaged,0.0,107676.69133333332,,False,0.0,0.0,0.0,0.0
MID103168,subscription_box,0,legit,none,0,0.0037194672430619054,,,,False,0,0.0,0.0,not_called,,0,0,NONE,0,,,0,not_triaged,0.0,35554.13833333333,,False,0.0,0.0,0.0,0.0
MID103248,electronics_retail,0,legit,none,0,0.0037157165607411926,,,,False,0,0.0,0.0,not_called,,0,0,NONE,0,,,0,not_triaged,0.0,39999.58633333333,,True,0.0,0.0,0.0,0.0
MID101087,apparel,0,legit,price_point_change,0,0.0009829292647350854,,,,False,0,0.0,0.0,not_called,,0,0,NONE,0,,,0,not_triaged,0.0,38562.57366666666,,False,0.0,0.0,0.0,0.0
MID103556,apparel,0,legit,none,0,0.0006257074056991739,,,,False,0,0.0,0.0,not_called,,0,0,NONE,0,,,0,not_triaged,0.0,277257.95266666665,,False,0.0,0.0,0.0,0.0
MID102690,apparel,0,legit,none,0,0.0025766600056033526,,,,False,0,0.0,0.0,not_called,,0,0,NONE,0,,,0,not_triaged,0.0,65614.43566666666,,False,0.0,0.0,0.0,0.0
MID102665,electronics_retail,0,legit,viral_spike,0,0.021470535066869044,electronics_retail,0.9632,homepage,False,0,0.0,0.0,not_called,,0,0,NONE,0,,,2,evidence_exhausted,2.2,209497.2733333333,external_signal,False,0.0,0.0,0.0,0.0
MID103017,digital_services,0,legit,price_point_change,0,0.0016200957637339348,,,,False,11,0.4176,0.182,not_called,,0,0,NONE,0,,,0,not_triaged,0.0,18912.767,,False,0.0,0.0,0.0,0.0
MID101636,electronics_retail,0,legit,none,0,0.014797879291876802,,,,False,0,0.0,0.0,not_called,,0,0,NONE,0,,,0,not_triaged,0.0,137880.38,,False,0.0,0.0,0.0,0.0
MID100872,electronics_retail,0,legit,none,0,0.0025685897181347795,,,,False,0,0.0,0.0,not_called,,0,0,NONE,0,,,0,not_triaged,0.0,81459.92966666668,,False,0.0,0.0,0.0,0.0
MID103189,subscription_box,0,legit,none,0,0.0017231892672998515,,,,False,0,0.0,0.0,not_called,,0,0,NONE,0,,,0,not_triaged,0.0,120662.23966666666,,False,0.0,0.0,0.0,0.0
MID102035,digital_services,0,legit,none,0,0.06682511885332303,,,,False,0,0.0,0.0,not_called,,0,0,NONE,0,,,0,not_triaged,0.0,151100.29633333336,,False,0.0,0.0,0.0,0.0
MID103303,subscription_box,0,legit,none,0,0.00137740984870423,,,,False,0,0.0,0.0,not_called,,0,0,NONE,0,,,0,not_triaged,0.0,29003.46733333333,,False,0.0,0.0,0.0,0.0
MID102906,electronics_retail,0,legit,none,0,0.0012367177110761416,,,,False,0,0.0,0.0,not_called,,0,0,NONE,0,,,0,not_triaged,0.0,100719.583,,False,0.0,0.0,0.0,0.0
MID102891,electronics_retail,0,legit,none,0,0.00101886827806451,,,,False,0,0.0,0.0,not_called,,0,0,NONE,0,,,0,not_triaged,0.0,193364.127,,False,0.0,0.0,0.0,0.0
MID100249,electronics_retail,0,legit,festival_season,0,0.009239983055554206,,,,False,0,0.0,0.0,not_called,,0,0,NONE,0,,,0,not_triaged,0.0,314769.7353333334,,False,0.0,0.0,0.0,0.0
MID101378,apparel,0,legit,none,0,0.009907628472378718,apparel,0.99,homepage,False,0,0.0,0.0,not_called,,0,0,NONE,0,,,2,evidence_exhausted,2.2,306879.1263333333,external_signal,False,0.0,0.0,0.0,0.0
MID100496,electronics_retail,0,legit,none,0,0.0016476697508276937,,,,False,0,0.0,0.0,not_called,,0,0,NONE,0,,,0,not_triaged,0.0,263074.5933333333,,True,0.0,0.0,0.0,0.0
MID102194,apparel,0,legit,price_point_change,0,0.0013630863261102487,,,,False,0,0.0,0.0,not_called,,0,0,NONE,0,,,0,not_triaged,0.0,58590.99766666667,,True,0.0,0.0,0.0,0.0
MID102246,electronics_retail,0,legit,none,0,0.017053703940879156,,,,False,0,0.0,0.0,not_called,,0,0,NONE,0,,,0,not_triaged,0.0,222351.6686666667,,True,0.0,0.0,0.0,0.0
MID101637,pharmacy,0,legit,shared_platform,0,0.001031362605805675,,,,False,0,0.0,0.0,not_called,,0,0,NONE,0,,,0,not_triaged,0.0,58750.975,,True,0.0,0.0,0.0,0.0
MID103367,subscription_box,0,legit,none,0,0.0009268234593935011,,,,False,0,0.0,0.0,not_called,,0,0,NONE,0,,,0,not_triaged,0.0,73889.004,,True,0.0,0.0,0.0,0.0
MID100084,apparel,1,pivot_prohibited,none,1,0.9939254675315234,sports_betting,0.9336,homepage,True,0,0.0,0.0,answered,False,3,3,RESTRICT,4,telemetry;storefront;statement,the merchant's own statement,2,confidence_threshold_met,2.2,97522.579,telemetry_drift,True,900.0,0.0,0.0,900.0
MID103311,digital_services,0,legit,none,0,0.006269275083340147,,,,False,0,0.0,0.0,not_called,,0,0,NONE,0,,,0,not_triaged,0.0,16498.625666666667,,False,0.0,0.0,0.0,0.0
MID102292,travel_agency,0,legit,none,0,0.0006745811217443693,,,,False,0,0.0,0.0,not_called,,0,0,NONE,0,,,0,not_triaged,0.0,65497.111,,False,0.0,0.0,0.0,0.0
MID100641,home_furnishing,0,legit,none,0,0.001295032363580246,,,,False,0,0.0,0.0,not_called,,0,0,NONE,0,,,0,not_triaged,0.0,46613.723,,True,0.0,0.0,0.0,0.0
MID103517,home_furnishing,0,legit,festival_season,0,0.010614633155094734,,,,False,0,0.0,0.0,not_called,,0,0,NONE,0,,,0,not_triaged,0.0,169648.3423333333,,True,0.0,0.0,0.0,0.0
MID102484,apparel,0,legit,viral_spike,0,0.001954043294181976,,,,False,0,0.0,0.0,not_called,,0,0,NONE,0,,,0,not_triaged,0.0,91335.30933333334,,True,0.0,0.0,0.0,0.0
MID101676,home_furnishing,0,legit,none,0,0.0014509279731281808,,,,False,0,0.0,0.0,not_called,,0,0,NONE,0,,,0,not_triaged,0.0,30444.54033333333,,False,0.0,0.0,0.0,0.0
MID103396,skill_gaming,0,legit,none,0,0.02761418858337001,,,,False,0,0.0,0.0,not_called,,0,0,NONE,0,,,0,not_triaged,0.0,95510.98166666667,,False,0.0,0.0,0.0,0.0
MID100960,home_furnishing,0,legit,none,0,0.001914085524568543,,,,False,0,0.0,0.0,not_called,,0,0,NONE,0,,,0,not_triaged,0.0,73510.609,,False,0.0,0.0,0.0,0.0
MID101714,electronics_retail,0,legit,viral_spike,0,0.004014221942706664,electronics_retail,0.99,homepage,False,0,0.0,0.0,not_called,,0,0,NONE,0,,,2,evidence_exhausted,2.2,417572.33233333327,high_volume_rotation,True,0.0,0.0,0.0,0.0
MID101223,electronics_retail,0,legit,viral_spike,0,0.026144354701291086,,,,False,11,0.4584,0.318,not_called,,1,1,REVIEW,0,,,0,not_triaged,0.0,254869.51666666663,,True,0.0,0.0,0.0,0.0
MID102639,home_furnishing,0,legit,none,0,0.00140982897769981,,,,False,0,0.0,0.0,not_called,,0,0,NONE,0,,,0,not_triaged,0.0,29316.708,,False,0.0,0.0,0.0,0.0
MID100597,apparel,0,legit,none,0,0.001701568677229678,,,,False,0,0.0,0.0,not_called,,0,0,NONE,0,,,0,not_triaged,0.0,100953.23866666669,,False,0.0,0.0,0.0,0.0
MID100491,pharmacy,0,legit,none,0,0.001311605684712928,,,,False,0,0.0,0.0,not_called,,0,0,NONE,0,,,0,not_triaged,0.0,13037.927999999998,,False,0.0,0.0,0.0,0.0
MID100733,electronics_retail,0,legit,festival_season,0,0.009221179461049675,,,,False,0,0.0,0.0,not_called,,0,0,NONE,0,,,0,not_triaged,0.0,721213.0873333332,,False,0.0,0.0,0.0,0.0
MID103602,apparel,0,legit,none,0,0.16561704317406625,,,,False,0,0.0,0.0,not_called,,0,0,NONE,0,,,0,not_triaged,0.0,18407.946,,True,0.0,0.0,0.0,0.0
MID101534,pharmacy,0,legit,none,0,0.004733707971044193,,,,False,0,0.0,0.0,not_called,,0,0,NONE,0,,,0,not_triaged,0.0,155868.29066666667,,False,0.0,0.0,0.0,0.0
MID101339,skill_gaming,0,legit,none,0,0.0009789536832203278,,,,False,0,0.0,0.0,not_called,,0,0,NONE,0,,,0,not_triaged,0.0,322642.10066666664,,True,0.0,0.0,0.0,0.0
MID102081,electronics_retail,0,legit,none,0,0.0014679656652695093,,,,False,11,0.4176,0.182,not_called,,0,0,NONE,0,,,0,not_triaged,0.0,553973.1606666667,,True,0.0,0.0,0.0,0.0
MID103354,skill_gaming,0,legit,none,0,0.0016194822810110716,,,,False,0,0.0,0.0,not_called,,0,0,NONE,0,,,0,not_triaged,0.0,188163.494,,True,0.0,0.0,0.0,0.0
MID102946,subscription_box,0,legit,none,0,0.002161398590657203,,,,False,0,0.0,0.0,not_called,,0,0,NONE,0,,,0,not_triaged,0.0,168476.40233333333,,False,0.0,0.0,0.0,0.0
MID103223,pharmacy,0,legit,shared_platform,0,0.006563239422152435,,,,False,0,0.0,0.0,not_called,,0,0,NONE,0,,,0,not_triaged,0.0,44908.907,,True,0.0,0.0,0.0,0.0
MID100152,electronics_retail,0,legit,none,0,0.0006819319153256541,,,,False,0,0.0,0.0,not_called,,0,0,NONE,0,,,0,not_triaged,0.0,109523.852,,False,0.0,0.0,0.0,0.0
MID100500,digital_services,0,legit,none,0,0.03650161207484972,digital_services,0.99,homepage,False,0,0.0,0.0,not_called,,0,0,NONE,0,,,2,evidence_exhausted,2.2,44092.10999999999,external_signal,False,0.0,0.0,0.0,0.0
MID100431,apparel,0,legit,none,0,0.0010359664725006837,,,,False,0,0.0,0.0,not_called,,0,0,NONE,0,,,0,not_triaged,0.0,95920.89966666668,,False,0.0,0.0,0.0,0.0
MID103446,electronics_retail,0,legit,none,0,0.0025316727872111188,,,,False,0,0.0,0.0,not_called,,0,0,NONE,0,,,0,not_triaged,0.0,94336.70033333333,,False,0.0,0.0,0.0,0.0
MID103714,digital_services,0,legit,none,0,0.0007602179664841357,,,,False,0,0.0,0.0,not_called,,0,0,NONE,0,,,0,not_triaged,0.0,12309.586333333333,,False,0.0,0.0,0.0,0.0
MID103394,pharmacy,0,legit,none,0,0.0009745372566075371,,,,False,0,0.0,0.0,not_called,,0,0,NONE,0,,,0,not_triaged,0.0,15802.026666666668,,False,0.0,0.0,0.0,0.0
MID101816,subscription_box,0,legit,shared_platform,0,0.002088600403889953,,,,False,0,0.0,0.0,not_called,,0,0,NONE,0,,,0,not_triaged,0.0,56728.321,,False,0.0,0.0,0.0,0.0
MID102250,home_furnishing,0,legit,none,0,0.03160593042467107,home_furnishing,0.977,homepage,False,0,0.0,0.0,not_called,,0,0,NONE,0,,,2,evidence_exhausted,2.2,17484.411,external_signal,True,0.0,0.0,0.0,0.0
MID101099,home_furnishing,0,legit,none,0,0.01872803238743915,home_furnishing,0.8904,homepage,False,0,0.0,0.0,not_called,,0,0,NONE,0,,,2,evidence_exhausted,2.2,26656.355333333333,external_signal,True,0.0,0.0,0.0,0.0
MID100729,digital_services,0,legit,shared_platform,0,0.0005137011295653324,,,,False,0,0.0,0.0,not_called,,0,0,NONE,0,,,0,not_triaged,0.0,196872.4173333333,,False,0.0,0.0,0.0,0.0
MID100052,apparel,1,pivot_prohibited,none,1,0.9977564792630512,sports_betting,0.9057,homepage,False,0,0.0,0.0,answered,,2,2,RESTRICT,4,telemetry;storefront,telemetry,2,confidence_threshold_met,2.2,110780.01833333333,telemetry_drift,False,900.0,0.0,0.0,900.0
MID101798,apparel,0,legit,viral_spike,0,0.016428130106170755,,,,False,0,0.0,0.0,not_called,,0,0,NONE,0,,,0,not_triaged,0.0,187123.419,,False,0.0,0.0,0.0,0.0
MID103337,apparel,0,legit,none,0,0.004368054621515764,,,,False,0,0.0,0.0,not_called,,0,0,NONE,0,,,0,not_triaged,0.0,45268.42633333334,,False,0.0,0.0,0.0,0.0
MID100559,pharmacy,0,legit,none,0,0.012086155447771299,,,,False,0,0.0,0.0,not_called,,0,0,NONE,0,,,0,not_triaged,0.0,22558.70333333333,,False,0.0,0.0,0.0,0.0
MID100012,electronics_retail,1,funnel_ring,none,0,0.02490979133509024,crypto_exchange,0.9511,checkout,False,6,0.9424,0.808,no_answer,,2,2,RESTRICT,4,storefront;infrastructure,infrastructure,4,confidence_threshold_met,4.4,633819.1153333334,network_cluster,True,900.0,0.0,0.0,900.0
MID100178,skill_gaming,0,legit,none,0,0.0019976622737437177,,,,False,0,0.0,0.0,not_called,,0,0,NONE,0,,,0,not_triaged,0.0,269881.74933333334,,True,0.0,0.0,0.0,0.0
MID102601,apparel,0,legit,none,0,0.001061683026911432,,,,False,0,0.0,0.0,not_called,,0,0,NONE,0,,,0,not_triaged,0.0,87674.96533333333,,False,0.0,0.0,0.0,0.0
MID103981,apparel,0,legit,none,0,0.005328807744152498,,,,False,0,0.0,0.0,not_called,,0,0,NONE,0,,,0,not_triaged,0.0,438579.1203333333,,False,0.0,0.0,0.0,0.0
MID102349,apparel,0,legit,none,0,0.005242589500215031,,,,False,0,0.0,0.0,not_called,,0,0,NONE,0,,,0,not_triaged,0.0,137710.96466666667,,False,0.0,0.0,0.0,0.0
MID101387,pharmacy,0,legit,shared_platform,0,0.019861631864240895,,,,False,0,0.0,0.0,not_called,,0,0,NONE,0,,,0,not_triaged,0.0,62556.424333333336,,False,0.0,0.0,0.0,0.0
MID101015,digital_services,0,legit,none,0,0.004507296787990932,,,,False,0,0.0,0.0,not_called,,0,0,NONE,0,,,0,not_triaged,0.0,10226.748,,False,0.0,0.0,0.0,0.0
MID103580,travel_agency,0,legit,festival_season,0,0.0014858103923898578,,,,False,0,0.0,0.0,not_called,,0,0,NONE,0,,,0,not_triaged,0.0,77760.11633333332,,True,0.0,0.0,0.0,0.0
MID100020,apparel,1,funnel_ring,none,0,0.9988144043653046,unknown,0.1819,homepage,False,6,0.8896,0.632,not_called,,2,2,VERIFY,2,telemetry;infrastructure,,2,confidence_threshold_met,2.2,174356.5796666667,telemetry_drift;network_cluster,False,900.0,0.0,0.0,900.0
MID100367,digital_services,0,legit,shared_platform,0,0.001131281777791276,,,,False,0,0.0,0.0,not_called,,0,0,NONE,0,,,0,not_triaged,0.0,56274.86633333333,,False,0.0,0.0,0.0,0.0
MID102025,subscription_box,0,legit,price_point_change,0,0.002611845138474578,,,,False,0,0.0,0.0,not_called,,0,0,NONE,0,,,0,not_triaged,0.0,115042.63666666669,,False,0.0,0.0,0.0,0.0
MID100903,home_furnishing,0,legit,none,0,0.0012554630264646003,,,,False,0,0.0,0.0,not_called,,0,0,NONE,0,,,0,not_triaged,0.0,200343.6,,False,0.0,0.0,0.0,0.0
MID101058,electronics_retail,0,legit,none,0,0.0010129241035554864,,,,False,0,0.0,0.0,not_called,,0,0,NONE,0,,,0,not_triaged,0.0,105922.58166666668,,False,0.0,0.0,0.0,0.0
MID103552,electronics_retail,0,legit,none,0,0.0013693880658298446,,,,False,0,0.0,0.0,not_called,,0,0,NONE,0,,,0,not_triaged,0.0,856251.4319999999,,True,0.0,0.0,0.0,0.0
MID101327,travel_agency,0,legit,festival_season,0,0.013376355403779487,,,,False,0,0.0,0.0,not_called,,0,0,NONE,0,,,0,not_triaged,0.0,320024.6386666667,,True,0.0,0.0,0.0,0.0
MID103292,home_furnishing,0,legit,festival_season,0,0.012931583924954979,,,,False,0,0.0,0.0,not_called,,0,0,NONE,0,,,0,not_triaged,0.0,90667.55733333332,,True,0.0,0.0,0.0,0.0
MID100949,home_furnishing,0,legit,none,0,0.0008394779539114825,,,,False,0,0.0,0.0,not_called,,0,0,NONE,0,,,0,not_triaged,0.0,113282.35133333334,,True,0.0,0.0,0.0,0.0
MID101627,home_furnishing,0,legit,none,0,0.0012494400016223842,,,,False,0,0.0,0.0,not_called,,0,0,NONE,0,,,0,not_triaged,0.0,182862.772,,True,0.0,0.0,0.0,0.0
MID100437,electronics_retail,0,legit,none,0,0.0011314167560554675,,,,False,0,0.0,0.0,not_called,,0,0,NONE,0,,,0,not_triaged,0.0,288879.2776666666,,False,0.0,0.0,0.0,0.0
MID101567,apparel,0,legit,festival_season,0,0.027141931702279097,,,,False,0,0.0,0.0,not_called,,0,0,NONE,0,,,0,not_triaged,0.0,199059.72933333332,,False,0.0,0.0,0.0,0.0
MID102939,apparel,0,legit,festival_season,0,0.000519003504005221,,,,False,0,0.0,0.0,not_called,,0,0,NONE,0,,,0,not_triaged,0.0,94129.66033333332,,False,0.0,0.0,0.0,0.0
MID100368,subscription_box,0,legit,none,0,0.0009475164711201128,,,,False,11,0.4584,0.318,not_called,,1,1,REVIEW,0,,,0,not_triaged,0.0,22821.95533333333,,False,0.0,0.0,0.0,0.0
MID103470,home_furnishing,0,legit,viral_spike,0,0.00988289971957002,,,,False,0,0.0,0.0,not_called,,0,0,NONE,0,,,0,not_triaged,0.0,75130.906,,False,0.0,0.0,0.0,0.0
MID103387,digital_services,0,legit,none,0,0.009308178371282396,digital_services,0.99,homepage,False,0,0.0,0.0,not_called,,0,0,NONE,0,,,2,evidence_exhausted,2.2,103478.88533333334,high_volume_rotation,False,0.0,0.0,0.0,0.0
MID101269,apparel,0,legit,none,0,0.009746211954550239,,,,False,0,0.0,0.0,not_called,,0,0,NONE,0,,,0,not_triaged,0.0,70512.887,,False,0.0,0.0,0.0,0.0
MID102073,home_furnishing,0,legit,none,0,0.0036234549003538864,,,,False,0,0.0,0.0,not_called,,0,0,NONE,0,,,0,not_triaged,0.0,26214.644333333334,,True,0.0,0.0,0.0,0.0
MID102754,pharmacy,0,legit,none,0,0.01194527320805917,,,,False,0,0.0,0.0,not_called,,0,0,NONE,0,,,0,not_triaged,0.0,20879.215333333334,,True,0.0,0.0,0.0,0.0
MID103125,home_furnishing,0,legit,none,0,0.0005360716952608494,,,,False,0,0.0,0.0,not_called,,0,0,NONE,0,,,0,not_triaged,0.0,48279.18133333333,,False,0.0,0.0,0.0,0.0
MID101008,skill_gaming,0,legit,none,0,0.002029326593533389,,,,False,0,0.0,0.0,not_called,,0,0,NONE,0,,,0,not_triaged,0.0,307091.238,,False,0.0,0.0,0.0,0.0
MID100455,electronics_retail,0,legit,none,0,0.0030182011372089264,electronics_retail,0.99,homepage,False,0,0.0,0.0,not_called,,0,0,NONE,0,,,2,evidence_exhausted,2.2,216850.90200000003,high_volume_rotation,False,0.0,0.0,0.0,0.0
MID100590,digital_services,0,legit,none,0,0.0006872663571522886,,,,False,0,0.0,0.0,not_called,,0,0,NONE,0,,,0,not_triaged,0.0,69250.90433333332,,True,0.0,0.0,0.0,0.0
MID100296,digital_services,0,legit,none,0,0.0008583212843315353,,,,False,0,0.0,0.0,not_called,,0,0,NONE,0,,,0,not_triaged,0.0,48957.26033333333,,False,0.0,0.0,0.0,0.0
MID101117,home_furnishing,0,legit,viral_spike,0,0.010800751501074,,,,False,0,0.0,0.0,not_called,,0,0,NONE,0,,,0,not_triaged,0.0,45496.95,,True,0.0,0.0,0.0,0.0
MID103971,subscription_box,0,legit,none,0,0.0024232829955134613,,,,False,0,0.0,0.0,not_called,,0,0,NONE,0,,,0,not_triaged,0.0,78315.10299999999,,True,0.0,0.0,0.0,0.0
MID102848,subscription_box,0,legit,none,0,0.008093908683359815,,,,False,0,0.0,0.0,not_called,,0,0,NONE,0,,,0,not_triaged,0.0,94343.512,,False,0.0,0.0,0.0,0.0
MID101928,travel_agency,0,legit,none,0,0.001438853667983812,,,,False,0,0.0,0.0,not_called,,0,0,NONE,0,,,0,not_triaged,0.0,124220.93066666668,,False,0.0,0.0,0.0,0.0
MID100252,travel_agency,0,legit,none,0,0.003351473508257369,,,,False,0,0.0,0.0,not_called,,0,0,NONE,0,,,0,not_triaged,0.0,88494.97799999999,,True,0.0,0.0,0.0,0.0
MID100157,travel_agency,0,legit,none,0,0.0027504596799478127,,,,False,0,0.0,0.0,not_called,,0,0,NONE,0,,,0,not_triaged,0.0,86561.85200000001,,True,0.0,0.0,0.0,0.0
MID102499,electronics_retail,0,legit,none,0,0.0011280047586375895,,,,False,0,0.0,0.0,not_called,,0,0,NONE,0,,,0,not_triaged,0.0,142629.30066666668,,False,0.0,0.0,0.0,0.0
MID100783,electronics_retail,0,legit,none,0,0.010958034570069636,,,,False,0,0.0,0.0,not_called,,0,0,NONE,0,,,0,not_triaged,0.0,241390.2033333333,,True,0.0,0.0,0.0,0.0
MID101217,apparel,0,legit,none,0,0.0030110608634075367,,,,False,0,0.0,0.0,not_called,,0,0,NONE,0,,,0,not_triaged,0.0,150734.309,,False,0.0,0.0,0.0,0.0
MID100629,skill_gaming,0,legit,none,0,0.0007023024710975648,,,,False,0,0.0,0.0,not_called,,0,0,NONE,0,,,0,not_triaged,0.0,98122.38,,False,0.0,0.0,0.0,0.0
MID102238,electronics_retail,0,legit,festival_season,0,0.00993246392702962,,,,False,7,0.4052,0.091,not_called,,0,0,NONE,0,,,0,not_triaged,0.0,252585.0266666667,,False,0.0,0.0,0.0,0.0
MID100332,home_furnishing,0,legit,none,0,0.0011552960180979325,,,,False,0,0.0,0.0,not_called,,0,0,NONE,0,,,0,not_triaged,0.0,39505.934,,False,0.0,0.0,0.0,0.0
MID100372,apparel,0,legit,festival_season,0,0.07494921345724595,,,,False,0,0.0,0.0,not_called,,0,0,NONE,0,,,0,not_triaged,0.0,426743.725,,True,0.0,0.0,0.0,0.0
MID101801,skill_gaming,0,legit,none,0,0.03538849137538429,,,,False,0,0.0,0.0,not_called,,0,0,NONE,0,,,0,not_triaged,0.0,109862.80766666667,,True,0.0,0.0,0.0,0.0
MID102212,digital_services,0,legit,none,0,0.001316039665576769,,,,False,0,0.0,0.0,not_called,,0,0,NONE,0,,,0,not_triaged,0.0,40540.891,,True,0.0,0.0,0.0,0.0
MID101076,electronics_retail,0,legit,none,0,0.001047943175795765,,,,False,0,0.0,0.0,not_called,,0,0,NONE,0,,,0,not_triaged,0.0,114431.468,,False,0.0,0.0,0.0,0.0
MID100133,pharmacy,1,licensing_violation,none,0,0.24732680000793,,,,False,0,0.0,0.0,not_called,,0,0,NONE,0,,,0,not_triaged,0.0,41202.837666666666,,False,0.0,0.0,956417.6,956417.6
MID101098,apparel,0,legit,festival_season,0,0.009039779220725885,apparel,0.9734,homepage,False,0,0.0,0.0,not_called,,0,0,NONE,0,,,2,evidence_exhausted,2.2,74069.484,volume_shape_change,False,0.0,0.0,0.0,0.0
MID102339,home_furnishing,0,legit,none,0,0.0011415459258667415,,,,False,0,0.0,0.0,not_called,,0,0,NONE,0,,,0,not_triaged,0.0,36903.259666666665,,False,0.0,0.0,0.0,0.0
MID103106,electronics_retail,0,legit,festival_season,0,0.004287178054531201,,,,False,0,0.0,0.0,not_called,,0,0,NONE,0,,,0,not_triaged,0.0,1124978.3170000005,,True,0.0,0.0,0.0,0.0
MID100609,apparel,0,legit,viral_spike,0,0.010650122941022478,,,,False,0,0.0,0.0,not_called,,0,0,NONE,0,,,0,not_triaged,0.0,163804.51066666667,,False,0.0,0.0,0.0,0.0
MID100474,electronics_retail,0,legit,festival_season,0,0.0012775875099047102,electronics_retail,0.9596,homepage,False,0,0.0,0.0,not_called,,0,0,NONE,0,,,2,evidence_exhausted,2.2,1126361.531,high_volume_rotation,False,0.0,0.0,0.0,0.0
MID102743,electronics_retail,0,legit,none,0,0.004067391244868079,,,,False,0,0.0,0.0,not_called,,0,0,NONE,0,,,0,not_triaged,0.0,90435.13466666666,,False,0.0,0.0,0.0,0.0
MID101276,digital_services,0,legit,price_point_change,0,0.0014457734986255953,,,,False,0,0.0,0.0,not_called,,0,0,NONE,0,,,0,not_triaged,0.0,8122.230333333334,,False,0.0,0.0,0.0,0.0
MID102087,digital_services,0,legit,none,0,0.0009412594016595233,,,,False,0,0.0,0.0,not_called,,0,0,NONE,0,,,0,not_triaged,0.0,23135.487,,False,0.0,0.0,0.0,0.0
MID100429,digital_services,0,legit,none,0,0.0032271544517807607,,,,False,0,0.0,0.0,not_called,,0,0,NONE,0,,,0,not_triaged,0.0,117053.85233333334,,False,0.0,0.0,0.0,0.0
MID100183,subscription_box,0,legit,shared_platform,0,0.0019578906221674173,,,,False,0,0.0,0.0,not_called,,0,0,NONE,0,,,0,not_triaged,0.0,69751.511,,False,0.0,0.0,0.0,0.0
MID102044,travel_agency,0,legit,none,0,0.0029524968307282863,,,,False,0,0.0,0.0,not_called,,0,0,NONE,0,,,0,not_triaged,0.0,637553.5513333332,,False,0.0,0.0,0.0,0.0
MID101999,subscription_box,0,legit,shared_platform,0,0.0017748752973879536,,,,False,0,0.0,0.0,not_called,,0,0,NONE,0,,,0,not_triaged,0.0,53492.00166666666,,False,0.0,0.0,0.0,0.0
MID100235,digital_services,0,legit,shared_platform,0,0.008284030892237972,,,,False,0,0.0,0.0,not_called,,0,0,NONE,0,,,0,not_triaged,0.0,28208.318333333336,,False,0.0,0.0,0.0,0.0
MID100991,digital_services,0,legit,shared_platform,0,0.0035471662829627934,,,,False,0,0.0,0.0,not_called,,0,0,NONE,0,,,0,not_triaged,0.0,250377.263,,False,0.0,0.0,0.0,0.0
MID100393,electronics_retail,0,legit,viral_spike,0,0.001005628430795841,,,,False,0,0.0,0.0,not_called,,0,0,NONE,0,,,0,not_triaged,0.0,250476.82233333332,,False,0.0,0.0,0.0,0.0
MID101516,apparel,0,legit,none,0,0.006477883099780327,,,,False,0,0.0,0.0,not_called,,0,0,NONE,0,,,0,not_triaged,0.0,99359.81133333332,,True,0.0,0.0,0.0,0.0
MID100518,subscription_box,0,legit,price_point_change,0,0.0009507383979908151,,,,False,0,0.0,0.0,not_called,,0,0,NONE,0,,,0,not_triaged,0.0,56990.74199999999,,False,0.0,0.0,0.0,0.0
MID101368,apparel,0,legit,none,0,0.0014662519091179613,,,,False,0,0.0,0.0,not_called,,0,0,NONE,0,,,0,not_triaged,0.0,83398.14866666666,,False,0.0,0.0,0.0,0.0
MID100544,skill_gaming,0,legit,none,0,0.0005826777686949571,,,,False,0,0.0,0.0,not_called,,0,0,NONE,0,,,0,not_triaged,0.0,147634.53633333332,,False,0.0,0.0,0.0,0.0
MID102422,skill_gaming,0,legit,none,0,0.0023163238227425363,,,,False,0,0.0,0.0,not_called,,0,0,NONE,0,,,0,not_triaged,0.0,150099.034,,False,0.0,0.0,0.0,0.0
MID100998,electronics_retail,0,legit,festival_season,0,0.02040994696299917,,,,False,0,0.0,0.0,not_called,,0,0,NONE,0,,,0,not_triaged,0.0,362184.048,,True,0.0,0.0,0.0,0.0
MID103211,travel_agency,0,legit,festival_season,0,0.12041877780053074,,,,False,0,0.0,0.0,not_called,,0,0,NONE,0,,,0,not_triaged,0.0,83704.59633333332,,False,0.0,0.0,0.0,0.0
MID102403,apparel,0,legit,none,0,0.0014145408797249853,,,,False,11,0.4584,0.318,not_called,,1,1,REVIEW,0,,,0,not_triaged,0.0,379154.253,,False,0.0,0.0,0.0,0.0
MID101944,digital_services,0,legit,none,0,0.010357448268357263,,,,False,0,0.0,0.0,not_called,,0,0,NONE,0,,,0,not_triaged,0.0,14289.949333333332,,False,0.0,0.0,0.0,0.0
MID100784,pharmacy,0,legit,shared_platform,0,0.0008270219686787531,,,,False,0,0.0,0.0,not_called,,0,0,NONE,0,,,0,not_triaged,0.0,30701.83133333333,,False,0.0,0.0,0.0,0.0
MID102990,home_furnishing,0,legit,none,0,0.0031843236064498276,,,,False,0,0.0,0.0,not_called,,0,0,NONE,0,,,0,not_triaged,0.0,22902.005666666668,,False,0.0,0.0,0.0,0.0
MID103114,subscription_box,0,legit,price_point_change,0,0.004639080164392799,,,,False,0,0.0,0.0,not_called,,0,0,NONE,0,,,0,not_triaged,0.0,59838.575,,True,0.0,0.0,0.0,0.0
MID103693,skill_gaming,0,legit,none,0,0.000984864824711559,,,,False,0,0.0,0.0,not_called,,0,0,NONE,0,,,0,not_triaged,0.0,43379.78533333333,,True,0.0,0.0,0.0,0.0
MID100464,skill_gaming,0,legit,none,0,0.0010515640298382838,,,,False,0,0.0,0.0,not_called,,0,0,NONE,0,,,0,not_triaged,0.0,143203.21266666666,,False,0.0,0.0,0.0,0.0
MID102310,apparel,0,legit,none,0,0.00799337916053713,apparel,0.959,homepage,False,0,0.0,0.0,not_called,,0,0,NONE,0,,,2,evidence_exhausted,2.2,14509.197666666669,external_signal,False,0.0,0.0,0.0,0.0
MID101710,home_furnishing,0,legit,none,0,0.0015063341290187577,,,,False,0,0.0,0.0,not_called,,0,0,NONE,0,,,0,not_triaged,0.0,39063.32633333334,,False,0.0,0.0,0.0,0.0
MID100198,subscription_box,0,legit,none,0,0.021681892200041283,,,,False,0,0.0,0.0,not_called,,0,0,NONE,0,,,0,not_triaged,0.0,102050.236,,False,0.0,0.0,0.0,0.0
MID100064,apparel,1,rented_account,none,1,0.35245115001431554,unlicensed_lending,0.9608,checkout,False,0,0.0,0.0,answered,True,2,2,RESTRICT,4,storefront;scripts,scripts,5,confidence_threshold_met,4.4,53748.58066666666,telemetry_drift,True,900.0,0.0,0.0,900.0
MID103679,skill_gaming,0,legit,none,0,0.0077456801977864595,,,,False,0,0.0,0.0,not_called,,0,0,NONE,0,,,0,not_triaged,0.0,45364.595,,True,0.0,0.0,0.0,0.0
MID101080,subscription_box,0,legit,none,0,0.0014218692041907703,,,,False,0,0.0,0.0,not_called,,0,0,NONE,0,,,0,not_triaged,0.0,40520.95966666667,,True,0.0,0.0,0.0,0.0
MID102082,apparel,0,legit,shared_platform,0,0.08101355757795423,,,,False,0,0.0,0.0,not_called,,0,0,NONE,0,,,0,not_triaged,0.0,117064.81466666666,,False,0.0,0.0,0.0,0.0
MID101785,digital_services,0,legit,none,0,0.0014023412049073874,,,,False,0,0.0,0.0,not_called,,0,0,NONE,0,,,0,not_triaged,0.0,227592.86033333332,,False,0.0,0.0,0.0,0.0
MID103787,electronics_retail,0,legit,none,0,0.0015895905330304166,,,,False,0,0.0,0.0,not_called,,0,0,NONE,0,,,0,not_triaged,0.0,33100.895,,False,0.0,0.0,0.0,0.0
MID102837,home_furnishing,0,legit,none,0,0.01917000666948653,,,,False,0,0.0,0.0,not_called,,0,0,NONE,0,,,0,not_triaged,0.0,53109.12933333333,,False,0.0,0.0,0.0,0.0
MID103172,apparel,0,legit,viral_spike,0,0.003126782751923974,,,,False,0,0.0,0.0,not_called,,0,0,NONE,0,,,0,not_triaged,0.0,111184.38033333332,,False,0.0,0.0,0.0,0.0
MID103284,apparel,0,legit,none,0,0.0018590079796333325,,,,False,0,0.0,0.0,not_called,,0,0,NONE,0,,,0,not_triaged,0.0,175223.62633333335,,False,0.0,0.0,0.0,0.0
MID101402,travel_agency,0,legit,none,0,0.0032268438364676426,,,,False,0,0.0,0.0,not_called,,0,0,NONE,0,,,0,not_triaged,0.0,105546.93433333334,,True,0.0,0.0,0.0,0.0
MID101822,pharmacy,0,legit,shared_platform,0,0.0007564285988600447,,,,False,0,0.0,0.0,not_called,,0,0,NONE,0,,,0,not_triaged,0.0,25793.267666666667,,True,0.0,0.0,0.0,0.0
MID102037,digital_services,0,legit,price_point_change,0,0.000441071043866845,,,,False,0,0.0,0.0,not_called,,0,0,NONE,0,,,0,not_triaged,0.0,32868.53433333333,,False,0.0,0.0,0.0,0.0
MID100654,skill_gaming,0,legit,none,0,0.0019489075563827768,,,,False,0,0.0,0.0,not_called,,0,0,NONE,0,,,0,not_triaged,0.0,166289.88566666667,,True,0.0,0.0,0.0,0.0
MID101994,digital_services,0,legit,shared_platform,0,0.0014281845249148892,,,,False,0,0.0,0.0,not_called,,0,0,NONE,0,,,0,not_triaged,0.0,50692.42766666667,,True,0.0,0.0,0.0,0.0
MID103609,pharmacy,0,legit,none,0,0.003449819895326476,,,,False,0,0.0,0.0,not_called,,0,0,NONE,0,,,0,not_triaged,0.0,65913.45033333333,,True,0.0,0.0,0.0,0.0
MID100661,electronics_retail,0,legit,festival_season,0,0.005374954833701009,electronics_retail,0.99,homepage,False,0,0.0,0.0,not_called,,0,0,NONE,0,,,2,evidence_exhausted,2.2,424917.7696666667,high_volume_rotation,False,0.0,0.0,0.0,0.0
MID101019,home_furnishing,0,legit,none,0,0.0019462992835232718,,,,False,0,0.0,0.0,not_called,,0,0,NONE,0,,,0,not_triaged,0.0,261711.62333333332,,True,0.0,0.0,0.0,0.0
MID101133,apparel,0,legit,none,0,0.014381404075080961,,,,False,0,0.0,0.0,not_called,,0,0,NONE,0,,,0,not_triaged,0.0,61508.14733333333,,False,0.0,0.0,0.0,0.0
MID103593,home_furnishing,0,legit,festival_season,0,0.007783987218905422,,,,False,0,0.0,0.0,not_called,,0,0,NONE,0,,,0,not_triaged,0.0,38681.81133333333,,False,0.0,0.0,0.0,0.0
MID102538,home_furnishing,0,legit,none,0,0.0034495618846304764,,,,False,0,0.0,0.0,not_called,,0,0,NONE,0,,,0,not_triaged,0.0,86823.57066666667,,True,0.0,0.0,0.0,0.0
MID103386,electronics_retail,0,legit,viral_spike,0,0.0067229684407070734,,,,False,0,0.0,0.0,not_called,,0,0,NONE,0,,,0,not_triaged,0.0,116683.69333333331,,False,0.0,0.0,0.0,0.0
MID100604,home_furnishing,0,legit,festival_season,0,0.010496666349669566,,,,False,0,0.0,0.0,not_called,,0,0,NONE,0,,,0,not_triaged,0.0,267110.60400000005,,True,0.0,0.0,0.0,0.0
MID102376,apparel,0,legit,none,0,0.0012825684556906467,,,,False,0,0.0,0.0,not_called,,0,0,NONE,0,,,0,not_triaged,0.0,128956.213,,False,0.0,0.0,0.0,0.0
MID102574,electronics_retail,0,legit,festival_season,0,0.020552941585750547,electronics_retail,0.9425,homepage,False,0,0.0,0.0,not_called,,0,0,NONE,0,,,2,evidence_exhausted,2.2,537012.149,high_volume_rotation,True,0.0,0.0,0.0,0.0
MID103356,apparel,0,legit,none,0,0.002982367384673206,,,,False,0,0.0,0.0,not_called,,0,0,NONE,0,,,0,not_triaged,0.0,33771.803,,False,0.0,0.0,0.0,0.0
MID101583,digital_services,0,legit,none,0,0.0015607484026143766,,,,False,0,0.0,0.0,not_called,,0,0,NONE,0,,,0,not_triaged,0.0,17890.654666666665,,False,0.0,0.0,0.0,0.0
MID101818,skill_gaming,0,legit,none,0,0.00561652135378406,,,,False,0,0.0,0.0,not_called,,0,0,NONE,0,,,0,not_triaged,0.0,251598.1,,True,0.0,0.0,0.0,0.0
MID103187,digital_services,0,legit,none,0,0.002777210871488297,,,,False,0,0.0,0.0,not_called,,0,0,NONE,0,,,0,not_triaged,0.0,74872.917,,False,0.0,0.0,0.0,0.0
MID103410,pharmacy,0,legit,none,0,0.0008234209918959534,,,,False,0,0.0,0.0,not_called,,0,0,NONE,0,,,0,not_triaged,0.0,26784.267,,True,0.0,0.0,0.0,0.0
MID103020,electronics_retail,0,legit,none,0,0.001706792288409353,,,,False,0,0.0,0.0,not_called,,0,0,NONE,0,,,0,not_triaged,0.0,166513.951,,False,0.0,0.0,0.0,0.0
MID102854,pharmacy,0,legit,shared_platform,0,0.0025670707542034244,,,,False,0,0.0,0.0,not_called,,0,0,NONE,0,,,0,not_triaged,0.0,51071.444,,False,0.0,0.0,0.0,0.0
MID102336,home_furnishing,0,legit,viral_spike,0,0.0011556623823549604,,,,False,0,0.0,0.0,not_called,,0,0,NONE,0,,,0,not_triaged,0.0,88938.71166666666,,False,0.0,0.0,0.0,0.0
MID103925,home_furnishing,0,legit,none,0,0.006687320152787053,,,,False,0,0.0,0.0,not_called,,0,0,NONE,0,,,0,not_triaged,0.0,83986.08133333335,,False,0.0,0.0,0.0,0.0
MID100278,apparel,0,legit,none,0,0.0008405092588781245,,,,False,0,0.0,0.0,not_called,,0,0,NONE,0,,,0,not_triaged,0.0,97618.16933333334,,False,0.0,0.0,0.0,0.0
MID100118,digital_services,1,pivot_prohibited,none,1,0.919354932447958,sports_betting,0.9129,homepage,False,0,0.0,0.0,answered,False,3,3,RESTRICT,4,telemetry;storefront;statement,the merchant's own statement,2,confidence_threshold_met,2.2,22617.804333333337,telemetry_drift,False,900.0,0.0,0.0,900.0
MID102240,subscription_box,0,legit,price_point_change,0,0.0018460453011473557,,,,False,0,0.0,0.0,not_called,,0,0,NONE,0,,,0,not_triaged,0.0,28376.95966666667,,False,0.0,0.0,0.0,0.0
MID102251,travel_agency,0,legit,none,0,0.0013691419945225719,,,,False,0,0.0,0.0,not_called,,0,0,NONE,0,,,0,not_triaged,0.0,194512.519,,False,0.0,0.0,0.0,0.0
MID101052,apparel,0,legit,none,0,0.002382367064903092,,,,False,0,0.0,0.0,not_called,,0,0,NONE,0,,,0,not_triaged,0.0,107173.14733333333,,False,0.0,0.0,0.0,0.0
MID100414,pharmacy,0,legit,none,0,0.0021589496342827993,,,,False,0,0.0,0.0,not_called,,0,0,NONE,0,,,0,not_triaged,0.0,71847.61766666667,,False,0.0,0.0,0.0,0.0
MID103941,apparel,0,legit,festival_season,0,0.005447377561537865,,,,False,0,0.0,0.0,not_called,,0,0,NONE,0,,,0,not_triaged,0.0,64934.77966666666,,True,0.0,0.0,0.0,0.0
MID102135,electronics_retail,0,legit,none,0,0.0006103575597921259,,,,False,0,0.0,0.0,not_called,,0,0,NONE,0,,,0,not_triaged,0.0,136698.764,,True,0.0,0.0,0.0,0.0
MID103678,travel_agency,0,legit,none,0,0.0017814960368244953,,,,False,0,0.0,0.0,not_called,,0,0,NONE,0,,,0,not_triaged,0.0,184069.41466666665,,False,0.0,0.0,0.0,0.0
MID101875,home_furnishing,0,legit,none,0,0.008302096164796543,,,,False,0,0.0,0.0,not_called,,0,0,NONE,0,,,0,not_triaged,0.0,45771.9,,True,0.0,0.0,0.0,0.0
MID100298,electronics_retail,0,legit,none,0,0.003546760306171934,,,,False,0,0.0,0.0,not_called,,0,0,NONE,0,,,0,not_triaged,0.0,207162.711,,False,0.0,0.0,0.0,0.0
MID100158,digital_services,0,legit,none,0,0.00290141646807671,,,,False,0,0.0,0.0,not_called,,0,0,NONE,0,,,0,not_triaged,0.0,16246.883,,False,0.0,0.0,0.0,0.0
MID102617,subscription_box,0,legit,none,0,0.0018427981430392019,,,,False,0,0.0,0.0,not_called,,0,0,NONE,0,,,0,not_triaged,0.0,79117.20433333333,,False,0.0,0.0,0.0,0.0
MID101068,home_furnishing,0,legit,none,0,0.0006041910366866299,,,,False,0,0.0,0.0,not_called,,0,0,NONE,0,,,0,not_triaged,0.0,46491.32566666666,,True,0.0,0.0,0.0,0.0
MID101736,pharmacy,0,legit,none,0,0.01719131457430807,,,,False,0,0.0,0.0,not_called,,0,0,NONE,0,,,0,not_triaged,0.0,91915.99933333333,,False,0.0,0.0,0.0,0.0
MID101722,apparel,0,legit,none,0,0.0016792326273385547,apparel,0.9295,homepage,False,0,0.0,0.0,not_called,,0,0,NONE,0,,,2,evidence_exhausted,2.2,27990.86133333333,external_signal,True,0.0,0.0,0.0,0.0
MID102831,pharmacy,0,legit,none,0,0.0041583952336469564,,,,False,0,0.0,0.0,not_called,,0,0,NONE,0,,,0,not_triaged,0.0,52504.01966666666,,False,0.0,0.0,0.0,0.0
MID101647,travel_agency,0,legit,none,0,0.0010858199306225252,,,,False,0,0.0,0.0,not_called,,0,0,NONE,0,,,0,not_triaged,0.0,83277.59633333332,,True,0.0,0.0,0.0,0.0
MID100516,apparel,0,legit,none,0,0.0031971178176962256,,,,False,0,0.0,0.0,not_called,,0,0,NONE,0,,,0,not_triaged,0.0,159161.27233333333,,False,0.0,0.0,0.0,0.0
MID103251,skill_gaming,0,legit,none,0,0.0011025375288511766,,,,False,0,0.0,0.0,not_called,,0,0,NONE,0,,,0,not_triaged,0.0,258646.5393333333,,False,0.0,0.0,0.0,0.0
MID102951,skill_gaming,0,legit,none,0,0.0017769008616092916,,,,False,0,0.0,0.0,not_called,,0,0,NONE,0,,,0,not_triaged,0.0,233191.79,,True,0.0,0.0,0.0,0.0
MID101979,pharmacy,0,legit,none,0,0.001271574419996722,,,,False,0,0.0,0.0,not_called,,0,0,NONE,0,,,0,not_triaged,0.0,41525.12366666667,,False,0.0,0.0,0.0,0.0
MID100451,travel_agency,0,legit,festival_season,0,0.005817084388863265,,,,False,0,0.0,0.0,not_called,,0,0,NONE,0,,,0,not_triaged,0.0,951560.076,,False,0.0,0.0,0.0,0.0
MID100791,apparel,0,legit,none,0,0.0026007043694805418,,,,False,0,0.0,0.0,not_called,,0,0,NONE,0,,,0,not_triaged,0.0,91267.82666666666,,False,0.0,0.0,0.0,0.0
MID100580,pharmacy,0,legit,none,0,0.07943739729258478,pharmacy,0.9778,homepage,False,0,0.0,0.0,not_called,,0,0,NONE,0,,,2,evidence_exhausted,2.2,23096.93866666667,external_signal,True,0.0,0.0,0.0,0.0
MID103779,electronics_retail,0,legit,none,0,0.004835571044507742,,,,False,0,0.0,0.0,not_called,,0,0,NONE,0,,,0,not_triaged,0.0,101537.83366666667,,False,0.0,0.0,0.0,0.0
MID102757,skill_gaming,0,legit,none,0,0.009830431403275174,,,,False,0,0.0,0.0,not_called,,0,0,NONE,0,,,0,not_triaged,0.0,62056.704000000005,,True,0.0,0.0,0.0,0.0
MID101918,apparel,0,legit,none,0,0.0008754699334623299,,,,False,0,0.0,0.0,not_called,,0,0,NONE,0,,,0,not_triaged,0.0,132134.13066666666,,True,0.0,0.0,0.0,0.0
MID102026,home_furnishing,0,legit,none,0,0.012521620943132005,,,,False,0,0.0,0.0,not_called,,0,0,NONE,0,,,0,not_triaged,0.0,36801.60433333333,,False,0.0,0.0,0.0,0.0
MID103843,electronics_retail,0,legit,none,0,0.0004931313633797517,,,,False,0,0.0,0.0,not_called,,0,0,NONE,0,,,0,not_triaged,0.0,327043.44,,True,0.0,0.0,0.0,0.0
MID100466,electronics_retail,0,legit,none,0,0.0185841046070186,,,,False,0,0.0,0.0,not_called,,0,0,NONE,0,,,0,not_triaged,0.0,72568.03666666667,,True,0.0,0.0,0.0,0.0
MID102425,electronics_retail,0,legit,festival_season,0,0.02134975713689546,,,,False,0,0.0,0.0,not_called,,0,0,NONE,0,,,0,not_triaged,0.0,838737.5456666667,,False,0.0,0.0,0.0,0.0
MID102973,travel_agency,0,legit,none,0,0.0007422521157977239,,,,False,0,0.0,0.0,not_called,,0,0,NONE,0,,,0,not_triaged,0.0,216230.5943333333,,False,0.0,0.0,0.0,0.0
MID102785,skill_gaming,0,legit,none,0,0.0018303655282141285,,,,False,0,0.0,0.0,not_called,,0,0,NONE,0,,,0,not_triaged,0.0,319340.7316666667,,False,0.0,0.0,0.0,0.0
MID103026,pharmacy,0,legit,shared_platform,0,0.0008261739277098615,,,,False,0,0.0,0.0,not_called,,0,0,NONE,0,,,0,not_triaged,0.0,46246.070666666674,,False,0.0,0.0,0.0,0.0
MID101421,pharmacy,0,legit,shared_platform,0,0.003600396011553544,,,,False,0,0.0,0.0,not_called,,0,0,NONE,0,,,0,not_triaged,0.0,23989.605333333333,,True,0.0,0.0,0.0,0.0
MID101865,pharmacy,0,legit,none,0,0.0006900550767668182,,,,False,0,0.0,0.0,not_called,,0,0,NONE,0,,,0,not_triaged,0.0,31845.485666666664,,False,0.0,0.0,0.0,0.0
MID100014,subscription_box,1,funnel_ring,none,0,0.6410022418152023,crypto_exchange,0.8749,checkout,False,6,0.9424,0.808,declined,,3,3,RESTRICT,4,telemetry;storefront;infrastructure,telemetry,4,confidence_threshold_met,4.4,74075.07400000001,telemetry_drift;network_cluster,True,900.0,0.0,0.0,900.0
MID101220,apparel,0,legit,shared_platform,0,0.0021713117464236486,,,,False,0,0.0,0.0,not_called,,0,0,NONE,0,,,0,not_triaged,0.0,47483.83833333333,,True,0.0,0.0,0.0,0.0
MID101894,electronics_retail,0,legit,viral_spike,0,0.0007920049621948864,,,,False,0,0.0,0.0,not_called,,0,0,NONE,0,,,0,not_triaged,0.0,130604.03633333332,,False,0.0,0.0,0.0,0.0
MID100742,electronics_retail,0,legit,viral_spike,0,0.011581994464847967,,,,False,0,0.0,0.0,not_called,,0,0,NONE,0,,,0,not_triaged,0.0,198459.6983333333,,False,0.0,0.0,0.0,0.0
MID103143,travel_agency,0,legit,none,0,0.011602093814793352,travel_agency,0.9765,homepage,False,0,0.0,0.0,not_called,,0,0,NONE,0,,,2,evidence_exhausted,2.2,169293.54366666666,external_signal,False,0.0,0.0,0.0,0.0
MID100796,digital_services,0,legit,none,0,0.0015307593314856682,,,,False,0,0.0,0.0,not_called,,0,0,NONE,0,,,0,not_triaged,0.0,29889.25366666667,,False,0.0,0.0,0.0,0.0
MID101689,subscription_box,0,legit,none,0,0.0011108160778462042,,,,False,6,0.363,0.109,not_called,,0,0,NONE,0,,,0,not_triaged,0.0,146413.78999999998,,False,0.0,0.0,0.0,0.0
MID102614,apparel,0,legit,shared_platform,0,0.0024544414673025416,,,,False,0,0.0,0.0,not_called,,0,0,NONE,0,,,0,not_triaged,0.0,106865.68133333333,,False,0.0,0.0,0.0,0.0
MID102952,subscription_box,0,legit,none,0,0.0009452000255029485,,,,False,0,0.0,0.0,not_called,,0,0,NONE,0,,,0,not_triaged,0.0,172772.83833333335,,True,0.0,0.0,0.0,0.0
MID101491,apparel,0,legit,none,0,0.012634890874156734,,,,False,0,0.0,0.0,not_called,,0,0,NONE,0,,,0,not_triaged,0.0,61429.92233333333,,True,0.0,0.0,0.0,0.0
MID100447,digital_services,0,legit,shared_platform,0,0.0015535803942619843,,,,False,0,0.0,0.0,not_called,,0,0,NONE,0,,,0,not_triaged,0.0,91079.41033333332,,False,0.0,0.0,0.0,0.0
MID102767,skill_gaming,0,legit,none,0,0.00178310459301914,skill_gaming,0.8812,homepage,False,0,0.0,0.0,not_called,,0,0,NONE,0,,,2,evidence_exhausted,2.2,211140.665,high_volume_rotation,False,0.0,0.0,0.0,0.0
MID102434,home_furnishing,0,legit,viral_spike,0,0.002661208533946914,,,,False,0,0.0,0.0,not_called,,0,0,NONE,0,,,0,not_triaged,0.0,54378.02933333334,,False,0.0,0.0,0.0,0.0
MID101709,travel_agency,0,legit,none,0,0.004558254932090548,,,,False,0,0.0,0.0,not_called,,0,0,NONE,0,,,0,not_triaged,0.0,159693.78500000003,,False,0.0,0.0,0.0,0.0
MID101980,home_furnishing,0,legit,viral_spike,0,0.0017613063415309101,,,,False,0,0.0,0.0,not_called,,0,0,NONE,0,,,0,not_triaged,0.0,149791.46866666665,,False,0.0,0.0,0.0,0.0
MID100327,apparel,0,legit,none,0,0.002503576460289217,,,,False,0,0.0,0.0,not_called,,0,0,NONE,0,,,0,not_triaged,0.0,110054.02566666664,,False,0.0,0.0,0.0,0.0
MID100901,electronics_retail,0,legit,festival_season,0,0.03826550434093044,,,,False,0,0.0,0.0,not_called,,0,0,NONE,0,,,0,not_triaged,0.0,165280.31466666664,,False,0.0,0.0,0.0,0.0
MID103781,home_furnishing,0,legit,none,0,0.0011053793166547192,,,,False,0,0.0,0.0,not_called,,0,0,NONE,0,,,0,not_triaged,0.0,72985.01033333335,,False,0.0,0.0,0.0,0.0
MID103501,apparel,0,legit,none,0,0.0013162520533038181,,,,False,0,0.0,0.0,not_called,,0,0,NONE,0,,,0,not_triaged,0.0,53419.48033333333,,False,0.0,0.0,0.0,0.0
MID103511,electronics_retail,0,legit,none,0,0.001958258321343317,,,,False,0,0.0,0.0,not_called,,0,0,NONE,0,,,0,not_triaged,0.0,54885.29033333333,,False,0.0,0.0,0.0,0.0
MID101936,skill_gaming,0,legit,none,0,0.0020258963321407543,,,,False,0,0.0,0.0,not_called,,0,0,NONE,0,,,0,not_triaged,0.0,87096.95599999999,,True,0.0,0.0,0.0,0.0
MID100282,apparel,0,legit,none,0,0.0016524979270758468,,,,False,0,0.0,0.0,not_called,,0,0,NONE,0,,,0,not_triaged,0.0,244228.5796666667,,False,0.0,0.0,0.0,0.0
MID100485,pharmacy,0,legit,none,0,0.0029027146994520902,,,,False,7,0.4052,0.091,not_called,,0,0,NONE,0,,,0,not_triaged,0.0,66677.26066666667,,False,0.0,0.0,0.0,0.0
MID103899,electronics_retail,0,legit,none,0,0.0014201530694465843,,,,False,0,0.0,0.0,not_called,,0,0,NONE,0,,,0,not_triaged,0.0,262877.898,,True,0.0,0.0,0.0,0.0
MID101416,digital_services,0,legit,none,0,0.0005444809666798026,,,,False,0,0.0,0.0,not_called,,0,0,NONE,0,,,0,not_triaged,0.0,12412.802333333331,,False,0.0,0.0,0.0,0.0
MID102910,apparel,0,legit,festival_season,0,0.010328841120570486,,,,False,0,0.0,0.0,not_called,,0,0,NONE,0,,,0,not_triaged,0.0,183393.4313333333,,True,0.0,0.0,0.0,0.0
MID101743,home_furnishing,0,legit,festival_season,0,0.004944277290280557,,,,False,0,0.0,0.0,not_called,,0,0,NONE,0,,,0,not_triaged,0.0,193303.65966666664,,True,0.0,0.0,0.0,0.0
MID103935,electronics_retail,0,legit,none,0,0.000909234882158462,,,,False,0,0.0,0.0,not_called,,0,0,NONE,0,,,0,not_triaged,0.0,108855.20366666668,,False,0.0,0.0,0.0,0.0
MID103874,electronics_retail,0,legit,none,0,0.0037533315657350803,,,,False,0,0.0,0.0,not_called,,0,0,NONE,0,,,0,not_triaged,0.0,160674.336,,True,0.0,0.0,0.0,0.0
MID103363,home_furnishing,0,legit,viral_spike,0,0.003203471706976504,,,,False,0,0.0,0.0,not_called,,0,0,NONE,0,,,0,not_triaged,0.0,81247.85333333333,,True,0.0,0.0,0.0,0.0
MID101374,electronics_retail,0,legit,none,0,0.0012517560774860635,,,,False,0,0.0,0.0,not_called,,0,0,NONE,0,,,0,not_triaged,0.0,81135.58633333333,,False,0.0,0.0,0.0,0.0
MID103330,home_furnishing,0,legit,viral_spike,0,0.003980548886154955,,,,False,0,0.0,0.0,not_called,,0,0,NONE,0,,,0,not_triaged,0.0,296787.3116666667,,False,0.0,0.0,0.0,0.0
MID101625,electronics_retail,0,legit,none,0,0.0018372453110307814,,,,False,0,0.0,0.0,not_called,,0,0,NONE,0,,,0,not_triaged,0.0,190837.81966666665,,False,0.0,0.0,0.0,0.0
MID102380,electronics_retail,0,legit,viral_spike,0,0.0006241846456121659,,,,False,0,0.0,0.0,not_called,,0,0,NONE,0,,,0,not_triaged,0.0,109691.36533333334,,False,0.0,0.0,0.0,0.0
MID100107,home_furnishing,1,pivot_prohibited,none,1,0.974197146009777,sports_betting,0.99,homepage,False,0,0.0,0.0,no_answer,,2,2,RESTRICT,4,telemetry;storefront,telemetry,2,confidence_threshold_met,2.2,65768.45333333334,telemetry_drift,False,900.0,0.0,0.0,900.0
MID102312,pharmacy,0,legit,none,0,0.058631202621212186,,,,False,0,0.0,0.0,not_called,,0,0,NONE,0,,,0,not_triaged,0.0,30028.779999999995,,False,0.0,0.0,0.0,0.0
MID102942,apparel,0,legit,none,0,0.001756218092569975,,,,False,0,0.0,0.0,not_called,,0,0,NONE,0,,,0,not_triaged,0.0,110652.52533333334,,False,0.0,0.0,0.0,0.0
MID102634,home_furnishing,0,legit,none,0,0.0008963684487727063,,,,False,0,0.0,0.0,not_called,,0,0,NONE,0,,,0,not_triaged,0.0,8735.254,,False,0.0,0.0,0.0,0.0
MID103250,electronics_retail,0,legit,viral_spike,0,0.0008805218343764159,,,,False,0,0.0,0.0,not_called,,0,0,NONE,0,,,0,not_triaged,0.0,285747.20966666663,,False,0.0,0.0,0.0,0.0
MID103166,skill_gaming,0,legit,none,0,0.021182005947410217,,,,False,0,0.0,0.0,not_called,,0,0,NONE,0,,,0,not_triaged,0.0,214163.353,,True,0.0,0.0,0.0,0.0
MID103644,pharmacy,0,legit,shared_platform,0,0.0007069948534882427,,,,False,0,0.0,0.0,not_called,,0,0,NONE,0,,,0,not_triaged,0.0,68324.61033333333,,False,0.0,0.0,0.0,0.0
MID103027,subscription_box,0,legit,none,0,0.00814546793928527,,,,False,0,0.0,0.0,not_called,,0,0,NONE,0,,,0,not_triaged,0.0,51511.808,,False,0.0,0.0,0.0,0.0
MID100049,pharmacy,1,licensing_violation,none,0,0.2349426143346312,,,,False,0,0.0,0.0,not_called,,0,0,NONE,0,,,0,not_triaged,0.0,41841.747,,False,0.0,0.0,326279.81,326279.81
MID102652,skill_gaming,0,legit,none,0,0.0010552754132538388,,,,False,0,0.0,0.0,not_called,,0,0,NONE,0,,,0,not_triaged,0.0,82766.137,,False,0.0,0.0,0.0,0.0
MID101908,pharmacy,0,legit,none,0,0.0009851078687990455,,,,False,0,0.0,0.0,not_called,,0,0,NONE,0,,,0,not_triaged,0.0,52821.954666666665,,True,0.0,0.0,0.0,0.0
MID102507,apparel,0,legit,none,0,0.0015570463744716365,,,,False,0,0.0,0.0,not_called,,0,0,NONE,0,,,0,not_triaged,0.0,87375.85666666667,,False,0.0,0.0,0.0,0.0
MID102080,apparel,0,legit,festival_season,0,0.006141197549103018,,,,False,0,0.0,0.0,not_called,,0,0,NONE,0,,,0,not_triaged,0.0,99896.69966666668,,False,0.0,0.0,0.0,0.0
MID102439,apparel,0,legit,none,0,0.002594439538547312,,,,False,0,0.0,0.0,not_called,,0,0,NONE,0,,,0,not_triaged,0.0,133310.35433333332,,False,0.0,0.0,0.0,0.0
MID100789,home_furnishing,0,legit,none,0,0.02974513617533065,home_furnishing,0.99,homepage,False,0,0.0,0.0,not_called,,0,0,NONE,0,,,2,evidence_exhausted,2.2,15781.449,external_signal,True,0.0,0.0,0.0,0.0
MID103382,pharmacy,0,legit,none,0,0.010244784356493303,,,,False,0,0.0,0.0,not_called,,0,0,NONE,0,,,0,not_triaged,0.0,41202.16966666666,,False,0.0,0.0,0.0,0.0
MID100727,electronics_retail,0,legit,viral_spike,0,0.0007100670593613861,,,,False,0,0.0,0.0,not_called,,0,0,NONE,0,,,0,not_triaged,0.0,310682.861,,False,0.0,0.0,0.0,0.0
MID102804,pharmacy,0,legit,none,0,0.010081348129819596,,,,False,0,0.0,0.0,not_called,,0,0,NONE,0,,,0,not_triaged,0.0,41156.331666666665,,False,0.0,0.0,0.0,0.0
MID103362,home_furnishing,0,legit,none,0,0.015348274589692202,,,,False,0,0.0,0.0,not_called,,0,0,NONE,0,,,0,not_triaged,0.0,27795.483333333334,,False,0.0,0.0,0.0,0.0
MID103252,electronics_retail,0,legit,none,0,0.0013011811581101593,,,,False,0,0.0,0.0,not_called,,0,0,NONE,0,,,0,not_triaged,0.0,244459.207,,False,0.0,0.0,0.0,0.0
MID101762,digital_services,0,legit,price_point_change,0,0.006971542945601597,,,,False,0,0.0,0.0,not_called,,0,0,NONE,0,,,0,not_triaged,0.0,22426.050666666662,,True,0.0,0.0,0.0,0.0
MID103496,subscription_box,0,legit,none,0,0.002141123800733696,,,,False,0,0.0,0.0,not_called,,0,0,NONE,0,,,0,not_triaged,0.0,113674.169,,False,0.0,0.0,0.0,0.0
MID101167,pharmacy,0,legit,shared_platform,0,0.0010969832811473024,,,,False,0,0.0,0.0,not_called,,0,0,NONE,0,,,0,not_triaged,0.0,19152.913666666667,,False,0.0,0.0,0.0,0.0
MID102698,home_furnishing,0,legit,none,0,0.0016408113595977796,,,,False,0,0.0,0.0,not_called,,0,0,NONE,0,,,0,not_triaged,0.0,60765.67666666666,,False,0.0,0.0,0.0,0.0
MID101074,digital_services,0,legit,price_point_change,0,0.011278611950217383,,,,False,0,0.0,0.0,not_called,,0,0,NONE,0,,,0,not_triaged,0.0,50292.41933333334,,False,0.0,0.0,0.0,0.0
MID101553,pharmacy,0,legit,none,0,0.006127958050405285,,,,False,0,0.0,0.0,not_called,,0,0,NONE,0,,,0,not_triaged,0.0,12395.893666666669,,False,0.0,0.0,0.0,0.0
MID101366,apparel,0,legit,none,0,0.0008339988187464936,,,,False,0,0.0,0.0,not_called,,0,0,NONE,0,,,0,not_triaged,0.0,40101.75466666667,,False,0.0,0.0,0.0,0.0
MID102790,skill_gaming,0,legit,none,0,0.0008784155607623119,,,,False,0,0.0,0.0,not_called,,0,0,NONE,0,,,0,not_triaged,0.0,160206.83566666665,,True,0.0,0.0,0.0,0.0
MID102419,subscription_box,0,legit,none,0,0.0029271394150174293,,,,False,0,0.0,0.0,not_called,,0,0,NONE,0,,,0,not_triaged,0.0,47300.524000000005,,False,0.0,0.0,0.0,0.0
MID103671,electronics_retail,0,legit,none,0,0.0019496325657477832,,,,False,0,0.0,0.0,not_called,,0,0,NONE,0,,,0,not_triaged,0.0,361456.2063333333,,False,0.0,0.0,0.0,0.0
MID102659,apparel,0,legit,none,0,0.00484834758565433,,,,False,0,0.0,0.0,not_called,,0,0,NONE,0,,,0,not_triaged,0.0,36824.69066666668,,False,0.0,0.0,0.0,0.0
MID103407,pharmacy,0,legit,shared_platform,0,0.0009680325171122734,,,,False,0,0.0,0.0,not_called,,0,0,NONE,0,,,0,not_triaged,0.0,114776.69566666668,,False,0.0,0.0,0.0,0.0
MID101211,skill_gaming,0,legit,none,0,0.03038006339435424,,,,False,0,0.0,0.0,not_called,,0,0,NONE,0,,,0,not_triaged,0.0,129959.07933333331,,False,0.0,0.0,0.0,0.0
MID102167,skill_gaming,0,legit,none,0,0.0007486359800833623,,,,False,0,0.0,0.0,not_called,,0,0,NONE,0,,,0,not_triaged,0.0,105785.37166666666,,False,0.0,0.0,0.0,0.0
MID100319,electronics_retail,0,legit,none,0,0.0018528852604639372,,,,False,0,0.0,0.0,not_called,,0,0,NONE,0,,,0,not_triaged,0.0,123285.27166666668,,True,0.0,0.0,0.0,0.0
MID100472,subscription_box,0,legit,none,0,0.0020719374430220507,,,,False,0,0.0,0.0,not_called,,0,0,NONE,0,,,0,not_triaged,0.0,56265.042,,False,0.0,0.0,0.0,0.0
MID103006,home_furnishing,0,legit,viral_spike,0,0.017708035304142115,,,,False,0,0.0,0.0,not_called,,0,0,NONE,0,,,0,not_triaged,0.0,125508.572,,False,0.0,0.0,0.0,0.0
MID102958,electronics_retail,0,legit,viral_spike,0,0.012056153708966717,,,,False,15,0.4055,0.177,not_called,,0,0,NONE,0,,,0,not_triaged,0.0,130067.53933333332,,False,0.0,0.0,0.0,0.0
MID103181,home_furnishing,0,legit,none,0,0.0008616226558827294,,,,False,0,0.0,0.0,not_called,,0,0,NONE,0,,,0,not_triaged,0.0,68574.945,,True,0.0,0.0,0.0,0.0
MID103210,pharmacy,0,legit,none,0,0.010013179348372737,,,,False,0,0.0,0.0,not_called,,0,0,NONE,0,,,0,not_triaged,0.0,36868.87733333333,,True,0.0,0.0,0.0,0.0
MID101876,travel_agency,0,legit,none,0,0.08668084868363814,,,,False,0,0.0,0.0,not_called,,0,0,NONE,0,,,0,not_triaged,0.0,67778.66033333333,,False,0.0,0.0,0.0,0.0
MID100993,home_furnishing,0,legit,none,0,0.003100977787501105,,,,False,0,0.0,0.0,not_called,,0,0,NONE,0,,,0,not_triaged,0.0,65203.76500000001,,False,0.0,0.0,0.0,0.0
MID103528,travel_agency,0,legit,festival_season,0,0.0017629950860121994,,,,False,0,0.0,0.0,not_called,,0,0,NONE,0,,,0,not_triaged,0.0,161461.33066666668,,False,0.0,0.0,0.0,0.0
MID102760,subscription_box,0,legit,none,0,0.0014013280084563726,,,,False,0,0.0,0.0,not_called,,0,0,NONE,0,,,0,not_triaged,0.0,96130.07866666668,,False,0.0,0.0,0.0,0.0
MID102718,apparel,0,legit,none,0,0.0009898764341132603,,,,False,0,0.0,0.0,not_called,,0,0,NONE,0,,,0,not_triaged,0.0,42097.87433333333,,False,0.0,0.0,0.0,0.0
MID101385,subscription_box,0,legit,none,0,0.01458937074997945,,,,False,0,0.0,0.0,not_called,,0,0,NONE,0,,,0,not_triaged,0.0,49696.65033333333,,False,0.0,0.0,0.0,0.0
MID100619,electronics_retail,0,legit,viral_spike,0,0.0006549960334210769,,,,False,0,0.0,0.0,not_called,,0,0,NONE,0,,,0,not_triaged,0.0,109885.76133333331,,False,0.0,0.0,0.0,0.0
MID102351,subscription_box,0,legit,shared_platform,0,0.002356892270165834,,,,False,0,0.0,0.0,not_called,,0,0,NONE,0,,,0,not_triaged,0.0,145175.89000000004,,False,0.0,0.0,0.0,0.0
MID102821,electronics_retail,0,legit,viral_spike,0,0.00266907583816997,,,,False,0,0.0,0.0,not_called,,0,0,NONE,0,,,0,not_triaged,0.0,76364.75666666667,,False,0.0,0.0,0.0,0.0
MID102486,apparel,0,legit,price_point_change,0,0.0013659947802634796,,,,False,0,0.0,0.0,not_called,,0,0,NONE,0,,,0,not_triaged,0.0,18240.01,,True,0.0,0.0,0.0,0.0
MID103099,electronics_retail,0,legit,none,0,0.002298446694513106,,,,False,0,0.0,0.0,not_called,,0,0,NONE,0,,,0,not_triaged,0.0,51491.890666666666,,True,0.0,0.0,0.0,0.0
MID102729,home_furnishing,0,legit,festival_season,0,0.05583134492246428,,,,False,0,0.0,0.0,not_called,,0,0,NONE,0,,,0,not_triaged,0.0,71956.38133333335,,False,0.0,0.0,0.0,0.0
MID103499,apparel,0,legit,none,0,0.0027348415385308814,,,,False,2,0.5667,0.843,not_called,,1,1,REVIEW,1,infrastructure,,0,not_triaged,0.0,42121.848666666665,,False,0.0,0.0,0.0,0.0
MID102752,home_furnishing,0,legit,none,0,0.001280418951817212,,,,False,0,0.0,0.0,not_called,,0,0,NONE,0,,,0,not_triaged,0.0,115362.21133333333,,False,0.0,0.0,0.0,0.0
MID103932,skill_gaming,0,legit,none,0,0.0015379557132654679,,,,False,0,0.0,0.0,not_called,,0,0,NONE,0,,,0,not_triaged,0.0,177891.27766666666,,True,0.0,0.0,0.0,0.0
MID102140,digital_services,0,legit,none,0,0.003460815091331661,,,,False,0,0.0,0.0,not_called,,0,0,NONE,0,,,0,not_triaged,0.0,35001.16433333334,,True,0.0,0.0,0.0,0.0
MID101322,skill_gaming,0,legit,none,0,0.007373839448484006,,,,False,0,0.0,0.0,not_called,,0,0,NONE,0,,,0,not_triaged,0.0,384686.6946666667,,True,0.0,0.0,0.0,0.0
MID100557,travel_agency,0,legit,festival_season,0,0.0020671799245220433,,,,False,0,0.0,0.0,not_called,,0,0,NONE,0,,,0,not_triaged,0.0,167920.786,,False,0.0,0.0,0.0,0.0
MID102152,digital_services,0,legit,none,0,0.005012110296464701,,,,False,0,0.0,0.0,not_called,,0,0,NONE,0,,,0,not_triaged,0.0,152343.43899999998,,False,0.0,0.0,0.0,0.0
MID101734,skill_gaming,0,legit,none,0,0.0015362723173269217,,,,False,0,0.0,0.0,not_called,,0,0,NONE,0,,,0,not_triaged,0.0,139506.685,,True,0.0,0.0,0.0,0.0
MID102978,pharmacy,0,legit,none,0,0.12023246291183387,,,,False,0,0.0,0.0,not_called,,0,0,NONE,0,,,0,not_triaged,0.0,49488.735,,False,0.0,0.0,0.0,0.0
MID100225,digital_services,0,legit,none,0,0.0013385867477822405,,,,False,0,0.0,0.0,not_called,,0,0,NONE,0,,,0,not_triaged,0.0,152479.479,,False,0.0,0.0,0.0,0.0
MID102884,digital_services,0,legit,none,0,0.00039888851608477476,,,,False,0,0.0,0.0,not_called,,0,0,NONE,0,,,0,not_triaged,0.0,123867.86999999998,,True,0.0,0.0,0.0,0.0
MID103144,digital_services,0,legit,none,0,0.002763174492691957,,,,False,0,0.0,0.0,not_called,,0,0,NONE,0,,,0,not_triaged,0.0,24365.820333333333,,False,0.0,0.0,0.0,0.0
MID103540,pharmacy,0,legit,none,0,0.001639110523015325,,,,False,0,0.0,0.0,not_called,,0,0,NONE,0,,,0,not_triaged,0.0,13960.551333333333,,False,0.0,0.0,0.0,0.0
MID103196,pharmacy,0,legit,none,0,0.0032057018198620216,,,,False,0,0.0,0.0,not_called,,0,0,NONE,0,,,0,not_triaged,0.0,36749.45999999999,,True,0.0,0.0,0.0,0.0
MID103378,skill_gaming,0,legit,none,0,0.0033743712100734774,,,,False,0,0.0,0.0,not_called,,0,0,NONE,0,,,0,not_triaged,0.0,174318.9426666667,,False,0.0,0.0,0.0,0.0
MID101194,electronics_retail,0,legit,none,0,0.0013266103832292075,,,,False,0,0.0,0.0,not_called,,0,0,NONE,0,,,0,not_triaged,0.0,70082.05866666666,,True,0.0,0.0,0.0,0.0
MID100112,pharmacy,1,licensing_violation,none,0,0.6953871899087418,unregistered_pharmacy,0.99,homepage,False,0,0.0,0.0,answered,,2,2,RESTRICT,4,telemetry;storefront,telemetry,4,confidence_threshold_met,2.2,35850.278666666665,telemetry_drift,False,900.0,0.0,0.0,900.0
MID102446,skill_gaming,0,legit,none,0,0.0010780940745545604,,,,False,0,0.0,0.0,not_called,,0,0,NONE,0,,,0,not_triaged,0.0,249072.017,,False,0.0,0.0,0.0,0.0
MID102866,subscription_box,0,legit,none,0,0.0010492459228923674,,,,False,0,0.0,0.0,not_called,,0,0,NONE,0,,,0,not_triaged,0.0,70867.84966666668,,False,0.0,0.0,0.0,0.0
MID101347,home_furnishing,0,legit,none,0,0.0014724764375445292,,,,False,0,0.0,0.0,not_called,,0,0,NONE,0,,,0,not_triaged,0.0,26613.460333333336,,True,0.0,0.0,0.0,0.0
MID101207,electronics_retail,0,legit,none,0,0.02383820121856925,,,,False,0,0.0,0.0,not_called,,0,0,NONE,0,,,0,not_triaged,0.0,46734.00233333334,,False,0.0,0.0,0.0,0.0
MID101666,travel_agency,0,legit,none,0,0.01972553130324249,,,,False,0,0.0,0.0,not_called,,0,0,NONE,0,,,0,not_triaged,0.0,192867.611,,False,0.0,0.0,0.0,0.0
MID101912,pharmacy,0,legit,none,0,0.0022064598801939616,,,,False,0,0.0,0.0,not_called,,0,0,NONE,0,,,0,not_triaged,0.0,22686.34833333333,,False,0.0,0.0,0.0,0.0
MID102927,apparel,0,legit,none,0,0.008465422405310313,,,,False,0,0.0,0.0,not_called,,0,0,NONE,0,,,0,not_triaged,0.0,38779.745,,True,0.0,0.0,0.0,0.0
MID100525,skill_gaming,0,legit,none,0,0.0021376371515547526,,,,False,0,0.0,0.0,not_called,,0,0,NONE,0,,,0,not_triaged,0.0,264843.87666666665,,False,0.0,0.0,0.0,0.0
MID103955,home_furnishing,0,legit,none,0,0.00143851697209054,,,,False,0,0.0,0.0,not_called,,0,0,NONE,0,,,0,not_triaged,0.0,37357.45433333333,,False,0.0,0.0,0.0,0.0
MID102838,apparel,0,legit,price_point_change,0,0.0016677057111201018,,,,False,0,0.0,0.0,not_called,,0,0,NONE,0,,,0,not_triaged,0.0,19008.039,,False,0.0,0.0,0.0,0.0
MID101725,home_furnishing,0,legit,none,0,0.0010349055813812197,,,,False,0,0.0,0.0,not_called,,0,0,NONE,0,,,0,not_triaged,0.0,41795.65033333333,,True,0.0,0.0,0.0,0.0
MID100761,electronics_retail,0,legit,none,0,0.0006143205863284907,,,,False,0,0.0,0.0,not_called,,0,0,NONE,0,,,0,not_triaged,0.0,372361.71933333325,,False,0.0,0.0,0.0,0.0
MID101776,apparel,0,legit,none,0,0.0005989893560720176,,,,False,0,0.0,0.0,not_called,,0,0,NONE,0,,,0,not_triaged,0.0,35299.232,,True,0.0,0.0,0.0,0.0
MID103073,apparel,0,legit,none,0,0.000651668343578449,,,,False,0,0.0,0.0,not_called,,0,0,NONE,0,,,0,not_triaged,0.0,78879.25200000001,,False,0.0,0.0,0.0,0.0
MID103500,home_furnishing,0,legit,viral_spike,0,0.003908407599355404,,,,False,0,0.0,0.0,not_called,,0,0,NONE,0,,,0,not_triaged,0.0,119414.82633333332,,False,0.0,0.0,0.0,0.0
MID100663,apparel,0,legit,none,0,0.0017734343174775548,,,,False,0,0.0,0.0,not_called,,0,0,NONE,0,,,0,not_triaged,0.0,70950.319,,False,0.0,0.0,0.0,0.0
MID100615,home_furnishing,0,legit,festival_season,0,0.02560824725911629,,,,False,0,0.0,0.0,not_called,,0,0,NONE,0,,,0,not_triaged,0.0,569788.2683333332,,False,0.0,0.0,0.0,0.0
MID101705,apparel,0,legit,price_point_change,0,0.0008634808008929295,,,,False,0,0.0,0.0,not_called,,0,0,NONE,0,,,0,not_triaged,0.0,23801.621,,True,0.0,0.0,0.0,0.0
MID102098,apparel,0,legit,viral_spike,0,0.0014399932158502553,,,,False,0,0.0,0.0,not_called,,0,0,NONE,0,,,0,not_triaged,0.0,281580.14166666666,,False,0.0,0.0,0.0,0.0
MID103201,apparel,0,legit,price_point_change,0,0.0007518474478395591,,,,False,0,0.0,0.0,not_called,,0,0,NONE,0,,,0,not_triaged,0.0,81150.18933333334,,False,0.0,0.0,0.0,0.0
MID100817,pharmacy,0,legit,none,0,0.02472065639998367,,,,False,0,0.0,0.0,not_called,,0,0,NONE,0,,,0,not_triaged,0.0,118764.21266666666,,False,0.0,0.0,0.0,0.0
MID103648,home_furnishing,0,legit,none,0,0.0036219011424915327,,,,False,0,0.0,0.0,not_called,,0,0,NONE,0,,,0,not_triaged,0.0,27627.324666666667,,True,0.0,0.0,0.0,0.0
MID101017,electronics_retail,0,legit,none,0,0.002706930523791475,,,,False,0,0.0,0.0,not_called,,0,0,NONE,0,,,0,not_triaged,0.0,151122.54400000002,,False,0.0,0.0,0.0,0.0
MID103631,skill_gaming,0,legit,none,0,0.0019215634066691147,,,,False,0,0.0,0.0,not_called,,0,0,NONE,0,,,0,not_triaged,0.0,339398.7786666667,,True,0.0,0.0,0.0,0.0
MID103933,digital_services,0,legit,none,0,0.0006491331460024932,,,,False,11,0.4584,0.318,not_called,,1,1,REVIEW,0,,,0,not_triaged,0.0,88434.83633333333,,True,0.0,0.0,0.0,0.0
MID102048,pharmacy,0,legit,none,0,0.0008350869663307261,,,,False,0,0.0,0.0,not_called,,0,0,NONE,0,,,0,not_triaged,0.0,39516.874,,False,0.0,0.0,0.0,0.0
MID100885,digital_services,0,legit,none,0,0.0006377174035811082,,,,False,0,0.0,0.0,not_called,,0,0,NONE,0,,,0,not_triaged,0.0,33506.585,,False,0.0,0.0,0.0,0.0
MID102583,apparel,0,legit,none,0,0.29659691090874707,,,,False,0,0.0,0.0,not_called,,0,0,NONE,0,,,0,not_triaged,0.0,25035.09,,True,0.0,0.0,0.0,0.0
MID100465,home_furnishing,0,legit,none,0,0.005866305562507576,,,,False,0,0.0,0.0,not_called,,0,0,NONE,0,,,0,not_triaged,0.0,100293.76766666668,,False,0.0,0.0,0.0,0.0
MID101440,apparel,0,legit,none,0,0.0009771566524204751,,,,False,0,0.0,0.0,not_called,,0,0,NONE,0,,,0,not_triaged,0.0,67747.01766666667,,False,0.0,0.0,0.0,0.0
MID102979,apparel,0,legit,none,0,0.0012411584182746343,,,,False,0,0.0,0.0,not_called,,0,0,NONE,0,,,0,not_triaged,0.0,34536.699,,True,0.0,0.0,0.0,0.0
MID102818,pharmacy,0,legit,none,0,0.003709282739022347,,,,False,0,0.0,0.0,not_called,,0,0,NONE,0,,,0,not_triaged,0.0,61900.438,,False,0.0,0.0,0.0,0.0
MID101297,skill_gaming,0,legit,none,0,0.0010141725312682263,,,,False,0,0.0,0.0,not_called,,0,0,NONE,0,,,0,not_triaged,0.0,372963.9133333333,,False,0.0,0.0,0.0,0.0
MID101638,travel_agency,0,legit,festival_season,0,0.10241870168060402,,,,False,0,0.0,0.0,not_called,,0,0,NONE,0,,,0,not_triaged,0.0,208488.1536666667,,True,0.0,0.0,0.0,0.0
MID103349,digital_services,0,legit,none,0,0.0019567102652591137,,,,False,0,0.0,0.0,not_called,,0,0,NONE,0,,,0,not_triaged,0.0,132927.49866666668,,False,0.0,0.0,0.0,0.0
MID102901,digital_services,0,legit,none,0,0.004636780195334093,,,,False,0,0.0,0.0,not_called,,0,0,NONE,0,,,0,not_triaged,0.0,22751.36866666667,,False,0.0,0.0,0.0,0.0
MID100147,apparel,0,legit,none,0,0.002102544571190769,,,,False,0,0.0,0.0,not_called,,0,0,NONE,0,,,0,not_triaged,0.0,70896.65500000001,,True,0.0,0.0,0.0,0.0
MID100333,electronics_retail,0,legit,none,0,0.023863047249938193,electronics_retail,0.99,homepage,False,0,0.0,0.0,not_called,,0,0,NONE,0,,,2,evidence_exhausted,2.2,200254.562,external_signal,False,0.0,0.0,0.0,0.0
MID100426,electronics_retail,0,legit,festival_season,0,0.0035394468256563913,,,,False,0,0.0,0.0,not_called,,0,0,NONE,0,,,0,not_triaged,0.0,1476420.319,,False,0.0,0.0,0.0,0.0
MID103638,skill_gaming,0,legit,none,0,0.0008684925282958916,,,,False,0,0.0,0.0,not_called,,0,0,NONE,0,,,0,not_triaged,0.0,139522.76366666667,,True,0.0,0.0,0.0,0.0
MID102714,home_furnishing,0,legit,none,0,0.004599680302996936,,,,False,0,0.0,0.0,not_called,,0,0,NONE,0,,,0,not_triaged,0.0,32196.98833333333,,False,0.0,0.0,0.0,0.0
MID100352,digital_services,0,legit,none,0,0.010864276288239796,,,,False,0,0.0,0.0,not_called,,0,0,NONE,0,,,0,not_triaged,0.0,149223.75,,True,0.0,0.0,0.0,0.0
MID103902,apparel,0,legit,none,0,0.002351962458552792,,,,False,0,0.0,0.0,not_called,,0,0,NONE,0,,,0,not_triaged,0.0,96286.635,,False,0.0,0.0,0.0,0.0
MID101559,apparel,0,legit,none,0,0.0016390235003884454,,,,False,0,0.0,0.0,not_called,,0,0,NONE,0,,,0,not_triaged,0.0,68827.44433333333,,False,0.0,0.0,0.0,0.0
MID102065,digital_services,0,legit,none,0,0.006189856866530213,digital_services,0.99,homepage,False,0,0.0,0.0,not_called,,0,0,NONE,0,,,2,evidence_exhausted,2.2,32002.44,external_signal,False,0.0,0.0,0.0,0.0
MID103132,skill_gaming,0,legit,none,0,0.017503648247379003,,,,False,0,0.0,0.0,not_called,,0,0,NONE,0,,,0,not_triaged,0.0,89661.07233333333,,False,0.0,0.0,0.0,0.0
MID103841,subscription_box,0,legit,none,0,0.007528214272852122,,,,False,0,0.0,0.0,not_called,,0,0,NONE,0,,,0,not_triaged,0.0,44259.11033333334,,True,0.0,0.0,0.0,0.0
MID102000,electronics_retail,0,legit,viral_spike,0,0.0006028878173047542,,,,False,0,0.0,0.0,not_called,,0,0,NONE,0,,,0,not_triaged,0.0,203443.27733333333,,True,0.0,0.0,0.0,0.0
MID103304,home_furnishing,0,legit,none,0,0.0015554530537260829,,,,False,0,0.0,0.0,not_called,,0,0,NONE,0,,,0,not_triaged,0.0,12630.877333333332,,False,0.0,0.0,0.0,0.0
MID103630,pharmacy,0,legit,none,0,0.004045012701892217,,,,False,0,0.0,0.0,not_called,,0,0,NONE,0,,,0,not_triaged,0.0,81521.93666666666,,True,0.0,0.0,0.0,0.0
MID100517,electronics_retail,0,legit,none,0,0.0012959504443857165,,,,False,0,0.0,0.0,not_called,,0,0,NONE,0,,,0,not_triaged,0.0,52551.44033333333,,True,0.0,0.0,0.0,0.0
MID101296,electronics_retail,0,legit,none,0,0.003942226167117979,,,,False,0,0.0,0.0,not_called,,0,0,NONE,0,,,0,not_triaged,0.0,57188.09233333333,,False,0.0,0.0,0.0,0.0
MID101101,apparel,0,legit,price_point_change,0,0.006946907135986321,apparel,0.99,homepage,False,0,0.0,0.0,not_called,,0,0,NONE,0,,,2,evidence_exhausted,2.2,12150.192,external_signal,False,0.0,0.0,0.0,0.0
MID102412,electronics_retail,0,legit,festival_season,0,0.007574092989900291,,,,False,0,0.0,0.0,not_called,,0,0,NONE,0,,,0,not_triaged,0.0,449413.3423333333,,True,0.0,0.0,0.0,0.0
MID100013,digital_services,1,funnel_ring,none,0,0.6070332809674717,crypto_exchange,0.9483,checkout,False,6,0.9424,0.808,no_answer,,2,2,RESTRICT,4,storefront;infrastructure,infrastructure,4,confidence_threshold_met,4.4,49025.09633333333,telemetry_drift;network_cluster,True,900.0,0.0,0.0,900.0
MID100953,apparel,0,legit,festival_season,0,0.0016884568627854285,,,,False,0,0.0,0.0,not_called,,0,0,NONE,0,,,0,not_triaged,0.0,251333.5843333333,,False,0.0,0.0,0.0,0.0
MID103012,electronics_retail,0,legit,none,0,0.0012046040638396512,,,,False,0,0.0,0.0,not_called,,0,0,NONE,0,,,0,not_triaged,0.0,224165.798,,False,0.0,0.0,0.0,0.0
MID102042,home_furnishing,0,legit,viral_spike,0,0.006245496435477227,,,,False,0,0.0,0.0,not_called,,0,0,NONE,0,,,0,not_triaged,0.0,33329.47666666667,,False,0.0,0.0,0.0,0.0
MID100404,electronics_retail,0,legit,viral_spike,0,0.0066979662044946014,,,,False,0,0.0,0.0,not_called,,0,0,NONE,0,,,0,not_triaged,0.0,306399.2486666666,,False,0.0,0.0,0.0,0.0
MID101001,electronics_retail,0,legit,festival_season,0,0.00948521352841599,electronics_retail,0.99,homepage,False,0,0.0,0.0,not_called,,0,0,NONE,0,,,2,evidence_exhausted,2.2,59311.484,volume_shape_change,True,0.0,0.0,0.0,0.0
MID102823,digital_services,0,legit,none,0,0.0026300169410765,,,,False,0,0.0,0.0,not_called,,0,0,NONE,0,,,0,not_triaged,0.0,43479.92366666666,,False,0.0,0.0,0.0,0.0
MID100512,apparel,0,legit,none,0,0.0052635276893534064,,,,False,0,0.0,0.0,not_called,,0,0,NONE,0,,,0,not_triaged,0.0,127799.24099999998,,False,0.0,0.0,0.0,0.0
MID100284,home_furnishing,0,legit,none,0,0.0035248837119324357,,,,False,0,0.0,0.0,not_called,,0,0,NONE,0,,,0,not_triaged,0.0,113436.87866666669,,False,0.0,0.0,0.0,0.0
MID101927,travel_agency,0,legit,festival_season,0,0.0028313229747251264,,,,False,0,0.0,0.0,not_called,,0,0,NONE,0,,,0,not_triaged,0.0,551868.533,,False,0.0,0.0,0.0,0.0
MID102798,skill_gaming,0,legit,none,0,0.0006555770283688726,,,,False,0,0.0,0.0,not_called,,0,0,NONE,0,,,0,not_triaged,0.0,644850.067,,False,0.0,0.0,0.0,0.0
MID100543,apparel,0,legit,none,0,0.00783723780775426,apparel,0.9136,homepage,False,0,0.0,0.0,not_called,,0,0,NONE,0,,,2,evidence_exhausted,2.2,106761.232,external_signal,False,0.0,0.0,0.0,0.0
MID100434,home_furnishing,0,legit,none,0,0.0009261226619590637,,,,False,11,0.4584,0.318,not_called,,1,1,REVIEW,0,,,0,not_triaged,0.0,123578.98966666666,,True,0.0,0.0,0.0,0.0
MID102309,electronics_retail,0,legit,none,0,0.002581392100022557,,,,False,0,0.0,0.0,not_called,,0,0,NONE,0,,,0,not_triaged,0.0,93649.304,,False,0.0,0.0,0.0,0.0
MID102038,digital_services,0,legit,none,0,0.0014289382272069534,,,,False,0,0.0,0.0,not_called,,0,0,NONE,0,,,0,not_triaged,0.0,140020.287,,False,0.0,0.0,0.0,0.0
MID101070,skill_gaming,0,legit,none,0,0.0007965329604466699,,,,False,0,0.0,0.0,not_called,,0,0,NONE,0,,,0,not_triaged,0.0,93805.27766666668,,True,0.0,0.0,0.0,0.0
MID102257,home_furnishing,0,legit,none,0,0.0011293717406484127,,,,False,0,0.0,0.0,not_called,,0,0,NONE,0,,,0,not_triaged,0.0,16203.724666666663,,False,0.0,0.0,0.0,0.0
MID101608,pharmacy,0,legit,none,0,0.0011507016360668592,,,,False,0,0.0,0.0,not_called,,0,0,NONE,0,,,0,not_triaged,0.0,61291.858,,False,0.0,0.0,0.0,0.0
MID101397,apparel,0,legit,viral_spike,0,0.00268220215808791,,,,False,0,0.0,0.0,not_called,,0,0,NONE,0,,,0,not_triaged,0.0,80861.759,,True,0.0,0.0,0.0,0.0
MID101662,subscription_box,0,legit,none,0,0.00139946877987944,,,,False,0,0.0,0.0,not_called,,0,0,NONE,0,,,0,not_triaged,0.0,45876.692,,False,0.0,0.0,0.0,0.0
MID103440,apparel,0,legit,none,0,0.04398538045175471,,,,False,0,0.0,0.0,not_called,,0,0,NONE,0,,,0,not_triaged,0.0,32044.11333333333,,False,0.0,0.0,0.0,0.0
MID102493,apparel,0,legit,none,0,0.0013400323568568684,apparel,0.9627,homepage,False,0,0.0,0.0,not_called,,0,0,NONE,0,,,2,evidence_exhausted,2.2,293208.3013333333,high_volume_rotation,False,0.0,0.0,0.0,0.0
MID103966,electronics_retail,0,legit,festival_season,0,0.004639596268461947,,,,False,0,0.0,0.0,not_called,,0,0,NONE,0,,,0,not_triaged,0.0,723036.313,,False,0.0,0.0,0.0,0.0
MID102106,subscription_box,0,legit,none,0,0.0015628561277458465,,,,False,0,0.0,0.0,not_called,,0,0,NONE,0,,,0,not_triaged,0.0,98143.055,,False,0.0,0.0,0.0,0.0
MID103471,electronics_retail,0,legit,none,0,0.0013587493052005073,,,,False,0,0.0,0.0,not_called,,0,0,NONE,0,,,0,not_triaged,0.0,83852.014,,True,0.0,0.0,0.0,0.0
MID103815,pharmacy,0,legit,shared_platform,0,0.002310946298510219,,,,False,0,0.0,0.0,not_called,,0,0,NONE,0,,,0,not_triaged,0.0,34290.596333333335,,False,0.0,0.0,0.0,0.0
MID101129,apparel,0,legit,none,0,0.0017502340536497325,,,,False,0,0.0,0.0,not_called,,0,0,NONE,0,,,0,not_triaged,0.0,128330.916,,False,0.0,0.0,0.0,0.0
MID101565,electronics_retail,0,legit,none,0,0.0015451540967334556,,,,False,0,0.0,0.0,not_called,,0,0,NONE,0,,,0,not_triaged,0.0,222308.878,,True,0.0,0.0,0.0,0.0
MID101679,subscription_box,0,legit,price_point_change,0,0.05154893945086159,,,,False,0,0.0,0.0,not_called,,0,0,NONE,0,,,0,not_triaged,0.0,62321.49533333333,,False,0.0,0.0,0.0,0.0
MID102836,electronics_retail,0,legit,viral_spike,0,0.0008503903637538151,,,,False,0,0.0,0.0,not_called,,0,0,NONE,0,,,0,not_triaged,0.0,138365.00033333333,,True,0.0,0.0,0.0,0.0
MID103804,electronics_retail,0,legit,none,0,0.0009259736385611989,,,,False,0,0.0,0.0,not_called,,0,0,NONE,0,,,0,not_triaged,0.0,471250.015,,False,0.0,0.0,0.0,0.0
MID100785,digital_services,0,legit,none,0,0.0007884793308685981,,,,False,0,0.0,0.0,not_called,,0,0,NONE,0,,,0,not_triaged,0.0,41247.27933333334,,False,0.0,0.0,0.0,0.0
MID100250,apparel,0,legit,price_point_change,0,0.003253300528605182,,,,False,0,0.0,0.0,not_called,,0,0,NONE,0,,,0,not_triaged,0.0,18970.477333333336,,True,0.0,0.0,0.0,0.0
MID103355,home_furnishing,0,legit,festival_season,0,0.008952481485272428,,,,False,0,0.0,0.0,not_called,,0,0,NONE,0,,,0,not_triaged,0.0,41677.542,,False,0.0,0.0,0.0,0.0
MID101487,subscription_box,0,legit,none,0,0.001143421427162085,,,,False,0,0.0,0.0,not_called,,0,0,NONE,0,,,0,not_triaged,0.0,98726.03,,True,0.0,0.0,0.0,0.0
MID103718,subscription_box,0,legit,none,0,0.0007328420780686663,,,,False,0,0.0,0.0,not_called,,0,0,NONE,0,,,0,not_triaged,0.0,142768.78066666666,,False,0.0,0.0,0.0,0.0
MID100008,electronics_retail,1,funnel_ring,none,0,0.9965665143221937,crypto_exchange,0.99,checkout,False,7,0.9291,0.764,answered,False,4,4,RESTRICT,4,telemetry;storefront;infrastructure;statement,the merchant's own statement,4,confidence_threshold_met,4.4,87997.64233333334,telemetry_drift;network_cluster,False,900.0,0.0,0.0,900.0
MID102677,skill_gaming,0,legit,none,0,0.0014966579813886012,,,,False,0,0.0,0.0,not_called,,0,0,NONE,0,,,0,not_triaged,0.0,106216.48733333334,,False,0.0,0.0,0.0,0.0
MID100775,travel_agency,0,legit,festival_season,0,0.008456804003753211,,,,False,0,0.0,0.0,not_called,,0,0,NONE,0,,,0,not_triaged,0.0,504178.67766666674,,False,0.0,0.0,0.0,0.0
MID101965,home_furnishing,0,legit,none,0,0.0027509803496698,,,,False,0,0.0,0.0,not_called,,0,0,NONE,0,,,0,not_triaged,0.0,21821.765333333333,,True,0.0,0.0,0.0,0.0
MID103641,pharmacy,0,legit,none,0,0.005955048491006595,,,,False,0,0.0,0.0,not_called,,0,0,NONE,0,,,0,not_triaged,0.0,40385.63966666666,,True,0.0,0.0,0.0,0.0
MID101161,home_furnishing,0,legit,none,0,0.0020975126967642,,,,False,0,0.0,0.0,not_called,,0,0,NONE,0,,,0,not_triaged,0.0,31786.862,,False,0.0,0.0,0.0,0.0
MID100673,home_furnishing,0,legit,none,0,0.0010401235987647633,,,,False,0,0.0,0.0,not_called,,0,0,NONE,0,,,0,not_triaged,0.0,31265.19,,False,0.0,0.0,0.0,0.0
MID101889,electronics_retail,0,legit,none,0,0.0030964728638276052,,,,False,0,0.0,0.0,not_called,,0,0,NONE,0,,,0,not_triaged,0.0,28167.322,,False,0.0,0.0,0.0,0.0
MID101655,home_furnishing,0,legit,none,0,0.009176983836138287,,,,False,0,0.0,0.0,not_called,,0,0,NONE,0,,,0,not_triaged,0.0,28972.908333333333,,False,0.0,0.0,0.0,0.0
MID101976,pharmacy,0,legit,none,0,0.0014885299640131436,,,,False,0,0.0,0.0,not_called,,0,0,NONE,0,,,0,not_triaged,0.0,36224.62466666666,,True,0.0,0.0,0.0,0.0
MID103502,pharmacy,0,legit,none,0,0.034381245442629854,,,,False,0,0.0,0.0,not_called,,0,0,NONE,0,,,0,not_triaged,0.0,15464.753,,False,0.0,0.0,0.0,0.0
MID102163,electronics_retail,0,legit,none,0,0.0019497612356911902,,,,False,11,0.4123,0.164,not_called,,0,0,NONE,0,,,0,not_triaged,0.0,223803.58866666668,,False,0.0,0.0,0.0,0.0
MID101358,skill_gaming,0,legit,none,0,0.001495119560554816,,,,False,0,0.0,0.0,not_called,,0,0,NONE,0,,,0,not_triaged,0.0,166913.29266666668,,True,0.0,0.0,0.0,0.0
MID102350,digital_services,0,legit,none,0,0.0006291578867892424,,,,False,0,0.0,0.0,not_called,,0,0,NONE,0,,,0,not_triaged,0.0,67441.707,,True,0.0,0.0,0.0,0.0
MID103587,home_furnishing,0,legit,none,0,0.026185828790329484,home_furnishing,0.9278,homepage,False,0,0.0,0.0,not_called,,0,0,NONE,0,,,2,evidence_exhausted,2.2,14094.396333333332,external_signal,False,0.0,0.0,0.0,0.0
MID101054,digital_services,0,legit,none,0,0.022274436655596034,,,,False,0,0.0,0.0,not_called,,0,0,NONE,0,,,0,not_triaged,0.0,88478.38700000002,,False,0.0,0.0,0.0,0.0
MID101690,home_furnishing,0,legit,none,0,0.002448485877264321,,,,False,0,0.0,0.0,not_called,,0,0,NONE,0,,,0,not_triaged,0.0,16216.513999999996,,False,0.0,0.0,0.0,0.0
MID101236,home_furnishing,0,legit,none,0,0.0020369398612632233,,,,False,0,0.0,0.0,not_called,,0,0,NONE,0,,,0,not_triaged,0.0,115766.29366666664,,False,0.0,0.0,0.0,0.0
MID100773,apparel,0,legit,none,0,0.0010739910177260932,,,,False,0,0.0,0.0,not_called,,0,0,NONE,0,,,0,not_triaged,0.0,22764.20333333333,,True,0.0,0.0,0.0,0.0
MID100718,travel_agency,0,legit,none,0,0.001142745264060512,,,,False,0,0.0,0.0,not_called,,0,0,NONE,0,,,0,not_triaged,0.0,45384.58933333334,,False,0.0,0.0,0.0,0.0
MID103136,skill_gaming,0,legit,none,0,0.0008376258174247889,,,,False,0,0.0,0.0,not_called,,0,0,NONE,0,,,0,not_triaged,0.0,232721.57266666667,,False,0.0,0.0,0.0,0.0
MID101757,travel_agency,0,legit,festival_season,0,0.006567524167711971,,,,False,0,0.0,0.0,not_called,,0,0,NONE,0,,,0,not_triaged,0.0,1106593.033,,False,0.0,0.0,0.0,0.0
MID100289,subscription_box,0,legit,none,0,0.0005705098869181317,,,,False,0,0.0,0.0,not_called,,0,0,NONE,0,,,0,not_triaged,0.0,101506.81866666667,,False,0.0,0.0,0.0,0.0
MID100983,skill_gaming,0,legit,none,0,0.0021624188716212675,,,,False,0,0.0,0.0,not_called,,0,0,NONE,0,,,0,not_triaged,0.0,99941.98033333334,,False,0.0,0.0,0.0,0.0
MID100167,apparel,0,legit,none,0,0.003399423379723861,,,,False,0,0.0,0.0,not_called,,0,0,NONE,0,,,0,not_triaged,0.0,75995.11833333333,,False,0.0,0.0,0.0,0.0
MID100221,travel_agency,0,legit,festival_season,0,0.00764819611822738,,,,False,0,0.0,0.0,not_called,,0,0,NONE,0,,,0,not_triaged,0.0,646854.672,,True,0.0,0.0,0.0,0.0
MID100468,digital_services,0,legit,price_point_change,0,0.0013741988033203496,,,,False,0,0.0,0.0,not_called,,0,0,NONE,0,,,0,not_triaged,0.0,23811.698,,True,0.0,0.0,0.0,0.0
MID101948,apparel,0,legit,none,0,0.001569175929215064,apparel,0.9199,homepage,False,0,0.0,0.0,not_called,,0,0,NONE,0,,,2,evidence_exhausted,2.2,209730.8266666667,high_volume_rotation,False,0.0,0.0,0.0,0.0
MID101310,subscription_box,0,legit,none,0,0.005194396441044123,,,,False,0,0.0,0.0,not_called,,0,0,NONE,0,,,0,not_triaged,0.0,25263.817,,True,0.0,0.0,0.0,0.0
MID103336,pharmacy,0,legit,none,0,0.0007934500998515669,,,,False,0,0.0,0.0,not_called,,0,0,NONE,0,,,0,not_triaged,0.0,99797.345,,False,0.0,0.0,0.0,0.0
MID101834,electronics_retail,0,legit,none,0,0.008473679163789728,,,,False,0,0.0,0.0,not_called,,0,0,NONE,0,,,0,not_triaged,0.0,501104.7473333333,,True,0.0,0.0,0.0,0.0
MID103838,electronics_retail,0,legit,none,0,0.004133479411300052,,,,False,0,0.0,0.0,not_called,,0,0,NONE,0,,,0,not_triaged,0.0,1304058.8433333333,,True,0.0,0.0,0.0,0.0
MID103430,home_furnishing,0,legit,none,0,0.08202769501979404,,,,False,0,0.0,0.0,not_called,,0,0,NONE,0,,,0,not_triaged,0.0,66096.04766666667,,False,0.0,0.0,0.0,0.0
MID100573,pharmacy,0,legit,none,0,0.06008751812294547,,,,False,0,0.0,0.0,not_called,,0,0,NONE,0,,,0,not_triaged,0.0,27880.362666666668,,True,0.0,0.0,0.0,0.0
MID103390,apparel,0,legit,none,0,0.000853041427500007,,,,False,0,0.0,0.0,not_called,,0,0,NONE,0,,,0,not_triaged,0.0,103828.268,,False,0.0,0.0,0.0,0.0
MID102919,skill_gaming,0,legit,none,0,0.0012468787649248091,,,,False,0,0.0,0.0,not_called,,0,0,NONE,0,,,0,not_triaged,0.0,41320.852,,False,0.0,0.0,0.0,0.0
MID100702,apparel,0,legit,none,0,0.003502237425663283,,,,False,0,0.0,0.0,not_called,,0,0,NONE,0,,,0,not_triaged,0.0,54362.612,,False,0.0,0.0,0.0,0.0
MID100504,home_furnishing,0,legit,none,0,0.0011448390077067757,,,,False,0,0.0,0.0,not_called,,0,0,NONE,0,,,0,not_triaged,0.0,29679.63833333333,,False,0.0,0.0,0.0,0.0
MID100328,electronics_retail,0,legit,none,0,0.003463996849192603,,,,False,0,0.0,0.0,not_called,,0,0,NONE,0,,,0,not_triaged,0.0,167420.96866666668,,True,0.0,0.0,0.0,0.0
MID101731,home_furnishing,0,legit,viral_spike,0,0.01420310259701424,,,,False,0,0.0,0.0,not_called,,0,0,NONE,0,,,0,not_triaged,0.0,26269.559666666668,,False,0.0,0.0,0.0,0.0
MID102628,electronics_retail,0,legit,none,0,0.0016320329447552092,,,,False,0,0.0,0.0,not_called,,0,0,NONE,0,,,0,not_triaged,0.0,44729.326,,False,0.0,0.0,0.0,0.0
MID100587,electronics_retail,0,legit,viral_spike,0,0.0017551793958709347,,,,False,0,0.0,0.0,not_called,,0,0,NONE,0,,,0,not_triaged,0.0,419682.447,,False,0.0,0.0,0.0,0.0
MID101614,apparel,0,legit,none,0,0.002090182718881923,,,,False,0,0.0,0.0,not_called,,0,0,NONE,0,,,0,not_triaged,0.0,114427.75133333332,,False,0.0,0.0,0.0,0.0
MID101451,travel_agency,0,legit,none,0,0.0009845441110666975,,,,False,0,0.0,0.0,not_called,,0,0,NONE,0,,,0,not_triaged,0.0,486145.67233333335,,False,0.0,0.0,0.0,0.0
MID101670,electronics_retail,0,legit,none,0,0.0017058219695140022,,,,False,0,0.0,0.0,not_called,,0,0,NONE,0,,,0,not_triaged,0.0,62139.18433333332,,True,0.0,0.0,0.0,0.0
MID101251,travel_agency,0,legit,none,0,0.0009860393046852833,,,,False,0,0.0,0.0,not_called,,0,0,NONE,0,,,0,not_triaged,0.0,51324.8,,False,0.0,0.0,0.0,0.0
MID100175,apparel,0,legit,none,0,0.0015138191119429224,,,,False,0,0.0,0.0,not_called,,0,0,NONE,0,,,0,not_triaged,0.0,44064.951,,False,0.0,0.0,0.0,0.0
MID100412,home_furnishing,0,legit,none,0,0.001363791816427405,,,,False,0,0.0,0.0,not_called,,0,0,NONE,0,,,0,not_triaged,0.0,85708.29633333333,,False,0.0,0.0,0.0,0.0
MID103480,electronics_retail,0,legit,viral_spike,0,0.03309814370349559,,,,False,15,0.4055,0.177,not_called,,0,0,NONE,0,,,0,not_triaged,0.0,286760.6973333333,,False,0.0,0.0,0.0,0.0
MID103904,apparel,0,legit,festival_season,0,0.008411370134759065,,,,False,0,0.0,0.0,not_called,,0,0,NONE,0,,,0,not_triaged,0.0,118215.59366666668,,False,0.0,0.0,0.0,0.0
MID100837,apparel,0,legit,none,0,0.002223105534685125,,,,False,0,0.0,0.0,not_called,,0,0,NONE,0,,,0,not_triaged,0.0,23247.32433333333,,False,0.0,0.0,0.0,0.0
MID101864,apparel,0,legit,none,0,0.0009107570899800163,,,,False,0,0.0,0.0,not_called,,0,0,NONE,0,,,0,not_triaged,0.0,47944.63366666667,,False,0.0,0.0,0.0,0.0
MID100321,electronics_retail,0,legit,none,0,0.0025453454826119804,,,,False,0,0.0,0.0,not_called,,0,0,NONE,0,,,0,not_triaged,0.0,274572.729,,False,0.0,0.0,0.0,0.0
MID102012,travel_agency,0,legit,none,0,0.0010001434509046522,,,,False,0,0.0,0.0,not_called,,0,0,NONE,0,,,0,not_triaged,0.0,484607.916,,False,0.0,0.0,0.0,0.0
MID102477,apparel,0,legit,price_point_change,0,0.0011613665955513398,,,,False,0,0.0,0.0,not_called,,0,0,NONE,0,,,0,not_triaged,0.0,21634.731666666667,,True,0.0,0.0,0.0,0.0
MID100530,subscription_box,0,legit,none,0,0.0035089097653166375,,,,False,0,0.0,0.0,not_called,,0,0,NONE,0,,,0,not_triaged,0.0,122921.108,,True,0.0,0.0,0.0,0.0
MID102490,electronics_retail,0,legit,none,0,0.004443644660374121,,,,False,0,0.0,0.0,not_called,,0,0,NONE,0,,,0,not_triaged,0.0,321238.58633333334,,False,0.0,0.0,0.0,0.0
MID103514,apparel,0,legit,none,0,0.06216648971181535,,,,False,0,0.0,0.0,not_called,,0,0,NONE,0,,,0,not_triaged,0.0,45718.066333333336,,True,0.0,0.0,0.0,0.0
MID101898,subscription_box,0,legit,shared_platform,0,0.0013191852179820951,,,,False,0,0.0,0.0,not_called,,0,0,NONE,0,,,0,not_triaged,0.0,52915.73366666667,,False,0.0,0.0,0.0,0.0
MID103842,subscription_box,0,legit,price_point_change,0,0.0024277510403865844,,,,False,0,0.0,0.0,not_called,,0,0,NONE,0,,,0,not_triaged,0.0,43555.43833333333,,False,0.0,0.0,0.0,0.0
MID101007,travel_agency,0,legit,none,0,0.003611422119036524,,,,False,0,0.0,0.0,not_called,,0,0,NONE,0,,,0,not_triaged,0.0,219591.366,,False,0.0,0.0,0.0,0.0
MID101858,electronics_retail,0,legit,none,0,0.0026744996567920334,,,,False,0,0.0,0.0,not_called,,0,0,NONE,0,,,0,not_triaged,0.0,178313.86566666668,,False,0.0,0.0,0.0,0.0
MID103698,electronics_retail,0,legit,none,0,0.001842633636952769,,,,False,0,0.0,0.0,not_called,,0,0,NONE,0,,,0,not_triaged,0.0,332207.309,,True,0.0,0.0,0.0,0.0
MID100210,apparel,0,legit,none,0,0.0013417435102628286,,,,False,0,0.0,0.0,not_called,,0,0,NONE,0,,,0,not_triaged,0.0,230408.4233333333,,False,0.0,0.0,0.0,0.0
MID103101,home_furnishing,0,legit,none,0,0.002071317703530957,,,,False,0,0.0,0.0,not_called,,0,0,NONE,0,,,0,not_triaged,0.0,67055.743,,True,0.0,0.0,0.0,0.0
MID101682,electronics_retail,0,legit,none,0,0.021357917445186433,,,,False,0,0.0,0.0,not_called,,0,0,NONE,0,,,0,not_triaged,0.0,139706.255,,False,0.0,0.0,0.0,0.0
MID103516,apparel,0,legit,none,0,0.0009136269201455331,,,,False,0,0.0,0.0,not_called,,0,0,NONE,0,,,0,not_triaged,0.0,94770.11233333334,,False,0.0,0.0,0.0,0.0
MID103333,pharmacy,0,legit,shared_platform,0,0.03543470112052658,,,,False,0,0.0,0.0,not_called,,0,0,NONE,0,,,0,not_triaged,0.0,9668.384666666669,,True,0.0,0.0,0.0,0.0
MID102588,digital_services,0,legit,none,0,0.0011859070755280113,,,,False,0,0.0,0.0,not_called,,0,0,NONE,0,,,0,not_triaged,0.0,90276.48866666669,,False,0.0,0.0,0.0,0.0
MID100905,apparel,0,legit,none,0,0.0032087615061413646,,,,False,0,0.0,0.0,not_called,,0,0,NONE,0,,,0,not_triaged,0.0,19785.897666666664,,False,0.0,0.0,0.0,0.0
MID102459,skill_gaming,0,legit,none,0,0.0026631294825677394,,,,False,0,0.0,0.0,not_called,,0,0,NONE,0,,,0,not_triaged,0.0,108839.07033333332,,True,0.0,0.0,0.0,0.0
MID101986,digital_services,0,legit,none,0,0.019464700443905265,,,,False,0,0.0,0.0,not_called,,0,0,NONE,0,,,0,not_triaged,0.0,63273.528333333335,,False,0.0,0.0,0.0,0.0
MID100681,apparel,0,legit,none,0,0.0013489583540311056,,,,False,0,0.0,0.0,not_called,,0,0,NONE,0,,,0,not_triaged,0.0,117931.13466666666,,False,0.0,0.0,0.0,0.0
MID103826,pharmacy,0,legit,shared_platform,0,0.0008638848459054518,,,,False,0,0.0,0.0,not_called,,0,0,NONE,0,,,0,not_triaged,0.0,64493.97633333333,,False,0.0,0.0,0.0,0.0
MID101252,electronics_retail,0,legit,none,0,0.0011286989612397048,,,,False,0,0.0,0.0,not_called,,0,0,NONE,0,,,0,not_triaged,0.0,94510.801,,False,0.0,0.0,0.0,0.0
MID101772,home_furnishing,0,legit,viral_spike,0,0.0019238730972273722,,,,False,0,0.0,0.0,not_called,,0,0,NONE,0,,,0,not_triaged,0.0,45772.351333333325,,False,0.0,0.0,0.0,0.0
MID101328,home_furnishing,0,legit,none,0,0.05876738982700203,,,,False,0,0.0,0.0,not_called,,0,0,NONE,0,,,0,not_triaged,0.0,23603.166666666668,,True,0.0,0.0,0.0,0.0
MID102667,electronics_retail,0,legit,none,0,0.0033543382044820065,electronics_retail,0.98,homepage,False,0,0.0,0.0,not_called,,0,0,NONE,0,,,2,evidence_exhausted,2.2,848490.958,high_volume_rotation,False,0.0,0.0,0.0,0.0
MID102870,apparel,0,legit,none,0,0.004921999142460795,,,,False,0,0.0,0.0,not_called,,0,0,NONE,0,,,0,not_triaged,0.0,47875.85600000001,,False,0.0,0.0,0.0,0.0
MID103794,digital_services,0,legit,price_point_change,0,0.002725026686677012,,,,False,0,0.0,0.0,not_called,,0,0,NONE,0,,,0,not_triaged,0.0,10599.316,,False,0.0,0.0,0.0,0.0
MID103481,travel_agency,0,legit,festival_season,0,0.0016853308409854567,,,,False,0,0.0,0.0,not_called,,0,0,NONE,0,,,0,not_triaged,0.0,121163.90266666668,,True,0.0,0.0,0.0,0.0
MID103092,digital_services,0,legit,none,0,0.002276349763468215,,,,False,0,0.0,0.0,not_called,,0,0,NONE,0,,,0,not_triaged,0.0,19289.79233333333,,False,0.0,0.0,0.0,0.0
MID102761,home_furnishing,0,legit,none,0,0.0008856796253878798,home_furnishing,0.9582,homepage,False,0,0.0,0.0,not_called,,0,0,NONE,0,,,2,evidence_exhausted,2.2,88844.46333333335,high_volume_rotation,False,0.0,0.0,0.0,0.0
MID100460,skill_gaming,0,legit,none,0,0.008360555108259128,,,,False,0,0.0,0.0,not_called,,0,0,NONE,0,,,0,not_triaged,0.0,53089.51433333334,,False,0.0,0.0,0.0,0.0
MID102996,travel_agency,0,legit,festival_season,0,0.0010184868009955146,travel_agency,0.9435,homepage,False,0,0.0,0.0,not_called,,0,0,NONE,0,,,2,evidence_exhausted,2.2,145377.22533333334,volume_shape_change;external_signal,False,0.0,0.0,0.0,0.0
MID103206,electronics_retail,0,legit,none,0,0.0009902999770343608,,,,False,0,0.0,0.0,not_called,,0,0,NONE,0,,,0,not_triaged,0.0,148694.78133333332,,False,0.0,0.0,0.0,0.0
MID102915,digital_services,0,legit,none,0,0.08850939092043547,,,,False,0,0.0,0.0,not_called,,0,0,NONE,0,,,0,not_triaged,0.0,143171.082,,False,0.0,0.0,0.0,0.0
MID103530,pharmacy,0,legit,none,0,0.03810533089549438,,,,False,0,0.0,0.0,not_called,,0,0,NONE,0,,,0,not_triaged,0.0,112586.99066666666,,False,0.0,0.0,0.0,0.0
MID100725,home_furnishing,0,legit,none,0,0.001128383925100352,,,,False,0,0.0,0.0,not_called,,0,0,NONE,0,,,0,not_triaged,0.0,285918.27400000003,,False,0.0,0.0,0.0,0.0
MID101065,apparel,0,legit,none,0,0.001110727833521259,,,,False,0,0.0,0.0,not_called,,0,0,NONE,0,,,0,not_triaged,0.0,281619.5706666667,,True,0.0,0.0,0.0,0.0
MID102123,electronics_retail,0,legit,none,0,0.004051456715211112,,,,False,3,0.4176,0.298,not_called,,0,0,NONE,0,,,0,not_triaged,0.0,114541.226,,True,0.0,0.0,0.0,0.0
MID102852,electronics_retail,0,legit,none,0,0.00089323914168782,,,,False,0,0.0,0.0,not_called,,0,0,NONE,0,,,0,not_triaged,0.0,145997.74300000005,,True,0.0,0.0,0.0,0.0
MID103939,pharmacy,0,legit,shared_platform,0,0.0018180143752958063,,,,False,0,0.0,0.0,not_called,,0,0,NONE,0,,,0,not_triaged,0.0,12900.229,,False,0.0,0.0,0.0,0.0
MID101038,electronics_retail,0,legit,none,0,0.0025308404357483284,,,,False,0,0.0,0.0,not_called,,0,0,NONE,0,,,0,not_triaged,0.0,252288.569,,False,0.0,0.0,0.0,0.0
MID102142,electronics_retail,0,legit,none,0,0.0013146572445260076,,,,False,0,0.0,0.0,not_called,,0,0,NONE,0,,,0,not_triaged,0.0,432142.772,,True,0.0,0.0,0.0,0.0
MID103130,skill_gaming,0,legit,none,0,0.0006569835016678923,,,,False,0,0.0,0.0,not_called,,0,0,NONE,0,,,0,not_triaged,0.0,121900.96666666666,,True,0.0,0.0,0.0,0.0
MID103643,digital_services,0,legit,none,0,0.0005310937416013893,,,,False,0,0.0,0.0,not_called,,0,0,NONE,0,,,0,not_triaged,0.0,44371.52366666667,,False,0.0,0.0,0.0,0.0
MID100829,apparel,0,legit,none,0,0.00211899057368873,,,,False,0,0.0,0.0,not_called,,0,0,NONE,0,,,0,not_triaged,0.0,51477.84066666666,,False,0.0,0.0,0.0,0.0
MID100142,apparel,0,legit,none,0,0.001003362080761388,,,,False,0,0.0,0.0,not_called,,0,0,NONE,0,,,0,not_triaged,0.0,370584.04133333336,,False,0.0,0.0,0.0,0.0
MID103286,apparel,0,legit,none,0,0.004044528813779194,,,,False,0,0.0,0.0,not_called,,0,0,NONE,0,,,0,not_triaged,0.0,112764.214,,False,0.0,0.0,0.0,0.0
MID102406,subscription_box,0,legit,viral_spike,0,0.003063102705004176,,,,False,0,0.0,0.0,not_called,,0,0,NONE,0,,,0,not_triaged,0.0,70185.39166666666,,False,0.0,0.0,0.0,0.0
MID102410,home_furnishing,0,legit,none,0,0.0009977464254381243,,,,False,0,0.0,0.0,not_called,,0,0,NONE,0,,,0,not_triaged,0.0,28810.18333333333,,False,0.0,0.0,0.0,0.0
MID101392,home_furnishing,0,legit,none,0,0.004964658252444514,,,,False,0,0.0,0.0,not_called,,0,0,NONE,0,,,0,not_triaged,0.0,122559.89933333332,,False,0.0,0.0,0.0,0.0
MID100826,travel_agency,0,legit,none,0,0.0007442934017309241,,,,False,0,0.0,0.0,not_called,,0,0,NONE,0,,,0,not_triaged,0.0,86536.60666666667,,True,0.0,0.0,0.0,0.0
MID101624,apparel,0,legit,none,0,0.0021580466086236535,,,,False,0,0.0,0.0,not_called,,0,0,NONE,0,,,0,not_triaged,0.0,40965.07666666668,,False,0.0,0.0,0.0,0.0
MID101883,apparel,0,legit,viral_spike,0,0.0017334804105359426,,,,False,0,0.0,0.0,not_called,,0,0,NONE,0,,,0,not_triaged,0.0,59931.32466666667,,True,0.0,0.0,0.0,0.0
MID102109,pharmacy,0,legit,none,0,0.0022327825944472857,,,,False,0,0.0,0.0,not_called,,0,0,NONE,0,,,0,not_triaged,0.0,30421.984,,False,0.0,0.0,0.0,0.0
MID101414,apparel,0,legit,none,0,0.0006303489700163383,,,,False,0,0.0,0.0,not_called,,0,0,NONE,0,,,0,not_triaged,0.0,64081.59533333333,,False,0.0,0.0,0.0,0.0
MID102101,electronics_retail,0,legit,none,0,0.005614915895949593,,,,False,0,0.0,0.0,not_called,,0,0,NONE,0,,,0,not_triaged,0.0,126657.222,,False,0.0,0.0,0.0,0.0
MID102103,home_furnishing,0,legit,none,0,0.0018038956554087377,,,,False,0,0.0,0.0,not_called,,0,0,NONE,0,,,0,not_triaged,0.0,32473.337,,False,0.0,0.0,0.0,0.0
MID102626,electronics_retail,0,legit,viral_spike,0,0.004468685032171086,,,,False,0,0.0,0.0,not_called,,0,0,NONE,0,,,0,not_triaged,0.0,252663.936,,False,0.0,0.0,0.0,0.0
MID101337,skill_gaming,0,legit,none,0,0.0028868728634130676,skill_gaming,0.99,homepage,False,0,0.0,0.0,not_called,,0,0,NONE,0,,,2,evidence_exhausted,2.2,331367.40099999995,high_volume_rotation,True,0.0,0.0,0.0,0.0
MID101587,apparel,0,legit,none,0,0.004478920408174732,,,,False,0,0.0,0.0,not_called,,0,0,NONE,0,,,0,not_triaged,0.0,46902.43633333334,,True,0.0,0.0,0.0,0.0
MID102313,electronics_retail,0,legit,none,0,0.0015758215431335046,,,,False,0,0.0,0.0,not_called,,0,0,NONE,0,,,0,not_triaged,0.0,298397.411,,False,0.0,0.0,0.0,0.0
MID103295,electronics_retail,0,legit,none,0,0.0007026598250141695,,,,False,0,0.0,0.0,not_called,,0,0,NONE,0,,,0,not_triaged,0.0,108748.06366666668,,False,0.0,0.0,0.0,0.0
MID101237,apparel,0,legit,price_point_change,0,0.004342655753991562,,,,False,0,0.0,0.0,not_called,,0,0,NONE,0,,,0,not_triaged,0.0,17693.130666666664,,False,0.0,0.0,0.0,0.0
MID101550,apparel,0,legit,none,0,0.0030852612513365594,,,,False,0,0.0,0.0,not_called,,0,0,NONE,0,,,0,not_triaged,0.0,48466.97866666666,,True,0.0,0.0,0.0,0.0
MID100239,digital_services,0,legit,none,0,0.003237121578479243,,,,False,0,0.0,0.0,not_called,,0,0,NONE,0,,,0,not_triaged,0.0,121433.186,,True,0.0,0.0,0.0,0.0
MID100886,digital_services,0,legit,none,0,0.0028440784311208407,,,,False,0,0.0,0.0,not_called,,0,0,NONE,0,,,0,not_triaged,0.0,176338.23033333334,,False,0.0,0.0,0.0,0.0
MID102609,digital_services,0,legit,none,0,0.0011469147423107,,,,False,0,0.0,0.0,not_called,,0,0,NONE,0,,,0,not_triaged,0.0,45521.695666666674,,False,0.0,0.0,0.0,0.0
MID103544,skill_gaming,0,legit,none,0,0.0005738278711147565,,,,False,0,0.0,0.0,not_called,,0,0,NONE,0,,,0,not_triaged,0.0,198524.04033333337,,True,0.0,0.0,0.0,0.0
MID101983,home_furnishing,0,legit,none,0,0.00672137610791705,,,,False,0,0.0,0.0,not_called,,0,0,NONE,0,,,0,not_triaged,0.0,33267.83833333333,,True,0.0,0.0,0.0,0.0
MID102453,apparel,0,legit,none,0,0.0007829327227227563,,,,False,0,0.0,0.0,not_called,,0,0,NONE,0,,,0,not_triaged,0.0,66443.55566666667,,False,0.0,0.0,0.0,0.0
MID103545,electronics_retail,0,legit,none,0,0.0031667542718242414,,,,False,0,0.0,0.0,not_called,,0,0,NONE,0,,,0,not_triaged,0.0,22463.07533333333,,False,0.0,0.0,0.0,0.0
MID101643,electronics_retail,0,legit,none,0,0.0013131903098450232,,,,False,0,0.0,0.0,not_called,,0,0,NONE,0,,,0,not_triaged,0.0,122722.26300000002,,False,0.0,0.0,0.0,0.0
MID101581,digital_services,0,legit,shared_platform,0,0.006145778217078738,,,,False,0,0.0,0.0,not_called,,0,0,NONE,0,,,0,not_triaged,0.0,33230.81333333333,,True,0.0,0.0,0.0,0.0
MID102013,subscription_box,0,legit,price_point_change,0,0.013002338872852081,,,,False,0,0.0,0.0,not_called,,0,0,NONE,0,,,0,not_triaged,0.0,41065.207,,False,0.0,0.0,0.0,0.0
MID101069,apparel,0,legit,none,0,0.003404556803727906,,,,False,0,0.0,0.0,not_called,,0,0,NONE,0,,,0,not_triaged,0.0,99197.13733333332,,False,0.0,0.0,0.0,0.0
MID101289,pharmacy,0,legit,none,0,0.0006779793111136356,,,,False,0,0.0,0.0,not_called,,0,0,NONE,0,,,0,not_triaged,0.0,20735.708666666666,,False,0.0,0.0,0.0,0.0
MID102366,digital_services,0,legit,none,0,0.005671651106046342,,,,False,0,0.0,0.0,not_called,,0,0,NONE,0,,,0,not_triaged,0.0,159825.39766666666,,True,0.0,0.0,0.0,0.0
MID100083,pharmacy,1,licensing_violation,none,0,0.38669667560226695,unregistered_pharmacy,0.99,homepage,False,0,0.0,0.0,answered,True,2,2,RESTRICT,3,storefront,,4,confidence_threshold_met,2.2,17664.680666666667,telemetry_drift,False,900.0,0.0,0.0,900.0
MID103774,digital_services,0,legit,price_point_change,0,0.0009962229561365533,,,,False,0,0.0,0.0,not_called,,0,0,NONE,0,,,0,not_triaged,0.0,60229.39399999999,,True,0.0,0.0,0.0,0.0
MID103083,skill_gaming,0,legit,none,0,0.006044506923327134,,,,False,0,0.0,0.0,not_called,,0,0,NONE,0,,,0,not_triaged,0.0,85986.36800000002,,False,0.0,0.0,0.0,0.0
MID100956,home_furnishing,0,legit,none,0,0.01844605141869042,,,,False,0,0.0,0.0,not_called,,0,0,NONE,0,,,0,not_triaged,0.0,21552.310666666668,,True,0.0,0.0,0.0,0.0
MID100105,travel_agency,1,rented_account,none,1,0.06638101773956215,,,,False,0,0.0,0.0,not_called,,0,0,NONE,0,,,0,not_triaged,0.0,783744.126,,True,0.0,0.0,8075002.88,8075002.88
MID101508,electronics_retail,0,legit,none,0,0.0007904333037247516,,,,False,0,0.0,0.0,not_called,,0,0,NONE,0,,,0,not_triaged,0.0,69120.70966666666,,False,0.0,0.0,0.0,0.0
MID101005,skill_gaming,0,legit,none,0,0.0023494912089171826,,,,False,0,0.0,0.0,not_called,,0,0,NONE,0,,,0,not_triaged,0.0,172986.75433333337,,True,0.0,0.0,0.0,0.0
MID101806,digital_services,0,legit,none,0,0.03202927493695373,digital_services,0.99,homepage,False,0,0.0,0.0,not_called,,0,0,NONE,0,,,2,evidence_exhausted,2.2,14475.255666666668,external_signal,False,0.0,0.0,0.0,0.0
MID101997,home_furnishing,0,legit,none,0,0.02142758734900939,,,,False,0,0.0,0.0,not_called,,0,0,NONE,0,,,0,not_triaged,0.0,77321.77066666666,,False,0.0,0.0,0.0,0.0
MID102183,apparel,0,legit,none,0,0.0008446109731679786,,,,False,0,0.0,0.0,not_called,,0,0,NONE,0,,,0,not_triaged,0.0,105797.45399999998,,True,0.0,0.0,0.0,0.0
MID101793,electronics_retail,0,legit,none,0,0.002635041166243953,,,,False,0,0.0,0.0,not_called,,0,0,NONE,0,,,0,not_triaged,0.0,78144.66100000001,,False,0.0,0.0,0.0,0.0
MID102846,apparel,0,legit,shared_platform,0,0.0010256995411154295,,,,False,0,0.0,0.0,not_called,,0,0,NONE,0,,,0,not_triaged,0.0,37250.04333333333,,False,0.0,0.0,0.0,0.0
MID100819,apparel,0,legit,price_point_change,0,0.0014222873472352691,,,,False,0,0.0,0.0,not_called,,0,0,NONE,0,,,0,not_triaged,0.0,44372.253,,True,0.0,0.0,0.0,0.0
MID103537,digital_services,0,legit,none,0,0.0018698688494983122,,,,False,0,0.0,0.0,not_called,,0,0,NONE,0,,,0,not_triaged,0.0,53252.727,,False,0.0,0.0,0.0,0.0
MID100217,electronics_retail,0,legit,festival_season,0,0.004563882797126868,,,,False,0,0.0,0.0,not_called,,0,0,NONE,0,,,0,not_triaged,0.0,1104244.1536666667,,True,0.0,0.0,0.0,0.0
MID100273,electronics_retail,0,legit,none,0,0.004044660729464158,,,,False,0,0.0,0.0,not_called,,0,0,NONE,0,,,0,not_triaged,0.0,171303.15933333334,,False,0.0,0.0,0.0,0.0
MID102710,home_furnishing,0,legit,none,0,0.00218175719373089,,,,False,0,0.0,0.0,not_called,,0,0,NONE,0,,,0,not_triaged,0.0,157212.78933333332,,False,0.0,0.0,0.0,0.0
MID100806,electronics_retail,0,legit,none,0,0.0006436903277340401,electronics_retail,0.8618,homepage,False,0,0.0,0.0,not_called,,0,0,NONE,0,,,2,evidence_exhausted,2.2,830677.3773333334,high_volume_rotation,True,0.0,0.0,0.0,0.0
MID101036,apparel,0,legit,none,0,0.0013114254946263908,,,,False,0,0.0,0.0,not_called,,0,0,NONE,0,,,0,not_triaged,0.0,27099.56033333333,,False,0.0,0.0,0.0,0.0
MID102956,pharmacy,0,legit,none,0,0.0016276839337104458,,,,False,0,0.0,0.0,not_called,,0,0,NONE,0,,,0,not_triaged,0.0,55225.69933333333,,False,0.0,0.0,0.0,0.0
MID103473,electronics_retail,0,legit,viral_spike,0,0.0010667189353993699,,,,False,0,0.0,0.0,not_called,,0,0,NONE,0,,,0,not_triaged,0.0,129241.94266666668,,True,0.0,0.0,0.0,0.0
MID101245,pharmacy,0,legit,none,0,0.03394526845031122,,,,False,0,0.0,0.0,not_called,,0,0,NONE,0,,,0,not_triaged,0.0,13512.253666666666,,False,0.0,0.0,0.0,0.0
MID100958,travel_agency,0,legit,none,0,0.0006740109214389483,,,,False,0,0.0,0.0,not_called,,0,0,NONE,0,,,0,not_triaged,0.0,150171.80066666665,,False,0.0,0.0,0.0,0.0
MID101884,subscription_box,0,legit,none,0,0.7499335756103872,subscription_box,0.8978,checkout,False,0,0.0,0.0,not_called,,1,1,REVIEW,2,telemetry,,4,evidence_exhausted,4.4,44214.58,telemetry_drift,True,900.0,0.0,0.0,900.0
MID102925,travel_agency,0,legit,none,0,0.0011364785389806338,travel_agency,0.8895,homepage,False,0,0.0,0.0,not_called,,0,0,NONE,0,,,2,evidence_exhausted,2.2,664239.647,high_volume_rotation,False,0.0,0.0,0.0,0.0
MID101020,apparel,0,legit,price_point_change,0,0.0025442442204434705,,,,False,0,0.0,0.0,not_called,,0,0,NONE,0,,,0,not_triaged,0.0,89911.176,,False,0.0,0.0,0.0,0.0
MID100029,electronics_retail,1,funnel_ring,none,0,0.6306938270919674,crypto_exchange,0.9789,checkout,True,7,0.9218,0.739,answered,True,4,4,RESTRICT,4,telemetry;storefront;infrastructure,telemetry,4,confidence_threshold_met,4.4,166103.42866666667,telemetry_drift;network_cluster,False,900.0,0.0,0.0,900.0
MID100812,electronics_retail,0,legit,none,0,0.002936669795460058,,,,False,0,0.0,0.0,not_called,,0,0,NONE,0,,,0,not_triaged,0.0,135574.65833333333,,False,0.0,0.0,0.0,0.0
MID100409,digital_services,0,legit,price_point_change,0,0.0006943978455686175,,,,False,0,0.0,0.0,not_called,,0,0,NONE,0,,,0,not_triaged,0.0,40338.95066666666,,False,0.0,0.0,0.0,0.0
MID101868,electronics_retail,0,legit,none,0,0.00732846623575626,,,,False,0,0.0,0.0,not_called,,0,0,NONE,0,,,0,not_triaged,0.0,259042.6533333333,,False,0.0,0.0,0.0,0.0
MID103605,electronics_retail,0,legit,viral_spike,0,0.004411436134738252,,,,False,0,0.0,0.0,not_called,,0,0,NONE,0,,,0,not_triaged,0.0,223628.4333333333,,False,0.0,0.0,0.0,0.0
MID103200,electronics_retail,0,legit,viral_spike,0,0.0018666801041714077,,,,False,0,0.0,0.0,not_called,,0,0,NONE,0,,,0,not_triaged,0.0,132022.07966666666,,False,0.0,0.0,0.0,0.0
MID103232,travel_agency,0,legit,festival_season,0,0.010001906224150798,,,,False,0,0.0,0.0,not_called,,0,0,NONE,0,,,0,not_triaged,0.0,1802088.393,,False,0.0,0.0,0.0,0.0
MID103504,apparel,0,legit,none,0,0.0011446794379167875,,,,False,0,0.0,0.0,not_called,,0,0,NONE,0,,,0,not_triaged,0.0,93924.248,,False,0.0,0.0,0.0,0.0
MID100938,electronics_retail,0,legit,viral_spike,0,0.0010464839194284168,,,,False,0,0.0,0.0,not_called,,0,0,NONE,0,,,0,not_triaged,0.0,266071.14400000003,,False,0.0,0.0,0.0,0.0
MID100797,skill_gaming,0,legit,none,0,0.002256149800208446,,,,False,0,0.0,0.0,not_called,,0,0,NONE,0,,,0,not_triaged,0.0,219110.338,,True,0.0,0.0,0.0,0.0
MID103867,subscription_box,0,legit,price_point_change,0,0.020132922524506117,,,,False,0,0.0,0.0,not_called,,0,0,NONE,0,,,0,not_triaged,0.0,27220.122666666663,,True,0.0,0.0,0.0,0.0
MID101188,home_furnishing,0,legit,viral_spike,0,0.0005324029672394154,,,,False,0,0.0,0.0,not_called,,0,0,NONE,0,,,0,not_triaged,0.0,34049.505,,False,0.0,0.0,0.0,0.0
MID102468,travel_agency,0,legit,none,0,0.320342510265492,,,,False,0,0.0,0.0,not_called,,0,0,NONE,0,,,0,not_triaged,0.0,17992.769333333334,,True,0.0,0.0,0.0,0.0
MID101877,travel_agency,0,legit,none,0,0.0016424184620599483,,,,False,7,0.3996,0.072,not_called,,0,0,NONE,0,,,0,not_triaged,0.0,76538.38566666665,,False,0.0,0.0,0.0,0.0
MID102200,home_furnishing,0,legit,festival_season,0,0.015387147864268425,,,,False,0,0.0,0.0,not_called,,0,0,NONE,0,,,0,not_triaged,0.0,134905.61566666665,,True,0.0,0.0,0.0,0.0
MID102875,electronics_retail,0,legit,none,0,0.0026527712780471976,,,,False,0,0.0,0.0,not_called,,0,0,NONE,0,,,0,not_triaged,0.0,98318.359,,True,0.0,0.0,0.0,0.0
MID102813,travel_agency,0,legit,festival_season,0,0.0014101147054124726,,,,False,0,0.0,0.0,not_called,,0,0,NONE,0,,,0,not_triaged,0.0,457230.81666666665,,True,0.0,0.0,0.0,0.0
MID102214,electronics_retail,0,legit,festival_season,0,0.0038445835001333813,,,,False,0,0.0,0.0,not_called,,0,0,NONE,0,,,0,not_triaged,0.0,2714006.3290000004,,False,0.0,0.0,0.0,0.0
MID103282,apparel,0,legit,price_point_change,0,0.0243714393715117,,,,False,0,0.0,0.0,not_called,,0,0,NONE,0,,,0,not_triaged,0.0,31517.017666666663,,True,0.0,0.0,0.0,0.0
MID100952,digital_services,0,legit,none,0,0.000828516657913538,,,,False,0,0.0,0.0,not_called,,0,0,NONE,0,,,0,not_triaged,0.0,57818.068666666666,,True,0.0,0.0,0.0,0.0
MID100699,apparel,0,legit,none,0,0.012499043528258577,,,,False,0,0.0,0.0,not_called,,0,0,NONE,0,,,0,not_triaged,0.0,39838.66,,False,0.0,0.0,0.0,0.0
MID103426,digital_services,0,legit,price_point_change,0,0.0007011626413590585,,,,False,0,0.0,0.0,not_called,,0,0,NONE,0,,,0,not_triaged,0.0,31710.529999999995,,False,0.0,0.0,0.0,0.0
MID103039,home_furnishing,0,legit,festival_season,0,0.006650058525916,,,,False,0,0.0,0.0,not_called,,0,0,NONE,0,,,0,not_triaged,0.0,87995.86033333332,,False,0.0,0.0,0.0,0.0
MID101359,apparel,0,legit,none,0,0.0029553664411424174,,,,False,0,0.0,0.0,not_called,,0,0,NONE,0,,,0,not_triaged,0.0,80389.01166666666,,False,0.0,0.0,0.0,0.0
MID102928,skill_gaming,0,legit,none,0,0.001115880116658439,skill_gaming,0.986,homepage,False,0,0.0,0.0,not_called,,0,0,NONE,0,,,2,evidence_exhausted,2.2,352690.454,high_volume_rotation,False,0.0,0.0,0.0,0.0
MID101221,pharmacy,0,legit,shared_platform,0,0.001349760578154647,,,,False,0,0.0,0.0,not_called,,0,0,NONE,0,,,0,not_triaged,0.0,70015.90299999999,,True,0.0,0.0,0.0,0.0
MID100499,apparel,0,legit,none,0,0.001517950271360506,,,,False,0,0.0,0.0,not_called,,0,0,NONE,0,,,0,not_triaged,0.0,36638.14533333333,,False,0.0,0.0,0.0,0.0
MID102930,subscription_box,0,legit,none,0,0.0011531828490093105,,,,False,0,0.0,0.0,not_called,,0,0,NONE,0,,,0,not_triaged,0.0,25831.10066666667,,True,0.0,0.0,0.0,0.0
MID100855,home_furnishing,0,legit,none,0,0.0008724377394765115,,,,False,0,0.0,0.0,not_called,,0,0,NONE,0,,,0,not_triaged,0.0,102495.905,,True,0.0,0.0,0.0,0.0
MID103964,apparel,0,legit,viral_spike,0,0.0008860875823474365,,,,False,0,0.0,0.0,not_called,,0,0,NONE,0,,,0,not_triaged,0.0,290890.8393333333,,True,0.0,0.0,0.0,0.0
MID103831,digital_services,0,legit,none,0,0.00635916999971717,,,,False,0,0.0,0.0,not_called,,0,0,NONE,0,,,0,not_triaged,0.0,68734.83633333334,,True,0.0,0.0,0.0,0.0
MID102783,home_furnishing,0,legit,festival_season,0,0.013137484373871858,,,,False,0,0.0,0.0,not_called,,0,0,NONE,0,,,0,not_triaged,0.0,289142.0743333333,,False,0.0,0.0,0.0,0.0
MID101090,travel_agency,0,legit,none,0,0.0005440245545634626,,,,False,0,0.0,0.0,not_called,,0,0,NONE,0,,,0,not_triaged,0.0,273741.41533333337,,True,0.0,0.0,0.0,0.0
MID100671,subscription_box,0,legit,none,0,0.0027249797143995102,,,,False,0,0.0,0.0,not_called,,0,0,NONE,0,,,0,not_triaged,0.0,25876.04366666667,,False,0.0,0.0,0.0,0.0
MID103765,electronics_retail,0,legit,none,0,0.0010126226996097594,,,,False,0,0.0,0.0,not_called,,0,0,NONE,0,,,0,not_triaged,0.0,113497.52933333332,,True,0.0,0.0,0.0,0.0
MID102903,home_furnishing,0,legit,none,0,0.001443601594578983,,,,False,0,0.0,0.0,not_called,,0,0,NONE,0,,,0,not_triaged,0.0,47466.175,,False,0.0,0.0,0.0,0.0
MID101170,skill_gaming,0,legit,none,0,0.0027273229535234554,,,,False,0,0.0,0.0,not_called,,0,0,NONE,0,,,0,not_triaged,0.0,402133.45100000006,,False,0.0,0.0,0.0,0.0
MID103218,home_furnishing,0,legit,none,0,0.0021737780127507236,,,,False,0,0.0,0.0,not_called,,0,0,NONE,0,,,0,not_triaged,0.0,69407.06499999999,,False,0.0,0.0,0.0,0.0
MID100824,home_furnishing,0,legit,none,0,0.08962174712527372,home_furnishing,0.99,homepage,False,0,0.0,0.0,not_called,,0,0,NONE,0,,,2,evidence_exhausted,2.2,58205.203,external_signal,False,0.0,0.0,0.0,0.0
MID102708,pharmacy,0,legit,none,0,0.00036456911122049074,,,,False,0,0.0,0.0,not_called,,0,0,NONE,0,,,0,not_triaged,0.0,7978.53,,False,0.0,0.0,0.0,0.0
MID103373,home_furnishing,0,legit,festival_season,0,0.0011748893138163626,,,,False,0,0.0,0.0,not_called,,0,0,NONE,0,,,0,not_triaged,0.0,269034.8513333333,,False,0.0,0.0,0.0,0.0
MID100607,travel_agency,0,legit,festival_season,0,0.001092078964180641,travel_agency,0.9482,homepage,False,0,0.0,0.0,not_called,,0,0,NONE,0,,,2,evidence_exhausted,2.2,163127.09566666663,volume_shape_change,True,0.0,0.0,0.0,0.0
MID103174,home_furnishing,0,legit,festival_season,0,0.007343935737743316,,,,False,0,0.0,0.0,not_called,,0,0,NONE,0,,,0,not_triaged,0.0,166670.16300000003,,False,0.0,0.0,0.0,0.0
MID100757,electronics_retail,0,legit,viral_spike,0,0.001784882573152305,,,,False,0,0.0,0.0,not_called,,0,0,NONE,0,,,0,not_triaged,0.0,122760.66133333332,,False,0.0,0.0,0.0,0.0
MID101764,travel_agency,0,legit,none,0,0.001974265986860604,,,,False,0,0.0,0.0,not_called,,0,0,NONE,0,,,0,not_triaged,0.0,204619.25466666667,,False,0.0,0.0,0.0,0.0
MID101914,travel_agency,0,legit,none,0,0.0013609418675217685,,,,False,0,0.0,0.0,not_called,,0,0,NONE,0,,,0,not_triaged,0.0,91306.58133333332,,True,0.0,0.0,0.0,0.0
MID103247,digital_services,0,legit,none,0,0.0012866220606531742,,,,False,0,0.0,0.0,not_called,,0,0,NONE,0,,,0,not_triaged,0.0,53982.16533333333,,False,0.0,0.0,0.0,0.0
MID100545,travel_agency,0,legit,festival_season,0,0.0051237823836126776,,,,False,0,0.0,0.0,not_called,,0,0,NONE,0,,,0,not_triaged,0.0,759929.1756666667,,False,0.0,0.0,0.0,0.0
MID100312,electronics_retail,0,legit,none,0,0.018157513448716897,electronics_retail,0.99,homepage,False,0,0.0,0.0,not_called,,0,0,NONE,0,,,2,evidence_exhausted,2.2,430577.00933333335,external_signal,False,0.0,0.0,0.0,0.0
MID100843,apparel,0,legit,viral_spike,0,0.0077665777369843834,,,,False,0,0.0,0.0,not_called,,0,0,NONE,0,,,0,not_triaged,0.0,176534.032,,False,0.0,0.0,0.0,0.0
MID101796,subscription_box,0,legit,none,0,0.0032318862707560905,,,,False,0,0.0,0.0,not_called,,0,0,NONE,0,,,0,not_triaged,0.0,32277.25966666667,,False,0.0,0.0,0.0,0.0
MID100651,electronics_retail,0,legit,none,0,0.001038422223742502,,,,False,0,0.0,0.0,not_called,,0,0,NONE,0,,,0,not_triaged,0.0,80741.18133333333,,False,0.0,0.0,0.0,0.0
MID101262,skill_gaming,0,legit,none,0,0.0016679153563592462,,,,False,0,0.0,0.0,not_called,,0,0,NONE,0,,,0,not_triaged,0.0,133290.341,,False,0.0,0.0,0.0,0.0
MID102615,subscription_box,0,legit,none,0,0.020474975866117615,,,,False,0,0.0,0.0,not_called,,0,0,NONE,0,,,0,not_triaged,0.0,140571.95133333333,,False,0.0,0.0,0.0,0.0
MID102649,pharmacy,0,legit,none,0,0.003087847641544697,,,,False,0,0.0,0.0,not_called,,0,0,NONE,0,,,0,not_triaged,0.0,78996.93433333334,,False,0.0,0.0,0.0,0.0
MID100937,electronics_retail,0,legit,none,0,0.0006052006595733967,,,,False,0,0.0,0.0,not_called,,0,0,NONE,0,,,0,not_triaged,0.0,289535.7356666667,,False,0.0,0.0,0.0,0.0
MID102061,pharmacy,0,legit,none,0,0.0014197238746789023,,,,False,11,0.4176,0.182,not_called,,0,0,NONE,0,,,0,not_triaged,0.0,49658.32833333334,,True,0.0,0.0,0.0,0.0
MID100405,home_furnishing,0,legit,none,0,0.002355026751707816,,,,False,0,0.0,0.0,not_called,,0,0,NONE,0,,,0,not_triaged,0.0,51826.70733333333,,False,0.0,0.0,0.0,0.0
MID102276,digital_services,0,legit,none,0,0.0013990389973948115,,,,False,0,0.0,0.0,not_called,,0,0,NONE,0,,,0,not_triaged,0.0,26582.022,,True,0.0,0.0,0.0,0.0
MID100520,apparel,0,legit,none,0,0.001072519336007415,,,,False,0,0.0,0.0,not_called,,0,0,NONE,0,,,0,not_triaged,0.0,28746.822666666667,,False,0.0,0.0,0.0,0.0
MID101572,travel_agency,0,legit,festival_season,0,0.03358743084157052,travel_agency,0.9201,homepage,False,0,0.0,0.0,not_called,,0,0,NONE,0,,,2,evidence_exhausted,2.2,310621.5906666666,high_volume_rotation,False,0.0,0.0,0.0,0.0
MID101218,electronics_retail,0,legit,none,0,0.0036150563531697696,,,,False,0,0.0,0.0,not_called,,0,0,NONE,0,,,0,not_triaged,0.0,163010.44900000002,,False,0.0,0.0,0.0,0.0
MID100664,home_furnishing,0,legit,none,0,0.002436672181554397,,,,False,0,0.0,0.0,not_called,,0,0,NONE,0,,,0,not_triaged,0.0,17373.205666666665,,False,0.0,0.0,0.0,0.0
MID102510,apparel,0,legit,price_point_change,0,0.0007971507943168354,,,,False,0,0.0,0.0,not_called,,0,0,NONE,0,,,0,not_triaged,0.0,55150.54,,False,0.0,0.0,0.0,0.0
MID103956,electronics_retail,0,legit,viral_spike,0,0.0180085609166696,,,,False,0,0.0,0.0,not_called,,0,0,NONE,0,,,0,not_triaged,0.0,244157.40066666668,,True,0.0,0.0,0.0,0.0
MID101413,electronics_retail,0,legit,viral_spike,0,0.0010812074372886589,,,,False,0,0.0,0.0,not_called,,0,0,NONE,0,,,0,not_triaged,0.0,378342.0316666666,,False,0.0,0.0,0.0,0.0
MID103127,home_furnishing,0,legit,none,0,0.001057316012198756,,,,False,0,0.0,0.0,not_called,,0,0,NONE,0,,,0,not_triaged,0.0,22636.737666666664,,False,0.0,0.0,0.0,0.0
MID103297,home_furnishing,0,legit,festival_season,0,0.0071575733063135435,home_furnishing,0.99,homepage,False,0,0.0,0.0,not_called,,0,0,NONE,0,,,2,evidence_exhausted,2.2,47017.30033333333,volume_shape_change,False,0.0,0.0,0.0,0.0
MID101330,skill_gaming,0,legit,none,0,0.0005547382627510462,,,,False,0,0.0,0.0,not_called,,0,0,NONE,0,,,0,not_triaged,0.0,129043.77733333336,,True,0.0,0.0,0.0,0.0
MID102377,subscription_box,0,legit,none,0,0.0018956797134332937,,,,False,0,0.0,0.0,not_called,,0,0,NONE,0,,,0,not_triaged,0.0,26957.240666666665,,False,0.0,0.0,0.0,0.0
MID101677,skill_gaming,0,legit,none,0,0.0010265513272054974,,,,False,0,0.0,0.0,not_called,,0,0,NONE,0,,,0,not_triaged,0.0,302763.13666666666,,False,0.0,0.0,0.0,0.0
MID103573,electronics_retail,0,legit,viral_spike,0,0.001587249964904232,,,,False,0,0.0,0.0,not_called,,0,0,NONE,0,,,0,not_triaged,0.0,387439.381,,False,0.0,0.0,0.0,0.0
MID103235,travel_agency,0,legit,none,0,0.0018150438202593508,travel_agency,0.99,homepage,False,0,0.0,0.0,not_called,,0,0,NONE,0,,,2,evidence_exhausted,2.2,630676.2496666667,high_volume_rotation,True,0.0,0.0,0.0,0.0
MID103425,subscription_box,0,legit,viral_spike,0,0.0030162904512251575,,,,False,0,0.0,0.0,not_called,,0,0,NONE,0,,,0,not_triaged,0.0,225437.43366666665,,False,0.0,0.0,0.0,0.0
MID103833,skill_gaming,0,legit,none,0,0.001296214975446041,skill_gaming,0.9182,homepage,False,0,0.0,0.0,not_called,,0,0,NONE,0,,,2,evidence_exhausted,2.2,93028.774,high_volume_rotation,True,0.0,0.0,0.0,0.0
MID102285,home_furnishing,0,legit,none,0,0.01075690449473849,,,,False,0,0.0,0.0,not_called,,0,0,NONE,0,,,0,not_triaged,0.0,107675.454,,True,0.0,0.0,0.0,0.0
MID102491,travel_agency,0,legit,festival_season,0,0.02028799413148445,,,,False,0,0.0,0.0,not_called,,0,0,NONE,0,,,0,not_triaged,0.0,471790.3913333333,,True,0.0,0.0,0.0,0.0
MID101319,subscription_box,0,legit,viral_spike,0,0.0002630949665878893,,,,False,0,0.0,0.0,not_called,,0,0,NONE,0,,,0,not_triaged,0.0,43553.593,,False,0.0,0.0,0.0,0.0
MID101633,skill_gaming,0,legit,none,0,0.0043913338880434685,,,,False,0,0.0,0.0,not_called,,0,0,NONE,0,,,0,not_triaged,0.0,146382.04266666668,,False,0.0,0.0,0.0,0.0
MID103093,travel_agency,0,legit,none,0,0.0012511716413039907,,,,False,0,0.0,0.0,not_called,,0,0,NONE,0,,,0,not_triaged,0.0,98774.902,,False,0.0,0.0,0.0,0.0
MID102878,subscription_box,0,legit,none,0,0.0006624341350277945,,,,False,0,0.0,0.0,not_called,,0,0,NONE,0,,,0,not_triaged,0.0,246793.375,,False,0.0,0.0,0.0,0.0
MID102325,travel_agency,0,legit,none,0,0.0017075321874517899,,,,False,0,0.0,0.0,not_called,,0,0,NONE,0,,,0,not_triaged,0.0,316033.0013333334,,False,0.0,0.0,0.0,0.0
MID103393,apparel,0,legit,none,0,0.0007456405743651379,,,,False,0,0.0,0.0,not_called,,0,0,NONE,0,,,0,not_triaged,0.0,44966.12833333333,,False,0.0,0.0,0.0,0.0
MID100779,apparel,0,legit,festival_season,0,0.011359178376367077,,,,False,0,0.0,0.0,not_called,,0,0,NONE,0,,,0,not_triaged,0.0,187351.363,,True,0.0,0.0,0.0,0.0
MID100767,electronics_retail,0,legit,none,0,0.002003213860149889,,,,False,0,0.0,0.0,not_called,,0,0,NONE,0,,,0,not_triaged,0.0,76821.89166666666,,False,0.0,0.0,0.0,0.0
MID103000,electronics_retail,0,legit,none,0,0.0009158091143349221,,,,False,0,0.0,0.0,not_called,,0,0,NONE,0,,,0,not_triaged,0.0,301365.16766666673,,True,0.0,0.0,0.0,0.0
MID103115,travel_agency,0,legit,none,0,0.005269264838274683,,,,False,0,0.0,0.0,not_called,,0,0,NONE,0,,,0,not_triaged,0.0,254249.193,,False,0.0,0.0,0.0,0.0
MID102059,pharmacy,0,legit,shared_platform,0,0.007787073160804509,,,,False,0,0.0,0.0,not_called,,0,0,NONE,0,,,0,not_triaged,0.0,199608.53366666663,,False,0.0,0.0,0.0,0.0
MID102572,apparel,0,legit,none,0,0.21021926210739572,,,,False,0,0.0,0.0,not_called,,0,0,NONE,0,,,0,not_triaged,0.0,19272.302000000003,,True,0.0,0.0,0.0,0.0
MID100120,digital_services,1,pivot_prohibited,none,1,0.9091085025117118,sports_betting,0.8741,homepage,False,0,0.0,0.0,answered,,2,2,RESTRICT,4,telemetry;storefront,telemetry,2,confidence_threshold_met,2.2,67921.04366666666,telemetry_drift;external_signal,False,900.0,0.0,0.0,900.0
MID102134,electronics_retail,0,legit,none,0,0.002831759518101724,,,,False,0,0.0,0.0,not_called,,0,0,NONE,0,,,0,not_triaged,0.0,824913.2513333333,,False,0.0,0.0,0.0,0.0
MID102855,subscription_box,0,legit,shared_platform,0,0.04826298532863742,,,,False,0,0.0,0.0,not_called,,0,0,NONE,0,,,0,not_triaged,0.0,77937.118,,False,0.0,0.0,0.0,0.0
MID103273,subscription_box,0,legit,price_point_change,0,0.0012209811839233742,,,,False,0,0.0,0.0,not_called,,0,0,NONE,0,,,0,not_triaged,0.0,20744.72566666666,,False,0.0,0.0,0.0,0.0
MID101941,travel_agency,0,legit,none,0,0.0007040810028328213,,,,False,0,0.0,0.0,not_called,,0,0,NONE,0,,,0,not_triaged,0.0,204698.233,,False,0.0,0.0,0.0,0.0
MID101148,pharmacy,0,legit,none,0,0.0015877152955571956,,,,False,0,0.0,0.0,not_called,,0,0,NONE,0,,,0,not_triaged,0.0,36984.384,,False,0.0,0.0,0.0,0.0
MID101142,electronics_retail,0,legit,none,0,0.0010910877331395442,,,,False,0,0.0,0.0,not_called,,0,0,NONE,0,,,0,not_triaged,0.0,153507.46133333334,,False,0.0,0.0,0.0,0.0
MID103814,digital_services,0,legit,none,0,0.0008907032971390733,,,,False,0,0.0,0.0,not_called,,0,0,NONE,0,,,0,not_triaged,0.0,90932.31933333332,,False,0.0,0.0,0.0,0.0
MID101854,apparel,0,legit,none,0,0.010835530430342003,,,,False,0,0.0,0.0,not_called,,0,0,NONE,0,,,0,not_triaged,0.0,157392.51266666668,,False,0.0,0.0,0.0,0.0
MID101299,travel_agency,0,legit,festival_season,0,0.0055530760036045235,,,,False,0,0.0,0.0,not_called,,0,0,NONE,0,,,0,not_triaged,0.0,529297.6906666666,,False,0.0,0.0,0.0,0.0
MID101811,home_furnishing,0,legit,none,0,0.010569679534823836,home_furnishing,0.9658,homepage,False,0,0.0,0.0,not_called,,0,0,NONE,0,,,2,evidence_exhausted,2.2,34427.97066666666,external_signal,True,0.0,0.0,0.0,0.0
MID102193,digital_services,0,legit,price_point_change,0,0.000540757046968405,,,,False,0,0.0,0.0,not_called,,0,0,NONE,0,,,0,not_triaged,0.0,19924.04133333333,,False,0.0,0.0,0.0,0.0
MID103596,home_furnishing,0,legit,festival_season,0,0.00994040942176937,,,,False,0,0.0,0.0,not_called,,0,0,NONE,0,,,0,not_triaged,0.0,202679.885,,True,0.0,0.0,0.0,0.0
MID100307,electronics_retail,0,legit,none,0,0.0008877578184376822,,,,False,0,0.0,0.0,not_called,,0,0,NONE,0,,,0,not_triaged,0.0,85384.31366666667,,False,0.0,0.0,0.0,0.0
MID101579,home_furnishing,0,legit,none,0,0.0008735419900053505,,,,False,0,0.0,0.0,not_called,,0,0,NONE,0,,,0,not_triaged,0.0,26890.07733333333,,False,0.0,0.0,0.0,0.0
MID102603,home_furnishing,0,legit,none,0,0.0022568218320091417,,,,False,0,0.0,0.0,not_called,,0,0,NONE,0,,,0,not_triaged,0.0,84318.614,,True,0.0,0.0,0.0,0.0
MID101419,electronics_retail,0,legit,none,0,0.0009816813503870623,,,,False,0,0.0,0.0,not_called,,0,0,NONE,0,,,0,not_triaged,0.0,158032.707,,False,0.0,0.0,0.0,0.0
MID101728,digital_services,0,legit,none,0,0.002897265356720236,,,,False,0,0.0,0.0,not_called,,0,0,NONE,0,,,0,not_triaged,0.0,151672.1516666667,,True,0.0,0.0,0.0,0.0
MID102542,digital_services,0,legit,price_point_change,0,0.0017356590129394066,,,,False,0,0.0,0.0,not_called,,0,0,NONE,0,,,0,not_triaged,0.0,10831.512,,False,0.0,0.0,0.0,0.0
MID100755,home_furnishing,0,legit,none,0,0.0021132056802520803,,,,False,0,0.0,0.0,not_called,,0,0,NONE,0,,,0,not_triaged,0.0,59993.511000000006,,False,0.0,0.0,0.0,0.0
MID102462,digital_services,0,legit,price_point_change,0,0.0008976570407752858,,,,False,0,0.0,0.0,not_called,,0,0,NONE,0,,,0,not_triaged,0.0,29973.762,,False,0.0,0.0,0.0,0.0
MID103561,electronics_retail,0,legit,none,0,0.0028283734201875214,electronics_retail,0.918,homepage,False,0,0.0,0.0,not_called,,0,0,NONE,0,,,2,evidence_exhausted,2.2,173133.28133333332,external_signal,False,0.0,0.0,0.0,0.0
MID102707,subscription_box,0,legit,viral_spike,0,0.0019502420260109196,,,,False,0,0.0,0.0,not_called,,0,0,NONE,0,,,0,not_triaged,0.0,161035.04633333336,,True,0.0,0.0,0.0,0.0
MID101738,pharmacy,0,legit,none,0,0.002802353590815303,,,,False,0,0.0,0.0,not_called,,0,0,NONE,0,,,0,not_triaged,0.0,46593.77666666668,,True,0.0,0.0,0.0,0.0
MID100606,electronics_retail,0,legit,none,0,0.001615320447874492,,,,False,0,0.0,0.0,not_called,,0,0,NONE,0,,,0,not_triaged,0.0,101752.457,,False,0.0,0.0,0.0,0.0
MID100788,pharmacy,0,legit,none,0,0.0019271497957859293,,,,False,0,0.0,0.0,not_called,,0,0,NONE,0,,,0,not_triaged,0.0,36969.28233333333,,False,0.0,0.0,0.0,0.0
MID101028,electronics_retail,0,legit,none,0,0.0008025589683265316,,,,False,0,0.0,0.0,not_called,,0,0,NONE,0,,,0,not_triaged,0.0,86256.46133333333,,False,0.0,0.0,0.0,0.0
MID103507,electronics_retail,0,legit,none,0,0.014379357635399931,,,,False,11,0.4123,0.164,not_called,,0,0,NONE,0,,,0,not_triaged,0.0,41805.066666666666,,False,0.0,0.0,0.0,0.0
MID100034,electronics_retail,1,funnel_ring,none,0,0.029550578428191646,crypto_exchange,0.99,checkout,True,6,0.8566,0.522,answered,True,3,3,RESTRICT,4,storefront;infrastructure,infrastructure,4,confidence_threshold_met,4.4,222420.785,network_cluster,True,900.0,0.0,0.0,900.0
MID103669,digital_services,0,legit,none,0,0.017437682708457008,digital_services,0.9091,homepage,False,0,0.0,0.0,not_called,,0,0,NONE,0,,,2,evidence_exhausted,2.2,261215.90366666665,external_signal,True,0.0,0.0,0.0,0.0
MID102254,pharmacy,0,legit,none,0,0.0017564634563509746,,,,False,0,0.0,0.0,not_called,,0,0,NONE,0,,,0,not_triaged,0.0,97142.816,,False,0.0,0.0,0.0,0.0
MID103795,apparel,0,legit,none,0,0.0011934672598854815,,,,False,0,0.0,0.0,not_called,,0,0,NONE,0,,,0,not_triaged,0.0,111596.65366666668,,False,0.0,0.0,0.0,0.0
MID100113,digital_services,1,pivot_prohibited,none,1,0.8740124536521295,sports_betting,0.99,homepage,False,0,0.0,0.0,answered,True,3,3,RESTRICT,4,telemetry;storefront,telemetry,2,confidence_threshold_met,2.2,99883.78966666666,telemetry_drift,False,900.0,0.0,0.0,900.0
MID100231,electronics_retail,0,legit,none,0,0.0015548664649246199,,,,False,0,0.0,0.0,not_called,,0,0,NONE,0,,,0,not_triaged,0.0,325459.3266666667,,False,0.0,0.0,0.0,0.0
MID100453,electronics_retail,0,legit,viral_spike,0,0.00987182640899673,,,,False,0,0.0,0.0,not_called,,0,0,NONE,0,,,0,not_triaged,0.0,305977.143,,False,0.0,0.0,0.0,0.0
MID100093,electronics_retail,1,pivot_prohibited,none,1,0.9590499396912984,sports_betting,0.9817,homepage,True,0,0.0,0.0,answered,,2,2,RESTRICT,4,telemetry;storefront,telemetry,2,confidence_threshold_met,2.2,29718.75133333333,telemetry_drift,False,900.0,0.0,0.0,900.0
MID102782,apparel,0,legit,none,0,0.0011627931164746713,,,,False,0,0.0,0.0,not_called,,0,0,NONE,0,,,0,not_triaged,0.0,17104.956666666665,,False,0.0,0.0,0.0,0.0
MID101933,electronics_retail,0,legit,none,0,0.015441873274070624,,,,False,6,0.482,0.331,not_called,,1,1,REVIEW,0,,,0,not_triaged,0.0,540909.8136666666,,False,0.0,0.0,0.0,0.0
MID103717,home_furnishing,0,legit,none,0,0.0009921434799972544,,,,False,0,0.0,0.0,not_called,,0,0,NONE,0,,,0,not_triaged,0.0,26640.34833333333,,False,0.0,0.0,0.0,0.0
MID100114,pharmacy,1,licensing_violation,none,0,0.0018739535227949226,,,,False,0,0.0,0.0,not_called,,0,0,NONE,0,,,0,not_triaged,0.0,40935.87899999999,,True,0.0,0.0,404913.72,404913.72
MID103116,home_furnishing,0,legit,none,0,0.016065985015238527,,,,False,0,0.0,0.0,not_called,,0,0,NONE,0,,,0,not_triaged,0.0,30505.303666666663,,False,0.0,0.0,0.0,0.0
MID101140,apparel,0,legit,none,0,0.0011855150196252795,,,,False,0,0.0,0.0,not_called,,0,0,NONE,0,,,0,not_triaged,0.0,211882.33066666668,,False,0.0,0.0,0.0,0.0
MID102781,home_furnishing,0,legit,none,0,0.0009620707107216605,,,,False,0,0.0,0.0,not_called,,0,0,NONE,0,,,0,not_triaged,0.0,23572.972666666665,,False,0.0,0.0,0.0,0.0
MID102450,apparel,0,legit,viral_spike,0,0.008442113476622727,,,,False,0,0.0,0.0,not_called,,0,0,NONE,0,,,0,not_triaged,0.0,167795.37666666665,,False,0.0,0.0,0.0,0.0
MID102922,electronics_retail,0,legit,none,0,0.0009862202286878433,,,,False,0,0.0,0.0,not_called,,0,0,NONE,0,,,0,not_triaged,0.0,335040.068,,False,0.0,0.0,0.0,0.0
MID100598,electronics_retail,0,legit,none,0,0.0012097113182055828,,,,False,0,0.0,0.0,not_called,,0,0,NONE,0,,,0,not_triaged,0.0,104087.211,,False,0.0,0.0,0.0,0.0
MID101856,subscription_box,0,legit,none,0,0.0045947037091885025,,,,False,0,0.0,0.0,not_called,,0,0,NONE,0,,,0,not_triaged,0.0,81044.91633333333,,False,0.0,0.0,0.0,0.0
MID102522,pharmacy,0,legit,none,0,0.002169377093457891,,,,False,0,0.0,0.0,not_called,,0,0,NONE,0,,,0,not_triaged,0.0,28659.02766666667,,True,0.0,0.0,0.0,0.0
MID101266,travel_agency,0,legit,none,0,0.0011687741065028003,,,,False,0,0.0,0.0,not_called,,0,0,NONE,0,,,0,not_triaged,0.0,291301.705,,True,0.0,0.0,0.0,0.0
MID101718,home_furnishing,0,legit,none,0,0.001996376566936527,,,,False,0,0.0,0.0,not_called,,0,0,NONE,0,,,0,not_triaged,0.0,33485.35566666667,,False,0.0,0.0,0.0,0.0
MID101752,home_furnishing,0,legit,none,0,0.02668660482180674,,,,False,0,0.0,0.0,not_called,,0,0,NONE,0,,,0,not_triaged,0.0,28578.479333333336,,True,0.0,0.0,0.0,0.0
MID100632,home_furnishing,0,legit,none,0,0.007288471702435685,home_furnishing,0.9555,homepage,False,0,0.0,0.0,not_called,,0,0,NONE,0,,,2,evidence_exhausted,2.2,92622.02633333331,external_signal,False,0.0,0.0,0.0,0.0
MID100567,digital_services,0,legit,none,0,0.00892150414829174,,,,False,0,0.0,0.0,not_called,,0,0,NONE,0,,,0,not_triaged,0.0,95365.094,,True,0.0,0.0,0.0,0.0
MID103477,electronics_retail,0,legit,none,0,0.008292188460572837,,,,False,0,0.0,0.0,not_called,,0,0,NONE,0,,,0,not_triaged,0.0,73880.12633333333,,True,0.0,0.0,0.0,0.0
MID103567,digital_services,0,legit,none,0,0.0008583160831293618,,,,False,0,0.0,0.0,not_called,,0,0,NONE,0,,,0,not_triaged,0.0,76375.35233333333,,False,0.0,0.0,0.0,0.0
MID100911,home_furnishing,0,legit,none,0,0.0011373949057259867,,,,False,15,0.4055,0.177,not_called,,0,0,NONE,0,,,0,not_triaged,0.0,28505.181,,False,0.0,0.0,0.0,0.0
MID100099,electronics_retail,1,pivot_prohibited,none,1,0.9164434872786671,sports_betting,0.917,homepage,False,0,0.0,0.0,no_answer,,2,2,RESTRICT,4,telemetry;storefront,telemetry,2,confidence_threshold_met,2.2,22413.192,telemetry_drift,False,900.0,0.0,0.0,900.0
MID103074,skill_gaming,0,legit,none,0,0.0019011340448557745,,,,False,0,0.0,0.0,not_called,,0,0,NONE,0,,,0,not_triaged,0.0,109550.70166666668,,False,0.0,0.0,0.0,0.0
MID103360,pharmacy,0,legit,none,0,0.0008053164696367252,,,,False,0,0.0,0.0,not_called,,0,0,NONE,0,,,0,not_triaged,0.0,51682.87066666667,,False,0.0,0.0,0.0,0.0
MID101803,apparel,0,legit,none,0,0.015727408847259653,,,,False,0,0.0,0.0,not_called,,0,0,NONE,0,,,0,not_triaged,0.0,98137.526,,False,0.0,0.0,0.0,0.0
MID103065,home_furnishing,0,legit,none,0,0.0008846869062383166,,,,False,0,0.0,0.0,not_called,,0,0,NONE,0,,,0,not_triaged,0.0,196806.6023333333,,True,0.0,0.0,0.0,0.0
MID102275,skill_gaming,0,legit,none,0,0.0018586267624518247,,,,False,0,0.0,0.0,not_called,,0,0,NONE,0,,,0,not_triaged,0.0,138369.35566666667,,False,0.0,0.0,0.0,0.0
MID102068,apparel,0,legit,none,0,0.0018136296867653724,,,,False,0,0.0,0.0,not_called,,0,0,NONE,0,,,0,not_triaged,0.0,22578.800666666662,,False,0.0,0.0,0.0,0.0
MID102565,pharmacy,0,legit,none,0,0.0007493108106386204,,,,False,0,0.0,0.0,not_called,,0,0,NONE,0,,,0,not_triaged,0.0,71974.961,,False,0.0,0.0,0.0,0.0
MID102306,digital_services,0,legit,none,0,0.0017365780653376677,,,,False,0,0.0,0.0,not_called,,0,0,NONE,0,,,0,not_triaged,0.0,41624.32566666666,,False,0.0,0.0,0.0,0.0
MID100141,home_furnishing,0,legit,none,0,0.003008702439997612,,,,False,0,0.0,0.0,not_called,,0,0,NONE,0,,,0,not_triaged,0.0,133940.61733333333,,True,0.0,0.0,0.0,0.0
MID103503,pharmacy,0,legit,shared_platform,0,0.016950476163425317,,,,False,0,0.0,0.0,not_called,,0,0,NONE,0,,,0,not_triaged,0.0,17637.385666666665,,True,0.0,0.0,0.0,0.0
MID103646,electronics_retail,0,legit,none,0,0.001989907673533816,electronics_retail,0.9734,homepage,False,0,0.0,0.0,not_called,,0,0,NONE,0,,,2,evidence_exhausted,2.2,110520.531,high_volume_rotation,False,0.0,0.0,0.0,0.0
MID103112,travel_agency,0,legit,none,0,0.001377616498545356,,,,False,0,0.0,0.0,not_called,,0,0,NONE,0,,,0,not_triaged,0.0,423987.7240000001,,False,0.0,0.0,0.0,0.0
MID102731,pharmacy,0,legit,shared_platform,0,0.0024358237315450495,,,,False,0,0.0,0.0,not_called,,0,0,NONE,0,,,0,not_triaged,0.0,98163.696,,False,0.0,0.0,0.0,0.0
MID102792,home_furnishing,0,legit,none,0,0.002968180103097822,home_furnishing,0.9623,homepage,False,0,0.0,0.0,not_called,,0,0,NONE,0,,,2,evidence_exhausted,2.2,9265.618666666667,high_volume_rotation,False,0.0,0.0,0.0,0.0
MID101698,pharmacy,0,legit,shared_platform,0,0.000970746837564796,,,,False,0,0.0,0.0,not_called,,0,0,NONE,0,,,0,not_triaged,0.0,15216.0,,False,0.0,0.0,0.0,0.0
MID100403,apparel,0,legit,viral_spike,0,0.004174828645859547,,,,False,0,0.0,0.0,not_called,,0,0,NONE,0,,,0,not_triaged,0.0,68149.291,,False,0.0,0.0,0.0,0.0
MID102211,electronics_retail,0,legit,none,0,0.004190344350290247,,,,False,0,0.0,0.0,not_called,,0,0,NONE,0,,,0,not_triaged,0.0,177035.25966666665,,True,0.0,0.0,0.0,0.0
MID102308,pharmacy,0,legit,none,0,0.0006333471513634296,,,,False,0,0.0,0.0,not_called,,0,0,NONE,0,,,0,not_triaged,0.0,36793.89766666667,,True,0.0,0.0,0.0,0.0
MID101291,home_furnishing,0,legit,none,0,0.013722128123332586,,,,False,0,0.0,0.0,not_called,,0,0,NONE,0,,,0,not_triaged,0.0,5312.364333333334,,False,0.0,0.0,0.0,0.0
MID102247,digital_services,0,legit,price_point_change,0,0.009205060743423948,,,,False,0,0.0,0.0,not_called,,0,0,NONE,0,,,0,not_triaged,0.0,75010.48566666667,,False,0.0,0.0,0.0,0.0
MID103529,pharmacy,0,legit,none,0,0.007323453060612305,,,,False,0,0.0,0.0,not_called,,0,0,NONE,0,,,0,not_triaged,0.0,120942.39133333336,,False,0.0,0.0,0.0,0.0
MID101651,home_furnishing,0,legit,none,0,0.0017878522573122589,,,,False,0,0.0,0.0,not_called,,0,0,NONE,0,,,0,not_triaged,0.0,63010.374,,False,0.0,0.0,0.0,0.0
MID101127,pharmacy,0,legit,shared_platform,0,0.01633149201752771,,,,False,0,0.0,0.0,not_called,,0,0,NONE,0,,,0,not_triaged,0.0,41391.215,,True,0.0,0.0,0.0,0.0
MID101694,home_furnishing,0,legit,none,0,0.0021188063935213123,,,,False,0,0.0,0.0,not_called,,0,0,NONE,0,,,0,not_triaged,0.0,35015.638000000006,,False,0.0,0.0,0.0,0.0
MID102272,apparel,0,legit,none,0,0.006353282900603438,,,,False,0,0.0,0.0,not_called,,0,0,NONE,0,,,0,not_triaged,0.0,134748.80666666667,,False,0.0,0.0,0.0,0.0
MID100490,travel_agency,0,legit,none,0,0.001661479555678723,travel_agency,0.99,homepage,False,0,0.0,0.0,not_called,,0,0,NONE,0,,,2,evidence_exhausted,2.2,987636.801,high_volume_rotation,True,0.0,0.0,0.0,0.0
MID101740,home_furnishing,0,legit,none,0,0.0011832480413409524,,,,False,0,0.0,0.0,not_called,,0,0,NONE,0,,,0,not_triaged,0.0,94993.809,,True,0.0,0.0,0.0,0.0
MID100375,pharmacy,0,legit,shared_platform,0,0.0008750936003401519,,,,False,0,0.0,0.0,not_called,,0,0,NONE,0,,,0,not_triaged,0.0,23782.23966666667,,True,0.0,0.0,0.0,0.0
MID103536,electronics_retail,0,legit,none,0,0.002749645961634967,,,,False,0,0.0,0.0,not_called,,0,0,NONE,0,,,0,not_triaged,0.0,130517.99266666669,,False,0.0,0.0,0.0,0.0
MID100932,travel_agency,0,legit,none,0,0.0010145706404248195,,,,False,0,0.0,0.0,not_called,,0,0,NONE,0,,,0,not_triaged,0.0,31242.193000000003,,False,0.0,0.0,0.0,0.0
MID100255,home_furnishing,0,legit,viral_spike,0,0.0093920449552213,,,,False,0,0.0,0.0,not_called,,0,0,NONE,0,,,0,not_triaged,0.0,188065.532,,False,0.0,0.0,0.0,0.0
MID103226,apparel,0,legit,none,0,0.0032138343772126128,,,,False,0,0.0,0.0,not_called,,0,0,NONE,0,,,0,not_triaged,0.0,131432.441,,False,0.0,0.0,0.0,0.0
MID102162,travel_agency,0,legit,festival_season,0,0.0010732816968885906,,,,False,0,0.0,0.0,not_called,,0,0,NONE,0,,,0,not_triaged,0.0,269430.1323333334,,False,0.0,0.0,0.0,0.0
MID102415,travel_agency,0,legit,none,0,0.02548227850720306,,,,False,0,0.0,0.0,not_called,,0,0,NONE,0,,,0,not_triaged,0.0,240481.61866666665,,False,0.0,0.0,0.0,0.0
MID102159,home_furnishing,0,legit,viral_spike,0,0.0025153858510922147,,,,False,0,0.0,0.0,not_called,,0,0,NONE,0,,,0,not_triaged,0.0,54649.62066666667,,False,0.0,0.0,0.0,0.0
MID102456,home_furnishing,0,legit,none,0,0.0014249758650163192,,,,False,0,0.0,0.0,not_called,,0,0,NONE,0,,,0,not_triaged,0.0,36006.280000000006,,False,0.0,0.0,0.0,0.0
MID100339,skill_gaming,0,legit,none,0,0.001250188229385874,,,,False,0,0.0,0.0,not_called,,0,0,NONE,0,,,0,not_triaged,0.0,100233.68266666667,,False,0.0,0.0,0.0,0.0
MID103967,travel_agency,0,legit,festival_season,0,0.00887827155543788,,,,False,0,0.0,0.0,not_called,,0,0,NONE,0,,,0,not_triaged,0.0,629234.8460000001,,False,0.0,0.0,0.0,0.0
MID103082,apparel,0,legit,none,0,0.0012602552009893333,,,,False,0,0.0,0.0,not_called,,0,0,NONE,0,,,0,not_triaged,0.0,80635.74066666666,,True,0.0,0.0,0.0,0.0
MID101596,skill_gaming,0,legit,none,0,0.003039182243362998,,,,False,0,0.0,0.0,not_called,,0,0,NONE,0,,,0,not_triaged,0.0,74522.211,,False,0.0,0.0,0.0,0.0
MID102176,home_furnishing,0,legit,viral_spike,0,0.0039665065246911055,,,,False,0,0.0,0.0,not_called,,0,0,NONE,0,,,0,not_triaged,0.0,103141.45333333332,,True,0.0,0.0,0.0,0.0
MID100758,travel_agency,0,legit,none,0,0.00404476413791163,travel_agency,0.99,homepage,False,0,0.0,0.0,not_called,,0,0,NONE,0,,,2,evidence_exhausted,2.2,68871.50433333333,high_volume_rotation,False,0.0,0.0,0.0,0.0
MID103824,electronics_retail,0,legit,none,0,0.001589978588053954,,,,False,0,0.0,0.0,not_called,,0,0,NONE,0,,,0,not_triaged,0.0,411165.68733333336,,True,0.0,0.0,0.0,0.0
MID101913,electronics_retail,0,legit,festival_season,0,0.0026143780746098453,,,,False,0,0.0,0.0,not_called,,0,0,NONE,0,,,0,not_triaged,0.0,568219.093,,True,0.0,0.0,0.0,0.0
MID103448,electronics_retail,0,legit,none,0,0.0014754044097486155,,,,False,8,0.3913,0.059,not_called,,0,0,NONE,0,,,0,not_triaged,0.0,113777.11266666668,,False,0.0,0.0,0.0,0.0
MID103525,skill_gaming,0,legit,none,0,0.0012959252727785993,,,,False,0,0.0,0.0,not_called,,0,0,NONE,0,,,0,not_triaged,0.0,119151.67233333334,,True,0.0,0.0,0.0,0.0
MID103004,apparel,0,legit,none,0,0.000956714942598164,,,,False,11,0.4123,0.164,not_called,,0,0,NONE,0,,,0,not_triaged,0.0,81942.78366666666,,False,0.0,0.0,0.0,0.0
MID103104,apparel,0,legit,none,0,0.0015845879792699333,,,,False,9,0.4795,0.366,not_called,,1,1,REVIEW,0,,,0,not_triaged,0.0,61018.14466666667,,False,0.0,0.0,0.0,0.0
MID102562,digital_services,0,legit,none,0,0.0009537631906145501,,,,False,0,0.0,0.0,not_called,,0,0,NONE,0,,,0,not_triaged,0.0,136676.21766666666,,False,0.0,0.0,0.0,0.0
MID101334,home_furnishing,0,legit,none,0,0.0017036532668068033,,,,False,0,0.0,0.0,not_called,,0,0,NONE,0,,,0,not_triaged,0.0,117533.83866666668,,True,0.0,0.0,0.0,0.0
MID101737,home_furnishing,0,legit,none,0,0.0021219369432860314,,,,False,0,0.0,0.0,not_called,,0,0,NONE,0,,,0,not_triaged,0.0,22252.03566666667,,True,0.0,0.0,0.0,0.0
MID101481,travel_agency,0,legit,festival_season,0,0.03523945082508916,,,,False,0,0.0,0.0,not_called,,0,0,NONE,0,,,0,not_triaged,0.0,208153.3033333333,,True,0.0,0.0,0.0,0.0
MID100245,electronics_retail,0,legit,viral_spike,0,0.0010065224102088018,,,,False,0,0.0,0.0,not_called,,0,0,NONE,0,,,0,not_triaged,0.0,384937.7393333333,,True,0.0,0.0,0.0,0.0
MID102027,apparel,0,legit,none,0,0.0018720695841431105,,,,False,0,0.0,0.0,not_called,,0,0,NONE,0,,,0,not_triaged,0.0,187759.77033333332,,False,0.0,0.0,0.0,0.0
MID100111,apparel,1,rented_account,none,1,0.8688546657681212,unlicensed_lending,0.9778,checkout,False,0,0.0,0.0,answered,,2,2,RESTRICT,4,telemetry;storefront;scripts,telemetry,4,confidence_threshold_met,4.4,50188.19466666667,telemetry_drift,False,900.0,0.0,0.0,900.0
MID102300,travel_agency,0,legit,none,0,0.0007401359937859456,,,,False,0,0.0,0.0,not_called,,0,0,NONE,0,,,0,not_triaged,0.0,154717.70266666668,,False,0.0,0.0,0.0,0.0
MID103328,apparel,0,legit,viral_spike,0,0.016119894474412103,,,,False,0,0.0,0.0,not_called,,0,0,NONE,0,,,0,not_triaged,0.0,28399.847,,True,0.0,0.0,0.0,0.0
MID101582,apparel,0,legit,viral_spike,0,0.0013384607112975366,,,,False,0,0.0,0.0,not_called,,0,0,NONE,0,,,0,not_triaged,0.0,108456.081,,False,0.0,0.0,0.0,0.0
MID103139,home_furnishing,0,legit,none,0,0.0018223449132029478,home_furnishing,0.99,homepage,False,0,0.0,0.0,not_called,,0,0,NONE,0,,,2,evidence_exhausted,2.2,258887.982,high_volume_rotation,False,0.0,0.0,0.0,0.0
MID102605,digital_services,0,legit,shared_platform,0,0.003497994669113546,,,,False,0,0.0,0.0,not_called,,0,0,NONE,0,,,0,not_triaged,0.0,87222.236,,False,0.0,0.0,0.0,0.0
MID103487,electronics_retail,0,legit,none,0,0.0012961117755562388,,,,False,0,0.0,0.0,not_called,,0,0,NONE,0,,,0,not_triaged,0.0,139096.99866666665,,False,0.0,0.0,0.0,0.0
MID103313,skill_gaming,0,legit,none,0,0.001502673599243068,,,,False,0,0.0,0.0,not_called,,0,0,NONE,0,,,0,not_triaged,0.0,368112.87833333336,,False,0.0,0.0,0.0,0.0
MID103357,apparel,0,legit,viral_spike,0,0.00080414804212521,,,,False,0,0.0,0.0,not_called,,0,0,NONE,0,,,0,not_triaged,0.0,42917.653666666665,,False,0.0,0.0,0.0,0.0
MID103208,home_furnishing,0,legit,none,0,0.0014099613511432353,,,,False,0,0.0,0.0,not_called,,0,0,NONE,0,,,0,not_triaged,0.0,25987.912333333334,,True,0.0,0.0,0.0,0.0
MID101706,digital_services,0,legit,none,0,0.0022074138225817593,,,,False,0,0.0,0.0,not_called,,0,0,NONE,0,,,0,not_triaged,0.0,91038.18066666668,,False,0.0,0.0,0.0,0.0
MID104000,apparel,0,legit,none,0,0.0034863853882541526,,,,False,0,0.0,0.0,not_called,,0,0,NONE,0,,,0,not_triaged,0.0,30908.903666666665,,False,0.0,0.0,0.0,0.0
MID103489,electronics_retail,0,legit,viral_spike,0,0.0008168601082342871,,,,False,0,0.0,0.0,not_called,,0,0,NONE,0,,,0,not_triaged,0.0,166073.34766666667,,False,0.0,0.0,0.0,0.0
MID101027,home_furnishing,0,legit,festival_season,0,0.155444223827996,,,,False,0,0.0,0.0,not_called,,0,0,NONE,0,,,0,not_triaged,0.0,47340.06833333333,,False,0.0,0.0,0.0,0.0
MID100487,electronics_retail,0,legit,none,0,0.006872333895724564,,,,False,0,0.0,0.0,not_called,,0,0,NONE,0,,,0,not_triaged,0.0,157507.58100000003,,False,0.0,0.0,0.0,0.0
MID102740,electronics_retail,0,legit,none,0,0.0026807472964424706,,,,False,0,0.0,0.0,not_called,,0,0,NONE,0,,,0,not_triaged,0.0,448375.6893333333,,False,0.0,0.0,0.0,0.0
MID101630,digital_services,0,legit,none,0,0.0291088601059052,,,,False,0,0.0,0.0,not_called,,0,0,NONE,0,,,0,not_triaged,0.0,97644.51833333333,,True,0.0,0.0,0.0,0.0
MID103797,digital_services,0,legit,price_point_change,0,0.00057699009948828,,,,False,0,0.0,0.0,not_called,,0,0,NONE,0,,,0,not_triaged,0.0,47889.14566666667,,False,0.0,0.0,0.0,0.0
MID101659,electronics_retail,0,legit,none,0,0.001951484428692785,,,,False,0,0.0,0.0,not_called,,0,0,NONE,0,,,0,not_triaged,0.0,73674.83033333333,,True,0.0,0.0,0.0,0.0
MID103736,skill_gaming,0,legit,none,0,0.001320459323667422,,,,False,0,0.0,0.0,not_called,,0,0,NONE,0,,,0,not_triaged,0.0,139718.5783333333,,False,0.0,0.0,0.0,0.0
MID103154,pharmacy,0,legit,none,0,0.0017359824299614786,,,,False,0,0.0,0.0,not_called,,0,0,NONE,0,,,0,not_triaged,0.0,80835.80366666666,,False,0.0,0.0,0.0,0.0
MID102624,home_furnishing,0,legit,none,0,0.0012268793647928953,,,,False,0,0.0,0.0,not_called,,0,0,NONE,0,,,0,not_triaged,0.0,85459.92466666667,,True,0.0,0.0,0.0,0.0
MID103253,subscription_box,0,legit,none,0,0.0036064964313642913,,,,False,9,0.4795,0.366,not_called,,1,1,REVIEW,0,,,0,not_triaged,0.0,43054.708,,False,0.0,0.0,0.0,0.0
MID100710,pharmacy,0,legit,shared_platform,0,0.049913914069680904,pharmacy,0.99,homepage,False,0,0.0,0.0,not_called,,0,0,NONE,0,,,2,evidence_exhausted,2.2,41231.54733333333,external_signal,True,0.0,0.0,0.0,0.0
MID100711,apparel,0,legit,none,0,0.0015544754899115161,,,,False,0,0.0,0.0,not_called,,0,0,NONE,0,,,0,not_triaged,0.0,53199.14266666667,,False,0.0,0.0,0.0,0.0
MID101250,apparel,0,legit,none,0,0.0015704121925938742,,,,False,0,0.0,0.0,not_called,,0,0,NONE,0,,,0,not_triaged,0.0,76040.36033333333,,True,0.0,0.0,0.0,0.0
MID103293,travel_agency,0,legit,festival_season,0,0.005847888160459606,,,,False,0,0.0,0.0,not_called,,0,0,NONE,0,,,0,not_triaged,0.0,398636.7513333333,,True,0.0,0.0,0.0,0.0
MID103633,electronics_retail,0,legit,viral_spike,0,0.0007230140979371772,,,,False,0,0.0,0.0,not_called,,0,0,NONE,0,,,0,not_triaged,0.0,59800.404,,True,0.0,0.0,0.0,0.0
MID101354,home_furnishing,0,legit,none,0,0.0018802873260284274,,,,False,0,0.0,0.0,not_called,,0,0,NONE,0,,,0,not_triaged,0.0,32473.362666666664,,True,0.0,0.0,0.0,0.0
MID100115,apparel,1,pivot_prohibited,none,1,0.9729925077226097,sports_betting,0.8956,homepage,False,0,0.0,0.0,no_answer,,2,2,RESTRICT,4,telemetry;storefront,telemetry,2,confidence_threshold_met,2.2,144151.12833333333,telemetry_drift,True,900.0,0.0,0.0,900.0
MID101971,apparel,0,legit,none,0,0.0014499848630153567,,,,False,3,0.4176,0.298,not_called,,0,0,NONE,0,,,0,not_triaged,0.0,86868.43233333333,,False,0.0,0.0,0.0,0.0
MID103169,electronics_retail,0,legit,none,0,0.0008073265091090253,,,,False,8,0.3913,0.059,not_called,,0,0,NONE,0,,,0,not_triaged,0.0,290953.86600000004,,True,0.0,0.0,0.0,0.0
MID100461,pharmacy,0,legit,shared_platform,0,0.001026988975778318,,,,False,0,0.0,0.0,not_called,,0,0,NONE,0,,,0,not_triaged,0.0,24827.923,,False,0.0,0.0,0.0,0.0
MID102079,apparel,0,legit,none,0,0.0010054391313713085,,,,False,0,0.0,0.0,not_called,,0,0,NONE,0,,,0,not_triaged,0.0,51474.555,,False,0.0,0.0,0.0,0.0
MID103734,electronics_retail,0,legit,none,0,0.0014519603033519624,,,,False,0,0.0,0.0,not_called,,0,0,NONE,0,,,0,not_triaged,0.0,99173.07666666666,,True,0.0,0.0,0.0,0.0
MID101293,pharmacy,0,legit,none,0,0.0027060609764034743,,,,False,0,0.0,0.0,not_called,,0,0,NONE,0,,,0,not_triaged,0.0,61074.99066666667,,True,0.0,0.0,0.0,0.0
MID103592,electronics_retail,0,legit,none,0,0.00089802576651774,,,,False,0,0.0,0.0,not_called,,0,0,NONE,0,,,0,not_triaged,0.0,50398.895,,True,0.0,0.0,0.0,0.0
MID101528,apparel,0,legit,price_point_change,0,0.0006890620038256065,,,,False,0,0.0,0.0,not_called,,0,0,NONE,0,,,0,not_triaged,0.0,85440.82866666667,,True,0.0,0.0,0.0,0.0
MID101661,home_furnishing,0,legit,none,0,0.0008563878865983656,,,,False,0,0.0,0.0,not_called,,0,0,NONE,0,,,0,not_triaged,0.0,54206.62033333333,,False,0.0,0.0,0.0,0.0
MID100439,electronics_retail,0,legit,festival_season,0,0.009756435910943625,,,,False,0,0.0,0.0,not_called,,0,0,NONE,0,,,0,not_triaged,0.0,343352.0936666666,,True,0.0,0.0,0.0,0.0
MID103256,subscription_box,0,legit,none,0,0.0006491413424364746,,,,False,0,0.0,0.0,not_called,,0,0,NONE,0,,,0,not_triaged,0.0,222737.343,,False,0.0,0.0,0.0,0.0
MID102032,home_furnishing,0,legit,festival_season,0,0.026271955682713132,,,,False,0,0.0,0.0,not_called,,0,0,NONE,0,,,0,not_triaged,0.0,52505.971,,False,0.0,0.0,0.0,0.0
MID103962,digital_services,0,legit,none,0,0.002667795627047744,,,,False,0,0.0,0.0,not_called,,0,0,NONE,0,,,0,not_triaged,0.0,27801.319000000003,,False,0.0,0.0,0.0,0.0
MID103849,electronics_retail,0,legit,festival_season,0,0.007292768186729727,,,,False,0,0.0,0.0,not_called,,0,0,NONE,0,,,0,not_triaged,0.0,534604.4746666667,,False,0.0,0.0,0.0,0.0
MID103708,home_furnishing,0,legit,none,0,0.0016908051610232764,,,,False,0,0.0,0.0,not_called,,0,0,NONE,0,,,0,not_triaged,0.0,86093.95833333333,,True,0.0,0.0,0.0,0.0
MID103649,apparel,0,legit,none,0,0.002348926294296549,,,,False,0,0.0,0.0,not_called,,0,0,NONE,0,,,0,not_triaged,0.0,87607.58566666668,,True,0.0,0.0,0.0,0.0
MID100951,home_furnishing,0,legit,none,0,0.044661082781065786,,,,False,0,0.0,0.0,not_called,,0,0,NONE,0,,,0,not_triaged,0.0,162803.363,,False,0.0,0.0,0.0,0.0
MID100688,digital_services,0,legit,none,0,0.0015485571290968754,,,,False,0,0.0,0.0,not_called,,0,0,NONE,0,,,0,not_triaged,0.0,73377.229,,True,0.0,0.0,0.0,0.0
MID103399,electronics_retail,0,legit,none,0,0.0016358574724251557,electronics_retail,0.99,homepage,False,0,0.0,0.0,not_called,,0,0,NONE,0,,,2,evidence_exhausted,2.2,409424.0676666667,high_volume_rotation,False,0.0,0.0,0.0,0.0
MID102340,apparel,0,legit,none,0,0.0014422395850422851,,,,False,0,0.0,0.0,not_called,,0,0,NONE,0,,,0,not_triaged,0.0,206802.84033333333,,False,0.0,0.0,0.0,0.0
MID101317,electronics_retail,0,legit,none,0,0.0018770028006191825,,,,False,0,0.0,0.0,not_called,,0,0,NONE,0,,,0,not_triaged,0.0,134264.215,,False,0.0,0.0,0.0,0.0
MID100847,home_furnishing,0,legit,none,0,0.0011925080447842897,,,,False,0,0.0,0.0,not_called,,0,0,NONE,0,,,0,not_triaged,0.0,289944.9956666667,,True,0.0,0.0,0.0,0.0
MID101308,travel_agency,0,legit,none,0,0.000868311933736072,,,,False,0,0.0,0.0,not_called,,0,0,NONE,0,,,0,not_triaged,0.0,270680.3813333333,,False,0.0,0.0,0.0,0.0
MID102991,home_furnishing,0,legit,none,0,0.0016559774390650756,,,,False,0,0.0,0.0,not_called,,0,0,NONE,0,,,0,not_triaged,0.0,27196.806666666664,,False,0.0,0.0,0.0,0.0
MID101309,digital_services,0,legit,none,0,0.0007770555611103831,digital_services,0.9213,homepage,False,0,0.0,0.0,not_called,,0,0,NONE,0,,,2,evidence_exhausted,2.2,100751.72333333334,high_volume_rotation,False,0.0,0.0,0.0,0.0
MID101055,home_furnishing,0,legit,none,0,0.0005803743842996332,,,,False,0,0.0,0.0,not_called,,0,0,NONE,0,,,0,not_triaged,0.0,114113.64533333336,,True,0.0,0.0,0.0,0.0
MID101515,apparel,0,legit,none,0,0.0007452756709498817,,,,False,0,0.0,0.0,not_called,,0,0,NONE,0,,,0,not_triaged,0.0,92085.80433333332,,False,0.0,0.0,0.0,0.0
MID100769,pharmacy,0,legit,shared_platform,0,0.0008908629995087372,,,,False,0,0.0,0.0,not_called,,0,0,NONE,0,,,0,not_triaged,0.0,18840.29333333333,,False,0.0,0.0,0.0,0.0
MID101880,electronics_retail,0,legit,viral_spike,0,0.005794032493392348,,,,False,0,0.0,0.0,not_called,,0,0,NONE,0,,,0,not_triaged,0.0,127860.31866666667,,False,0.0,0.0,0.0,0.0
MID100295,home_furnishing,0,legit,none,0,0.009637972505192915,,,,False,0,0.0,0.0,not_called,,0,0,NONE,0,,,0,not_triaged,0.0,39117.60833333333,,False,0.0,0.0,0.0,0.0
MID100746,home_furnishing,0,legit,none,0,0.0010251080588345623,,,,False,0,0.0,0.0,not_called,,0,0,NONE,0,,,0,not_triaged,0.0,48429.26699999999,,False,0.0,0.0,0.0,0.0
MID102843,skill_gaming,0,legit,none,0,0.0056559230097027804,,,,False,0,0.0,0.0,not_called,,0,0,NONE,0,,,0,not_triaged,0.0,94777.412,,False,0.0,0.0,0.0,0.0
MID100532,pharmacy,0,legit,shared_platform,0,0.01050966855979427,,,,False,0,0.0,0.0,not_called,,0,0,NONE,0,,,0,not_triaged,0.0,42139.185000000005,,False,0.0,0.0,0.0,0.0
MID101688,electronics_retail,0,legit,none,0,0.0005699843406908189,,,,False,0,0.0,0.0,not_called,,0,0,NONE,0,,,0,not_triaged,0.0,89880.52799999999,,True,0.0,0.0,0.0,0.0
MID100858,home_furnishing,0,legit,none,0,0.0004550397133751092,,,,False,0,0.0,0.0,not_called,,0,0,NONE,0,,,0,not_triaged,0.0,11426.942333333334,,False,0.0,0.0,0.0,0.0
MID102732,skill_gaming,0,legit,none,0,0.13634902082180952,,,,False,0,0.0,0.0,not_called,,0,0,NONE,0,,,0,not_triaged,0.0,64494.78366666667,,False,0.0,0.0,0.0,0.0
MID100617,subscription_box,0,legit,none,0,0.002915314839488772,,,,False,0,0.0,0.0,not_called,,0,0,NONE,0,,,0,not_triaged,0.0,98526.36766666669,,False,0.0,0.0,0.0,0.0
MID100533,digital_services,0,legit,shared_platform,0,0.0005627433585121666,,,,False,0,0.0,0.0,not_called,,0,0,NONE,0,,,0,not_triaged,0.0,58522.80533333334,,False,0.0,0.0,0.0,0.0
MID101239,home_furnishing,0,legit,none,0,0.00600386824423529,,,,False,0,0.0,0.0,not_called,,0,0,NONE,0,,,0,not_triaged,0.0,42608.546,,False,0.0,0.0,0.0,0.0
MID100294,home_furnishing,0,legit,viral_spike,0,0.01377738801050326,,,,False,0,0.0,0.0,not_called,,0,0,NONE,0,,,0,not_triaged,0.0,113565.52866666668,,False,0.0,0.0,0.0,0.0
MID100994,electronics_retail,0,legit,none,0,0.0006051778377659188,,,,False,0,0.0,0.0,not_called,,0,0,NONE,0,,,0,not_triaged,0.0,164780.19366666666,,True,0.0,0.0,0.0,0.0
MID103046,subscription_box,0,legit,none,0,0.0005892813396800708,,,,False,0,0.0,0.0,not_called,,0,0,NONE,0,,,0,not_triaged,0.0,55524.21066666666,,True,0.0,0.0,0.0,0.0
MID102921,travel_agency,0,legit,none,0,0.0012152738842685345,,,,False,0,0.0,0.0,not_called,,0,0,NONE,0,,,0,not_triaged,0.0,365384.061,,False,0.0,0.0,0.0,0.0
MID102576,skill_gaming,0,legit,none,0,0.0011081445815503267,,,,False,0,0.0,0.0,not_called,,0,0,NONE,0,,,0,not_triaged,0.0,193740.0503333333,,False,0.0,0.0,0.0,0.0
MID102121,home_furnishing,0,legit,none,0,0.001337688648731537,,,,False,0,0.0,0.0,not_called,,0,0,NONE,0,,,0,not_triaged,0.0,48191.18133333333,,False,0.0,0.0,0.0,0.0
MID103146,skill_gaming,0,legit,none,0,0.0028590929335170763,,,,False,0,0.0,0.0,not_called,,0,0,NONE,0,,,0,not_triaged,0.0,125197.61133333332,,False,0.0,0.0,0.0,0.0
MID102535,apparel,0,legit,viral_spike,0,0.03484682513970871,apparel,0.99,homepage,False,0,0.0,0.0,not_called,,0,0,NONE,0,,,2,evidence_exhausted,2.2,345336.90733333334,external_signal,False,0.0,0.0,0.0,0.0
MID100121,pharmacy,1,licensing_violation,none,0,0.6186483408053233,unregistered_pharmacy,0.99,homepage,False,0,0.0,0.0,answered,False,2,2,RESTRICT,4,storefront;statement,the merchant's own statement,4,evidence_exhausted,2.2,72699.66233333334,telemetry_drift,False,900.0,0.0,0.0,900.0
MID100441,home_furnishing,0,legit,viral_spike,0,0.0008389517564870808,,,,False,0,0.0,0.0,not_called,,0,0,NONE,0,,,0,not_triaged,0.0,17287.047000000002,,True,0.0,0.0,0.0,0.0
MID101787,subscription_box,0,legit,none,0,0.00220542031704946,,,,False,0,0.0,0.0,not_called,,0,0,NONE,0,,,0,not_triaged,0.0,36101.23166666667,,False,0.0,0.0,0.0,0.0
MID102045,apparel,0,legit,festival_season,0,0.007707985467227501,,,,False,0,0.0,0.0,not_called,,0,0,NONE,0,,,0,not_triaged,0.0,83094.58233333332,,False,0.0,0.0,0.0,0.0
MID102298,apparel,0,legit,none,0,0.0017941781074466338,,,,False,8,0.3913,0.059,not_called,,0,0,NONE,0,,,0,not_triaged,0.0,253209.0703333333,,True,0.0,0.0,0.0,0.0
MID101159,electronics_retail,0,legit,none,0,0.005099224477142994,,,,False,0,0.0,0.0,not_called,,0,0,NONE,0,,,0,not_triaged,0.0,50219.53766666666,,False,0.0,0.0,0.0,0.0
MID103584,digital_services,0,legit,none,0,0.0010205845965884897,,,,False,0,0.0,0.0,not_called,,0,0,NONE,0,,,0,not_triaged,0.0,60070.59366666667,,False,0.0,0.0,0.0,0.0
MID101993,electronics_retail,0,legit,viral_spike,0,0.0005608268118122278,,,,False,0,0.0,0.0,not_called,,0,0,NONE,0,,,0,not_triaged,0.0,86195.59933333333,,False,0.0,0.0,0.0,0.0
MID103699,skill_gaming,0,legit,none,0,0.006780467680857205,,,,False,0,0.0,0.0,not_called,,0,0,NONE,0,,,0,not_triaged,0.0,231120.565,,False,0.0,0.0,0.0,0.0
MID101895,subscription_box,0,legit,none,0,0.0027764450618152584,,,,False,0,0.0,0.0,not_called,,0,0,NONE,0,,,0,not_triaged,0.0,170153.91566666667,,True,0.0,0.0,0.0,0.0
MID101617,skill_gaming,0,legit,none,0,0.0031905970268139403,,,,False,0,0.0,0.0,not_called,,0,0,NONE,0,,,0,not_triaged,0.0,227411.40066666665,,False,0.0,0.0,0.0,0.0
MID100479,travel_agency,0,legit,festival_season,0,0.011514528828129828,,,,False,0,0.0,0.0,not_called,,0,0,NONE,0,,,0,not_triaged,0.0,302978.20700000005,,False,0.0,0.0,0.0,0.0
MID100305,apparel,0,legit,none,0,0.000588151826702375,,,,False,0,0.0,0.0,not_called,,0,0,NONE,0,,,0,not_triaged,0.0,237612.77233333333,,False,0.0,0.0,0.0,0.0
MID102592,electronics_retail,0,legit,none,0,0.0009969659940792415,,,,False,0,0.0,0.0,not_called,,0,0,NONE,0,,,0,not_triaged,0.0,91291.47299999998,,False,0.0,0.0,0.0,0.0
MID102385,pharmacy,0,legit,none,0,0.002233947794939335,,,,False,0,0.0,0.0,not_called,,0,0,NONE,0,,,0,not_triaged,0.0,48120.272,,False,0.0,0.0,0.0,0.0
MID102139,digital_services,0,legit,none,0,0.017776699060141964,,,,False,0,0.0,0.0,not_called,,0,0,NONE,0,,,0,not_triaged,0.0,93038.66333333334,,False,0.0,0.0,0.0,0.0
MID100804,subscription_box,0,legit,none,0,0.01933890372927446,,,,False,0,0.0,0.0,not_called,,0,0,NONE,0,,,0,not_triaged,0.0,46575.09566666667,,False,0.0,0.0,0.0,0.0
MID101176,apparel,0,legit,none,0,0.022312591425360094,,,,False,8,0.3913,0.059,not_called,,0,0,NONE,0,,,0,not_triaged,0.0,93374.51333333334,,True,0.0,0.0,0.0,0.0
MID103809,apparel,0,legit,none,0,0.0007864245280928905,,,,False,0,0.0,0.0,not_called,,0,0,NONE,0,,,0,not_triaged,0.0,92894.08666666668,,False,0.0,0.0,0.0,0.0
MID101970,electronics_retail,0,legit,none,0,0.0018222588918451897,,,,False,0,0.0,0.0,not_called,,0,0,NONE,0,,,0,not_triaged,0.0,60274.64866666667,,False,0.0,0.0,0.0,0.0
MID102679,apparel,0,legit,none,0,0.00582712235281495,,,,False,0,0.0,0.0,not_called,,0,0,NONE,0,,,0,not_triaged,0.0,40766.77066666666,,False,0.0,0.0,0.0,0.0
MID101665,apparel,0,legit,none,0,0.0008964398763235344,,,,False,0,0.0,0.0,not_called,,0,0,NONE,0,,,0,not_triaged,0.0,261373.04866666667,,False,0.0,0.0,0.0,0.0
MID103288,home_furnishing,0,legit,none,0,0.0011845114434154052,,,,False,0,0.0,0.0,not_called,,0,0,NONE,0,,,0,not_triaged,0.0,21366.01566666667,,False,0.0,0.0,0.0,0.0
MID103621,electronics_retail,0,legit,none,0,0.0023966440712303045,,,,False,0,0.0,0.0,not_called,,0,0,NONE,0,,,0,not_triaged,0.0,115422.557,,True,0.0,0.0,0.0,0.0
MID101840,travel_agency,0,legit,none,0,0.0010388533214273478,,,,False,0,0.0,0.0,not_called,,0,0,NONE,0,,,0,not_triaged,0.0,170940.73566666667,,True,0.0,0.0,0.0,0.0
MID102637,subscription_box,0,legit,shared_platform,0,0.0027378669266077903,,,,False,0,0.0,0.0,not_called,,0,0,NONE,0,,,0,not_triaged,0.0,66303.091,,True,0.0,0.0,0.0,0.0
MID103632,home_furnishing,0,legit,none,0,0.003047365304078866,,,,False,0,0.0,0.0,not_called,,0,0,NONE,0,,,0,not_triaged,0.0,110001.14366666669,,True,0.0,0.0,0.0,0.0
MID102918,pharmacy,0,legit,none,0,0.018417187153537937,,,,False,0,0.0,0.0,not_called,,0,0,NONE,0,,,0,not_triaged,0.0,160737.503,,False,0.0,0.0,0.0,0.0
MID103005,electronics_retail,0,legit,none,0,0.008191424810523824,,,,False,0,0.0,0.0,not_called,,0,0,NONE,0,,,0,not_triaged,0.0,293129.65266666666,,True,0.0,0.0,0.0,0.0
MID101151,pharmacy,0,legit,shared_platform,0,0.0029082608888853587,,,,False,0,0.0,0.0,not_called,,0,0,NONE,0,,,0,not_triaged,0.0,69398.97266666667,,False,0.0,0.0,0.0,0.0
MID102777,subscription_box,0,legit,viral_spike,0,0.00046798537103293997,,,,False,0,0.0,0.0,not_called,,0,0,NONE,0,,,0,not_triaged,0.0,32476.27,,False,0.0,0.0,0.0,0.0
MID102580,pharmacy,0,legit,none,0,0.001080202663412083,,,,False,0,0.0,0.0,not_called,,0,0,NONE,0,,,0,not_triaged,0.0,155616.09466666667,,False,0.0,0.0,0.0,0.0
MID102989,pharmacy,0,legit,shared_platform,0,0.01680632444840854,,,,False,0,0.0,0.0,not_called,,0,0,NONE,0,,,0,not_triaged,0.0,7986.83,,False,0.0,0.0,0.0,0.0
MID101907,apparel,0,legit,none,0,0.0008932519689325768,,,,False,0,0.0,0.0,not_called,,0,0,NONE,0,,,0,not_triaged,0.0,109868.84266666666,,False,0.0,0.0,0.0,0.0
MID101529,apparel,0,legit,none,0,0.09920524998785615,,,,False,0,0.0,0.0,not_called,,0,0,NONE,0,,,0,not_triaged,0.0,109560.01533333331,,True,0.0,0.0,0.0,0.0
MID103128,subscription_box,0,legit,none,0,0.0005596294507366803,,,,False,0,0.0,0.0,not_called,,0,0,NONE,0,,,0,not_triaged,0.0,88061.47799999999,,True,0.0,0.0,0.0,0.0
MID102136,subscription_box,0,legit,none,0,0.0012593084588980456,subscription_box,0.9646,homepage,False,0,0.0,0.0,not_called,,0,0,NONE,0,,,2,evidence_exhausted,2.2,65908.86233333334,high_volume_rotation,False,0.0,0.0,0.0,0.0
MID103663,apparel,0,legit,none,0,0.000906431806118869,,,,False,0,0.0,0.0,not_called,,0,0,NONE,0,,,0,not_triaged,0.0,104123.64766666669,,True,0.0,0.0,0.0,0.0
MID101692,home_furnishing,0,legit,none,0,0.015426413587688398,,,,False,0,0.0,0.0,not_called,,0,0,NONE,0,,,0,not_triaged,0.0,107224.026,,False,0.0,0.0,0.0,0.0
MID100921,subscription_box,0,legit,none,0,0.018581146550088655,,,,False,0,0.0,0.0,not_called,,0,0,NONE,0,,,0,not_triaged,0.0,75977.879,,False,0.0,0.0,0.0,0.0
MID101844,travel_agency,0,legit,festival_season,0,0.02650403975378242,,,,False,0,0.0,0.0,not_called,,0,0,NONE,0,,,0,not_triaged,0.0,213429.43833333332,,False,0.0,0.0,0.0,0.0
MID100081,electronics_retail,1,rented_account,none,1,0.006180845024646596,,,,False,0,0.0,0.0,not_called,,0,0,NONE,0,,,0,not_triaged,0.0,139253.46700000003,,True,0.0,0.0,968053.61,968053.61
MID100206,pharmacy,0,legit,none,0,0.0006595430407459997,,,,False,0,0.0,0.0,not_called,,0,0,NONE,0,,,0,not_triaged,0.0,106519.25,,False,0.0,0.0,0.0,0.0
MID102896,electronics_retail,0,legit,viral_spike,0,0.0011275553196599883,,,,False,0,0.0,0.0,not_called,,0,0,NONE,0,,,0,not_triaged,0.0,47179.59466666666,,False,0.0,0.0,0.0,0.0
MID103658,apparel,0,legit,price_point_change,0,0.001328368296058228,,,,False,0,0.0,0.0,not_called,,0,0,NONE,0,,,0,not_triaged,0.0,43916.85466666667,,False,0.0,0.0,0.0,0.0
MID100760,apparel,0,legit,none,0,0.0012378076030497118,,,,False,0,0.0,0.0,not_called,,0,0,NONE,0,,,0,not_triaged,0.0,86360.42833333332,,False,0.0,0.0,0.0,0.0
MID103791,pharmacy,0,legit,shared_platform,0,0.0009972107483114836,,,,False,0,0.0,0.0,not_called,,0,0,NONE,0,,,0,not_triaged,0.0,31965.857666666667,,False,0.0,0.0,0.0,0.0
MID103467,home_furnishing,0,legit,none,0,0.007856940673514383,,,,False,0,0.0,0.0,not_called,,0,0,NONE,0,,,0,not_triaged,0.0,27276.56866666667,,True,0.0,0.0,0.0,0.0
MID100337,electronics_retail,0,legit,viral_spike,0,0.0008238321418947018,,,,False,0,0.0,0.0,not_called,,0,0,NONE,0,,,0,not_triaged,0.0,687166.5976666666,,False,0.0,0.0,0.0,0.0
MID102812,apparel,0,legit,none,0,0.0010806109149877562,,,,False,0,0.0,0.0,not_called,,0,0,NONE,0,,,0,not_triaged,0.0,38395.72233333333,,False,0.0,0.0,0.0,0.0
MID103917,pharmacy,0,legit,shared_platform,0,0.0014038755273036716,,,,False,0,0.0,0.0,not_called,,0,0,NONE,0,,,0,not_triaged,0.0,38819.416,,False,0.0,0.0,0.0,0.0
MID100262,subscription_box,0,legit,viral_spike,0,0.0028029468604857566,,,,False,0,0.0,0.0,not_called,,0,0,NONE,0,,,0,not_triaged,0.0,107621.57666666666,,True,0.0,0.0,0.0,0.0
MID103032,subscription_box,0,legit,price_point_change,0,0.00482476920824403,,,,False,0,0.0,0.0,not_called,,0,0,NONE,0,,,0,not_triaged,0.0,34661.99333333333,,True,0.0,0.0,0.0,0.0
MID103882,electronics_retail,0,legit,none,0,0.011987909249190657,,,,False,0,0.0,0.0,not_called,,0,0,NONE,0,,,0,not_triaged,0.0,73206.18166666666,,False,0.0,0.0,0.0,0.0
MID103439,pharmacy,0,legit,none,0,0.0009432022841127419,,,,False,0,0.0,0.0,not_called,,0,0,NONE,0,,,0,not_triaged,0.0,129110.329,,False,0.0,0.0,0.0,0.0
MID100984,apparel,0,legit,festival_season,0,0.004734773847893585,apparel,0.99,homepage,False,0,0.0,0.0,not_called,,0,0,NONE,0,,,2,evidence_exhausted,2.2,294133.276,high_volume_rotation,True,0.0,0.0,0.0,0.0
MID102332,apparel,0,legit,price_point_change,0,0.0008115841208267818,,,,False,0,0.0,0.0,not_called,,0,0,NONE,0,,,0,not_triaged,0.0,23272.782666666662,,False,0.0,0.0,0.0,0.0
MID101751,electronics_retail,0,legit,festival_season,0,0.006917066892169172,,,,False,0,0.0,0.0,not_called,,0,0,NONE,0,,,0,not_triaged,0.0,646893.9366666666,,False,0.0,0.0,0.0,0.0
MID102224,travel_agency,0,legit,none,0,0.003930617141566023,,,,False,0,0.0,0.0,not_called,,0,0,NONE,0,,,0,not_triaged,0.0,146500.94666666668,,False,0.0,0.0,0.0,0.0
MID103067,apparel,0,legit,none,0,0.0035830410913511466,,,,False,0,0.0,0.0,not_called,,0,0,NONE,0,,,0,not_triaged,0.0,66161.30166666667,,False,0.0,0.0,0.0,0.0
MID100071,electronics_retail,1,rented_account,none,1,0.998876457888845,unlicensed_lending,0.99,checkout,True,0,0.0,0.0,no_answer,,2,2,RESTRICT,4,telemetry;storefront,telemetry,3,confidence_threshold_met,4.4,147060.925,telemetry_drift,False,900.0,0.0,0.0,900.0
MID102947,home_furnishing,0,legit,none,0,0.0013625679308945859,,,,False,0,0.0,0.0,not_called,,0,0,NONE,0,,,0,not_triaged,0.0,54634.25,,True,0.0,0.0,0.0,0.0
MID102847,home_furnishing,0,legit,none,0,0.009962865798013705,home_furnishing,0.9515,homepage,False,0,0.0,0.0,not_called,,0,0,NONE,0,,,2,evidence_exhausted,2.2,37848.1,external_signal,True,0.0,0.0,0.0,0.0
MID100703,digital_services,0,legit,price_point_change,0,0.001965414398662155,,,,False,0,0.0,0.0,not_called,,0,0,NONE,0,,,0,not_triaged,0.0,32411.13633333333,,False,0.0,0.0,0.0,0.0
MID101871,digital_services,0,legit,none,0,0.0010244408429135963,,,,False,0,0.0,0.0,not_called,,0,0,NONE,0,,,0,not_triaged,0.0,171150.37533333333,,False,0.0,0.0,0.0,0.0
MID101494,apparel,0,legit,festival_season,0,0.0005614277735115202,,,,False,0,0.0,0.0,not_called,,0,0,NONE,0,,,0,not_triaged,0.0,536567.463,,False,0.0,0.0,0.0,0.0
MID103300,travel_agency,0,legit,none,0,0.0019288736065017262,,,,False,0,0.0,0.0,not_called,,0,0,NONE,0,,,0,not_triaged,0.0,228374.718,,False,0.0,0.0,0.0,0.0
MID100945,apparel,0,legit,none,0,0.0018533188934613189,,,,False,0,0.0,0.0,not_called,,0,0,NONE,0,,,0,not_triaged,0.0,216451.43033333332,,False,0.0,0.0,0.0,0.0
MID101533,home_furnishing,0,legit,viral_spike,0,0.0006637961274611673,,,,False,0,0.0,0.0,not_called,,0,0,NONE,0,,,0,not_triaged,0.0,47845.024,,True,0.0,0.0,0.0,0.0
MID101381,home_furnishing,0,legit,none,0,0.0004329318133275098,,,,False,15,0.4055,0.177,not_called,,0,0,NONE,0,,,0,not_triaged,0.0,13708.004666666668,,False,0.0,0.0,0.0,0.0
MID102985,apparel,0,legit,shared_platform,0,0.0007862362198931017,,,,False,0,0.0,0.0,not_called,,0,0,NONE,0,,,0,not_triaged,0.0,274313.65,,False,0.0,0.0,0.0,0.0
MID102102,electronics_retail,0,legit,none,0,0.0023982385611241606,,,,False,0,0.0,0.0,not_called,,0,0,NONE,0,,,0,not_triaged,0.0,74148.54000000001,,False,0.0,0.0,0.0,0.0
MID103204,travel_agency,0,legit,none,0,0.010137550302607982,subscription_box,0.05,homepage,False,0,0.0,0.0,not_called,,1,1,VERIFY,0,,,2,confidence_threshold_met,2.2,148825.66600000003,external_signal,True,0.0,0.0,0.0,0.0
MID102331,electronics_retail,0,legit,festival_season,0,0.005996320741877822,,,,False,0,0.0,0.0,not_called,,0,0,NONE,0,,,0,not_triaged,0.0,557708.17,,False,0.0,0.0,0.0,0.0
MID101169,apparel,0,legit,none,0,0.0012497899445692965,,,,False,0,0.0,0.0,not_called,,0,0,NONE,0,,,0,not_triaged,0.0,22424.75633333333,,True,0.0,0.0,0.0,0.0
MID103564,subscription_box,0,legit,none,0,0.0014282149101528822,,,,False,0,0.0,0.0,not_called,,0,0,NONE,0,,,0,not_triaged,0.0,49741.94933333333,,True,0.0,0.0,0.0,0.0
MID103857,apparel,0,legit,none,0,0.001879102909237596,,,,False,0,0.0,0.0,not_called,,0,0,NONE,0,,,0,not_triaged,0.0,93181.44233333334,,False,0.0,0.0,0.0,0.0
MID101892,home_furnishing,0,legit,none,0,0.0025586148407261092,home_furnishing,0.9541,homepage,False,0,0.0,0.0,not_called,,0,0,NONE,0,,,2,evidence_exhausted,2.2,261541.7383333333,high_volume_rotation,True,0.0,0.0,0.0,0.0
MID100690,pharmacy,0,legit,none,0,0.0012215829053173542,,,,False,0,0.0,0.0,not_called,,0,0,NONE,0,,,0,not_triaged,0.0,61609.093,,False,0.0,0.0,0.0,0.0
MID102029,pharmacy,0,legit,shared_platform,0,0.002488083895888302,,,,False,0,0.0,0.0,not_called,,0,0,NONE,0,,,0,not_triaged,0.0,49761.48466666666,,False,0.0,0.0,0.0,0.0
MID100092,travel_agency,1,rented_account,none,1,0.7436883207455225,unlicensed_lending,0.99,checkout,False,0,0.0,0.0,answered,True,3,3,RESTRICT,4,telemetry;storefront;scripts,telemetry,4,confidence_threshold_met,4.4,150089.22466666668,telemetry_drift,False,900.0,0.0,0.0,900.0
MID100497,home_furnishing,0,legit,none,0,0.0014797989643888258,,,,False,0,0.0,0.0,not_called,,0,0,NONE,0,,,0,not_triaged,0.0,37148.30333333334,,True,0.0,0.0,0.0,0.0
MID102929,pharmacy,0,legit,none,0,0.0020452937955609584,,,,False,0,0.0,0.0,not_called,,0,0,NONE,0,,,0,not_triaged,0.0,47231.932,,False,0.0,0.0,0.0,0.0
MID102454,home_furnishing,0,legit,festival_season,0,0.023068193911073908,,,,False,0,0.0,0.0,not_called,,0,0,NONE,0,,,0,not_triaged,0.0,68747.24333333333,,True,0.0,0.0,0.0,0.0
MID103294,digital_services,0,legit,none,0,0.005091260266945401,,,,False,0,0.0,0.0,not_called,,0,0,NONE,0,,,0,not_triaged,0.0,64275.066666666666,,False,0.0,0.0,0.0,0.0
MID100425,electronics_retail,0,legit,none,0,0.0008715084267040827,,,,False,0,0.0,0.0,not_called,,0,0,NONE,0,,,0,not_triaged,0.0,303098.405,,False,0.0,0.0,0.0,0.0
MID103594,digital_services,0,legit,shared_platform,0,0.002364416383888396,,,,False,0,0.0,0.0,not_called,,0,0,NONE,0,,,0,not_triaged,0.0,102841.28466666667,,False,0.0,0.0,0.0,0.0
MID100776,apparel,0,legit,none,0,0.0011839316002222192,,,,False,0,0.0,0.0,not_called,,0,0,NONE,0,,,0,not_triaged,0.0,179019.06600000002,,False,0.0,0.0,0.0,0.0
MID102926,digital_services,0,legit,none,0,0.000990333333125707,,,,False,0,0.0,0.0,not_called,,0,0,NONE,0,,,0,not_triaged,0.0,45534.088,,False,0.0,0.0,0.0,0.0
MID103578,apparel,0,legit,none,0,0.005232107125944481,,,,False,0,0.0,0.0,not_called,,0,0,NONE,0,,,0,not_triaged,0.0,30403.482666666667,,False,0.0,0.0,0.0,0.0
MID100832,apparel,0,legit,none,0,0.0009128190179970958,,,,False,0,0.0,0.0,not_called,,0,0,NONE,0,,,0,not_triaged,0.0,63499.46766666667,,False,0.0,0.0,0.0,0.0
MID102543,apparel,0,legit,festival_season,0,0.014193207278605322,,,,False,0,0.0,0.0,not_called,,0,0,NONE,0,,,0,not_triaged,0.0,121010.18433333334,,False,0.0,0.0,0.0,0.0
MID101463,digital_services,0,legit,none,0,0.0010457078782923899,,,,False,0,0.0,0.0,not_called,,0,0,NONE,0,,,0,not_triaged,0.0,40469.855,,False,0.0,0.0,0.0,0.0
MID100811,electronics_retail,0,legit,none,0,0.0017471767519934961,,,,False,0,0.0,0.0,not_called,,0,0,NONE,0,,,0,not_triaged,0.0,431260.8076666667,,False,0.0,0.0,0.0,0.0
MID102689,digital_services,0,legit,none,0,0.001955748689983402,,,,False,0,0.0,0.0,not_called,,0,0,NONE,0,,,0,not_triaged,0.0,24482.424,,False,0.0,0.0,0.0,0.0
MID103640,travel_agency,0,legit,none,0,0.000642774711132327,,,,False,0,0.0,0.0,not_called,,0,0,NONE,0,,,0,not_triaged,0.0,231552.82633333333,,False,0.0,0.0,0.0,0.0
MID100110,pharmacy,1,licensing_violation,none,0,0.054339856179650405,,,,False,0,0.0,0.0,not_called,,0,0,NONE,0,,,0,not_triaged,0.0,53061.62766666667,,True,0.0,0.0,1027884.45,1027884.45
MID102186,apparel,0,legit,shared_platform,0,0.001070867774160969,,,,False,0,0.0,0.0,not_called,,0,0,NONE,0,,,0,not_triaged,0.0,91818.07533333334,,True,0.0,0.0,0.0,0.0
MID102244,travel_agency,0,legit,none,0,0.002332753431252032,,,,False,0,0.0,0.0,not_called,,0,0,NONE,0,,,0,not_triaged,0.0,461648.27166666667,,False,0.0,0.0,0.0,0.0
MID100627,digital_services,0,legit,none,0,0.009483434552323387,,,,False,0,0.0,0.0,not_called,,0,0,NONE,0,,,0,not_triaged,0.0,68019.21433333334,,False,0.0,0.0,0.0,0.0
MID100558,digital_services,0,legit,price_point_change,0,0.00933026994031605,,,,False,0,0.0,0.0,not_called,,0,0,NONE,0,,,0,not_triaged,0.0,61809.94433333333,,False,0.0,0.0,0.0,0.0
MID103598,home_furnishing,0,legit,none,0,0.004849274151230753,,,,False,0,0.0,0.0,not_called,,0,0,NONE,0,,,0,not_triaged,0.0,230095.048,,False,0.0,0.0,0.0,0.0
MID101890,skill_gaming,0,legit,none,0,0.0007149113054580968,,,,False,0,0.0,0.0,not_called,,0,0,NONE,0,,,0,not_triaged,0.0,347425.8776666666,,False,0.0,0.0,0.0,0.0
MID100667,electronics_retail,0,legit,none,0,0.003200116598710671,,,,False,0,0.0,0.0,not_called,,0,0,NONE,0,,,0,not_triaged,0.0,138685.803,,True,0.0,0.0,0.0,0.0
MID100452,electronics_retail,0,legit,none,0,0.000728540385759233,,,,False,0,0.0,0.0,not_called,,0,0,NONE,0,,,0,not_triaged,0.0,182814.445,,False,0.0,0.0,0.0,0.0
MID100950,skill_gaming,0,legit,none,0,0.0044720805817559895,,,,False,0,0.0,0.0,not_called,,0,0,NONE,0,,,0,not_triaged,0.0,61637.709,,False,0.0,0.0,0.0,0.0
MID102441,apparel,0,legit,none,0,0.0020502103687098185,,,,False,0,0.0,0.0,not_called,,0,0,NONE,0,,,0,not_triaged,0.0,52968.484,,False,0.0,0.0,0.0,0.0
MID102172,apparel,0,legit,none,0,0.034531381004522715,,,,False,0,0.0,0.0,not_called,,0,0,NONE,0,,,0,not_triaged,0.0,61299.046,,False,0.0,0.0,0.0,0.0
MID100473,travel_agency,0,legit,none,0,0.007703317467959476,,,,False,0,0.0,0.0,not_called,,0,0,NONE,0,,,0,not_triaged,0.0,127578.63366666668,,False,0.0,0.0,0.0,0.0
MID102326,pharmacy,0,legit,shared_platform,0,0.017039096989460392,,,,False,0,0.0,0.0,not_called,,0,0,NONE,0,,,0,not_triaged,0.0,11688.048666666667,,False,0.0,0.0,0.0,0.0
MID103758,pharmacy,0,legit,none,0,0.0017869707361737976,,,,False,0,0.0,0.0,not_called,,0,0,NONE,0,,,0,not_triaged,0.0,40172.75066666667,,True,0.0,0.0,0.0,0.0
MID102455,travel_agency,0,legit,none,0,0.001027778856852798,,,,False,0,0.0,0.0,not_called,,0,0,NONE,0,,,0,not_triaged,0.0,36445.672666666665,,False,0.0,0.0,0.0,0.0
MID103756,apparel,0,legit,none,0,0.0014675806587946562,,,,False,0,0.0,0.0,not_called,,0,0,NONE,0,,,0,not_triaged,0.0,138979.35833333334,,False,0.0,0.0,0.0,0.0
MID102736,apparel,0,legit,none,0,0.003354225609733445,,,,False,0,0.0,0.0,not_called,,0,0,NONE,0,,,0,not_triaged,0.0,69610.76333333334,,False,0.0,0.0,0.0,0.0
MID102367,electronics_retail,0,legit,none,0,0.0015262709827841851,,,,False,0,0.0,0.0,not_called,,0,0,NONE,0,,,0,not_triaged,0.0,148059.446,,False,0.0,0.0,0.0,0.0
MID102489,digital_services,0,legit,none,0,0.007291281812397513,,,,False,0,0.0,0.0,not_called,,0,0,NONE,0,,,0,not_triaged,0.0,151966.74233333333,,False,0.0,0.0,0.0,0.0
MID101198,pharmacy,0,legit,none,0,0.0005794867908460083,,,,False,0,0.0,0.0,not_called,,0,0,NONE,0,,,0,not_triaged,0.0,18746.023,,True,0.0,0.0,0.0,0.0
MID102793,pharmacy,0,legit,none,0,0.0006474365349380119,,,,False,0,0.0,0.0,not_called,,0,0,NONE,0,,,0,not_triaged,0.0,39575.606666666674,,False,0.0,0.0,0.0,0.0
MID100203,electronics_retail,0,legit,none,0,0.003818048687499941,,,,False,0,0.0,0.0,not_called,,0,0,NONE,0,,,0,not_triaged,0.0,730294.3266666665,,True,0.0,0.0,0.0,0.0
MID100242,skill_gaming,0,legit,none,0,0.0009545313659372948,,,,False,0,0.0,0.0,not_called,,0,0,NONE,0,,,0,not_triaged,0.0,160738.93000000002,,False,0.0,0.0,0.0,0.0
MID102651,home_furnishing,0,legit,none,0,0.001118926796339783,,,,False,0,0.0,0.0,not_called,,0,0,NONE,0,,,0,not_triaged,0.0,49702.272,,False,0.0,0.0,0.0,0.0
MID103214,travel_agency,0,legit,none,0,0.0010175641278963455,,,,False,0,0.0,0.0,not_called,,0,0,NONE,0,,,0,not_triaged,0.0,35107.04666666666,,False,0.0,0.0,0.0,0.0
MID102656,home_furnishing,0,legit,none,0,0.0007180805778613478,,,,False,0,0.0,0.0,not_called,,0,0,NONE,0,,,0,not_triaged,0.0,121834.94933333334,,False,0.0,0.0,0.0,0.0
MID103930,skill_gaming,0,legit,none,0,0.0015404755730397484,skill_gaming,0.99,homepage,False,0,0.0,0.0,not_called,,0,0,NONE,0,,,2,evidence_exhausted,2.2,170304.73400000003,external_signal,False,0.0,0.0,0.0,0.0
MID101525,electronics_retail,0,legit,none,0,0.0006344891862475489,,,,False,0,0.0,0.0,not_called,,0,0,NONE,0,,,0,not_triaged,0.0,448688.3256666667,,False,0.0,0.0,0.0,0.0
MID102547,digital_services,0,legit,none,0,0.0021261453239107297,,,,False,0,0.0,0.0,not_called,,0,0,NONE,0,,,0,not_triaged,0.0,105513.60833333334,,False,0.0,0.0,0.0,0.0
MID103022,apparel,0,legit,none,0,0.004658364809628027,,,,False,0,0.0,0.0,not_called,,0,0,NONE,0,,,0,not_triaged,0.0,131066.75733333334,,True,0.0,0.0,0.0,0.0
MID101162,home_furnishing,0,legit,viral_spike,0,0.002077703313358742,home_furnishing,0.9457,homepage,False,0,0.0,0.0,not_called,,0,0,NONE,0,,,2,evidence_exhausted,2.2,57475.16766666667,external_signal,True,0.0,0.0,0.0,0.0
MID103945,travel_agency,0,legit,none,0,0.00027357675360651604,,,,False,0,0.0,0.0,not_called,,0,0,NONE,0,,,0,not_triaged,0.0,72332.682,,True,0.0,0.0,0.0,0.0
MID102447,electronics_retail,0,legit,none,0,0.001413832762442135,,,,False,0,0.0,0.0,not_called,,0,0,NONE,0,,,0,not_triaged,0.0,154254.14066666664,,True,0.0,0.0,0.0,0.0
MID102983,electronics_retail,0,legit,viral_spike,0,0.0008313775245561535,,,,False,0,0.0,0.0,not_called,,0,0,NONE,0,,,0,not_triaged,0.0,67221.26133333334,,False,0.0,0.0,0.0,0.0
MID100970,skill_gaming,0,legit,none,0,0.0026329772605436035,,,,False,0,0.0,0.0,not_called,,0,0,NONE,0,,,0,not_triaged,0.0,133960.15333333335,,True,0.0,0.0,0.0,0.0
MID102826,pharmacy,0,legit,none,0,0.0013712666945298263,,,,False,0,0.0,0.0,not_called,,0,0,NONE,0,,,0,not_triaged,0.0,51285.312666666665,,True,0.0,0.0,0.0,0.0
MID100189,skill_gaming,0,legit,none,0,0.0054977588036990545,,,,False,0,0.0,0.0,not_called,,0,0,NONE,0,,,0,not_triaged,0.0,443962.693,,False,0.0,0.0,0.0,0.0
MID100179,subscription_box,0,legit,none,0,0.0011789904903086507,,,,False,0,0.0,0.0,not_called,,0,0,NONE,0,,,0,not_triaged,0.0,49640.34566666666,,True,0.0,0.0,0.0,0.0
MID101505,apparel,0,legit,none,0,0.016273528770933056,,,,False,0,0.0,0.0,not_called,,0,0,NONE,0,,,0,not_triaged,0.0,89029.707,,True,0.0,0.0,0.0,0.0
MID101548,home_furnishing,0,legit,none,0,0.010700520022748487,,,,False,0,0.0,0.0,not_called,,0,0,NONE,0,,,0,not_triaged,0.0,31814.97666666667,,False,0.0,0.0,0.0,0.0
MID103688,pharmacy,0,legit,none,0,0.0004949213022828469,,,,False,0,0.0,0.0,not_called,,0,0,NONE,0,,,0,not_triaged,0.0,21449.119666666666,,False,0.0,0.0,0.0,0.0
MID103510,skill_gaming,0,legit,none,0,0.014545895879370609,,,,False,0,0.0,0.0,not_called,,0,0,NONE,0,,,0,not_triaged,0.0,57926.01866666667,,False,0.0,0.0,0.0,0.0
MID102746,apparel,0,legit,none,0,0.002311700756957313,,,,False,0,0.0,0.0,not_called,,0,0,NONE,0,,,0,not_triaged,0.0,25139.17,,False,0.0,0.0,0.0,0.0
MID101191,electronics_retail,0,legit,none,0,0.0010234608279385338,,,,False,0,0.0,0.0,not_called,,0,0,NONE,0,,,0,not_triaged,0.0,119586.94066666666,,False,0.0,0.0,0.0,0.0
MID103219,apparel,0,legit,none,0,0.001333498041730341,,,,False,0,0.0,0.0,not_called,,0,0,NONE,0,,,0,not_triaged,0.0,101336.92233333334,,False,0.0,0.0,0.0,0.0
MID102017,pharmacy,0,legit,none,0,0.002189356299527025,,,,False,0,0.0,0.0,not_called,,0,0,NONE,0,,,0,not_triaged,0.0,41935.424666666666,,False,0.0,0.0,0.0,0.0
MID102802,apparel,0,legit,none,0,0.0013576692944202464,,,,False,0,0.0,0.0,not_called,,0,0,NONE,0,,,0,not_triaged,0.0,33262.589,,False,0.0,0.0,0.0,0.0
MID102497,electronics_retail,0,legit,none,0,0.005053031798989201,electronics_retail,0.99,homepage,False,0,0.0,0.0,not_called,,0,0,NONE,0,,,2,evidence_exhausted,2.2,576522.3293333334,high_volume_rotation,True,0.0,0.0,0.0,0.0
MID102374,apparel,0,legit,shared_platform,0,0.0014410827029903406,,,,False,0,0.0,0.0,not_called,,0,0,NONE,0,,,0,not_triaged,0.0,84606.33166666668,,False,0.0,0.0,0.0,0.0
MID103509,skill_gaming,0,legit,none,0,0.0020476907555327735,,,,False,0,0.0,0.0,not_called,,0,0,NONE,0,,,0,not_triaged,0.0,161186.82899999997,,True,0.0,0.0,0.0,0.0
MID101823,pharmacy,0,legit,none,0,0.003584061911914635,,,,False,0,0.0,0.0,not_called,,0,0,NONE,0,,,0,not_triaged,0.0,31131.902,,True,0.0,0.0,0.0,0.0
MID101620,apparel,0,legit,none,0,0.0008093833905526408,apparel,0.9304,homepage,False,0,0.0,0.0,not_called,,0,0,NONE,0,,,2,evidence_exhausted,2.2,292329.456,high_volume_rotation,False,0.0,0.0,0.0,0.0
MID101672,apparel,0,legit,none,0,0.0009699153835328313,,,,False,0,0.0,0.0,not_called,,0,0,NONE,0,,,0,not_triaged,0.0,256648.826,,False,0.0,0.0,0.0,0.0
MID101755,apparel,0,legit,none,0,0.003925190178954434,,,,False,0,0.0,0.0,not_called,,0,0,NONE,0,,,0,not_triaged,0.0,104741.985,,True,0.0,0.0,0.0,0.0
MID101238,skill_gaming,0,legit,none,0,0.005101695189881211,,,,False,0,0.0,0.0,not_called,,0,0,NONE,0,,,0,not_triaged,0.0,493367.17566666665,,False,0.0,0.0,0.0,0.0
MID102575,apparel,0,legit,shared_platform,0,0.004909019660969338,,,,False,0,0.0,0.0,not_called,,0,0,NONE,0,,,0,not_triaged,0.0,130162.91466666668,,False,0.0,0.0,0.0,0.0
MID101797,skill_gaming,0,legit,none,0,0.002685322642401572,,,,False,0,0.0,0.0,not_called,,0,0,NONE,0,,,0,not_triaged,0.0,52761.602,,False,0.0,0.0,0.0,0.0
MID102007,subscription_box,0,legit,none,0,0.0033908401012876037,,,,False,0,0.0,0.0,not_called,,0,0,NONE,0,,,0,not_triaged,0.0,222624.257,,True,0.0,0.0,0.0,0.0
MID100415,home_furnishing,0,legit,none,0,0.0013052339189147982,,,,False,0,0.0,0.0,not_called,,0,0,NONE,0,,,0,not_triaged,0.0,87918.59066666666,,False,0.0,0.0,0.0,0.0
MID101086,electronics_retail,0,legit,none,0,0.008627331181026208,,,,False,0,0.0,0.0,not_called,,0,0,NONE,0,,,0,not_triaged,0.0,156433.59166666667,,True,0.0,0.0,0.0,0.0
MID102234,apparel,0,legit,viral_spike,0,0.0037603189141347864,,,,False,0,0.0,0.0,not_called,,0,0,NONE,0,,,0,not_triaged,0.0,140468.2536666667,,True,0.0,0.0,0.0,0.0
MID100648,apparel,0,legit,none,0,0.001605779033807548,,,,False,0,0.0,0.0,not_called,,0,0,NONE,0,,,0,not_triaged,0.0,27541.629666666664,,False,0.0,0.0,0.0,0.0
MID102768,electronics_retail,0,legit,viral_spike,0,0.009505197209533738,,,,False,0,0.0,0.0,not_called,,0,0,NONE,0,,,0,not_triaged,0.0,1246324.647666667,,False,0.0,0.0,0.0,0.0
MID100900,skill_gaming,0,legit,none,0,0.005759631450092018,skill_gaming,0.99,homepage,False,0,0.0,0.0,not_called,,0,0,NONE,0,,,2,evidence_exhausted,2.2,156635.1733333333,external_signal,True,0.0,0.0,0.0,0.0
MID102382,apparel,0,legit,shared_platform,0,0.0029561239071027225,,,,False,0,0.0,0.0,not_called,,0,0,NONE,0,,,0,not_triaged,0.0,106542.87433333333,,False,0.0,0.0,0.0,0.0
MID102372,electronics_retail,0,legit,none,0,0.0011502082923013934,,,,False,0,0.0,0.0,not_called,,0,0,NONE,0,,,0,not_triaged,0.0,108651.30733333332,,True,0.0,0.0,0.0,0.0
MID101249,digital_services,0,legit,price_point_change,0,0.0010819171104372949,,,,False,0,0.0,0.0,not_called,,0,0,NONE,0,,,0,not_triaged,0.0,14333.216333333336,,False,0.0,0.0,0.0,0.0
MID102692,pharmacy,0,legit,shared_platform,0,0.0009413441309922028,,,,False,0,0.0,0.0,not_called,,0,0,NONE,0,,,0,not_triaged,0.0,48529.74833333333,,False,0.0,0.0,0.0,0.0
MID101037,apparel,0,legit,none,0,0.0009576265330401787,,,,False,0,0.0,0.0,not_called,,0,0,NONE,0,,,0,not_triaged,0.0,134183.17566666668,,True,0.0,0.0,0.0,0.0
MID103133,digital_services,0,legit,none,0,0.04614711942540812,,,,False,0,0.0,0.0,not_called,,0,0,NONE,0,,,0,not_triaged,0.0,53403.979666666666,,False,0.0,0.0,0.0,0.0
MID100051,home_furnishing,1,pivot_prohibited,none,1,0.8651342379136633,sports_betting,0.9189,homepage,False,0,0.0,0.0,no_answer,,2,2,RESTRICT,4,telemetry;storefront,telemetry,2,confidence_threshold_met,2.2,57155.227,telemetry_drift,False,900.0,0.0,0.0,900.0
MID102807,skill_gaming,0,legit,none,0,0.013717101637774261,,,,False,0,0.0,0.0,not_called,,0,0,NONE,0,,,0,not_triaged,0.0,234033.0993333333,,False,0.0,0.0,0.0,0.0
MID103194,skill_gaming,0,legit,none,0,0.0014066906737280262,,,,False,0,0.0,0.0,not_called,,0,0,NONE,0,,,0,not_triaged,0.0,159806.53066666666,,True,0.0,0.0,0.0,0.0
MID101094,skill_gaming,0,legit,none,0,0.0008951232784296149,,,,False,0,0.0,0.0,not_called,,0,0,NONE,0,,,0,not_triaged,0.0,109675.55466666668,,True,0.0,0.0,0.0,0.0
MID101325,electronics_retail,0,legit,festival_season,0,0.007574958918999263,,,,False,0,0.0,0.0,not_called,,0,0,NONE,0,,,0,not_triaged,0.0,484223.5296666667,,False,0.0,0.0,0.0,0.0
MID102394,travel_agency,0,legit,none,0,0.002718732856077932,,,,False,0,0.0,0.0,not_called,,0,0,NONE,0,,,0,not_triaged,0.0,87015.39433333333,,False,0.0,0.0,0.0,0.0
MID103834,skill_gaming,0,legit,none,0,0.001602039896860574,,,,False,0,0.0,0.0,not_called,,0,0,NONE,0,,,0,not_triaged,0.0,268544.52,,True,0.0,0.0,0.0,0.0
MID100851,digital_services,0,legit,none,0,0.0023031171319644757,,,,False,0,0.0,0.0,not_called,,0,0,NONE,0,,,0,not_triaged,0.0,44554.46733333333,,True,0.0,0.0,0.0,0.0
MID103058,subscription_box,0,legit,none,0,0.02174036501367661,,,,False,0,0.0,0.0,not_called,,0,0,NONE,0,,,0,not_triaged,0.0,87876.04866666667,,False,0.0,0.0,0.0,0.0
MID102128,home_furnishing,0,legit,none,0,0.0053590598501787575,,,,False,0,0.0,0.0,not_called,,0,0,NONE,0,,,0,not_triaged,0.0,19606.572,,False,0.0,0.0,0.0,0.0
MID103442,pharmacy,0,legit,none,0,0.03152235257725487,,,,False,0,0.0,0.0,not_called,,0,0,NONE,0,,,0,not_triaged,0.0,58958.988,,False,0.0,0.0,0.0,0.0
MID102165,apparel,0,legit,none,0,0.011975978505350758,,,,False,0,0.0,0.0,not_called,,0,0,NONE,0,,,0,not_triaged,0.0,42799.60866666667,,False,0.0,0.0,0.0,0.0
MID100955,pharmacy,0,legit,none,0,0.000657332548388099,,,,False,0,0.0,0.0,not_called,,0,0,NONE,0,,,0,not_triaged,0.0,19034.043,,True,0.0,0.0,0.0,0.0
MID100164,subscription_box,0,legit,shared_platform,0,0.0008735714567996117,,,,False,0,0.0,0.0,not_called,,0,0,NONE,0,,,0,not_triaged,0.0,73318.88766666666,,False,0.0,0.0,0.0,0.0
MID103422,apparel,0,legit,price_point_change,0,0.003004842154771966,,,,False,0,0.0,0.0,not_called,,0,0,NONE,0,,,0,not_triaged,0.0,36521.51766666666,,False,0.0,0.0,0.0,0.0
MID100304,skill_gaming,0,legit,none,0,0.0015399150162398454,,,,False,0,0.0,0.0,not_called,,0,0,NONE,0,,,0,not_triaged,0.0,550572.209,,True,0.0,0.0,0.0,0.0
MID100212,apparel,0,legit,none,0,0.000653144480760465,,,,False,0,0.0,0.0,not_called,,0,0,NONE,0,,,0,not_triaged,0.0,212283.8663333333,,False,0.0,0.0,0.0,0.0
MID102691,apparel,0,legit,none,0,0.0017932975134875347,,,,False,0,0.0,0.0,not_called,,0,0,NONE,0,,,0,not_triaged,0.0,59731.797,,False,0.0,0.0,0.0,0.0
MID100301,electronics_retail,0,legit,viral_spike,0,0.0036937586075541998,,,,False,0,0.0,0.0,not_called,,0,0,NONE,0,,,0,not_triaged,0.0,284528.2533333333,,False,0.0,0.0,0.0,0.0
MID101279,apparel,0,legit,none,0,0.0013864960662032598,,,,False,0,0.0,0.0,not_called,,0,0,NONE,0,,,0,not_triaged,0.0,58156.98666666667,,False,0.0,0.0,0.0,0.0
MID101283,digital_services,0,legit,none,0,0.0010723479834925755,,,,False,0,0.0,0.0,not_called,,0,0,NONE,0,,,0,not_triaged,0.0,41793.56366666667,,False,0.0,0.0,0.0,0.0
MID100326,apparel,0,legit,price_point_change,0,0.008217602065679048,,,,False,0,0.0,0.0,not_called,,0,0,NONE,0,,,0,not_triaged,0.0,51858.20966666667,,True,0.0,0.0,0.0,0.0
MID103784,apparel,0,legit,price_point_change,0,0.0026543535870267297,,,,False,0,0.0,0.0,not_called,,0,0,NONE,0,,,0,not_triaged,0.0,13429.454333333331,,False,0.0,0.0,0.0,0.0
MID100794,skill_gaming,0,legit,none,0,0.001602620796417034,,,,False,0,0.0,0.0,not_called,,0,0,NONE,0,,,0,not_triaged,0.0,94783.90833333334,,False,0.0,0.0,0.0,0.0
MID101306,subscription_box,0,legit,none,0,0.0010957537875852298,,,,False,0,0.0,0.0,not_called,,0,0,NONE,0,,,0,not_triaged,0.0,38661.25433333333,,False,0.0,0.0,0.0,0.0
MID100647,digital_services,0,legit,none,0,0.0010152485866681685,,,,False,0,0.0,0.0,not_called,,0,0,NONE,0,,,0,not_triaged,0.0,186138.86266666665,,False,0.0,0.0,0.0,0.0
MID103019,electronics_retail,0,legit,none,0,0.0007355539623238506,,,,False,0,0.0,0.0,not_called,,0,0,NONE,0,,,0,not_triaged,0.0,731297.459,,True,0.0,0.0,0.0,0.0
MID100585,home_furnishing,0,legit,festival_season,0,0.0094244869713965,,,,False,0,0.0,0.0,not_called,,0,0,NONE,0,,,0,not_triaged,0.0,32260.11733333333,,False,0.0,0.0,0.0,0.0
MID102816,home_furnishing,0,legit,none,0,0.0022124480535805416,,,,False,0,0.0,0.0,not_called,,0,0,NONE,0,,,0,not_triaged,0.0,27918.066666666666,,False,0.0,0.0,0.0,0.0
MID101163,digital_services,0,legit,none,0,0.0032931034307852013,,,,False,0,0.0,0.0,not_called,,0,0,NONE,0,,,0,not_triaged,0.0,164495.50533333333,,True,0.0,0.0,0.0,0.0
MID102479,home_furnishing,0,legit,none,0,0.003155879368403347,,,,False,0,0.0,0.0,not_called,,0,0,NONE,0,,,0,not_triaged,0.0,79768.46966666666,,False,0.0,0.0,0.0,0.0
MID103385,apparel,0,legit,none,0,0.006659481980276823,,,,False,0,0.0,0.0,not_called,,0,0,NONE,0,,,0,not_triaged,0.0,106468.14266666668,,False,0.0,0.0,0.0,0.0
MID100378,electronics_retail,0,legit,none,0,0.0012056305903841232,,,,False,0,0.0,0.0,not_called,,0,0,NONE,0,,,0,not_triaged,0.0,172405.82133333333,,True,0.0,0.0,0.0,0.0
MID103202,travel_agency,0,legit,festival_season,0,0.004493782595797897,travel_agency,0.9421,homepage,False,0,0.0,0.0,not_called,,0,0,NONE,0,,,2,evidence_exhausted,2.2,1757546.305333333,high_volume_rotation,False,0.0,0.0,0.0,0.0
MID102825,travel_agency,0,legit,none,0,0.0032524914335964918,,,,False,0,0.0,0.0,not_called,,0,0,NONE,0,,,0,not_triaged,0.0,153285.58466666666,,False,0.0,0.0,0.0,0.0
MID102236,electronics_retail,0,legit,none,0,0.0027734489123761616,,,,False,0,0.0,0.0,not_called,,0,0,NONE,0,,,0,not_triaged,0.0,168871.49033333332,,False,0.0,0.0,0.0,0.0
MID101002,apparel,0,legit,none,0,0.0007389444514461134,,,,False,0,0.0,0.0,not_called,,0,0,NONE,0,,,0,not_triaged,0.0,86189.68433333334,,True,0.0,0.0,0.0,0.0
MID103754,home_furnishing,0,legit,none,0,0.0013046372141682183,,,,False,0,0.0,0.0,not_called,,0,0,NONE,0,,,0,not_triaged,0.0,48712.012,,True,0.0,0.0,0.0,0.0
MID102485,skill_gaming,0,legit,none,0,0.000941614648936801,,,,False,0,0.0,0.0,not_called,,0,0,NONE,0,,,0,not_triaged,0.0,113663.61933333334,,False,0.0,0.0,0.0,0.0
MID103946,pharmacy,0,legit,none,0,0.010218311115737051,,,,False,0,0.0,0.0,not_called,,0,0,NONE,0,,,0,not_triaged,0.0,48368.30733333334,,True,0.0,0.0,0.0,0.0
MID103910,apparel,0,legit,none,0,0.0010615616941902488,,,,False,0,0.0,0.0,not_called,,0,0,NONE,0,,,0,not_triaged,0.0,124073.87433333333,,True,0.0,0.0,0.0,0.0
MID102218,home_furnishing,0,legit,viral_spike,0,0.011460204648732852,,,,False,0,0.0,0.0,not_called,,0,0,NONE,0,,,0,not_triaged,0.0,59570.369333333336,,True,0.0,0.0,0.0,0.0
MID102666,electronics_retail,0,legit,none,0,0.008206022307032948,,,,False,0,0.0,0.0,not_called,,0,0,NONE,0,,,0,not_triaged,0.0,215692.126,,False,0.0,0.0,0.0,0.0
MID100807,travel_agency,0,legit,none,0,0.00079478554470712,,,,False,0,0.0,0.0,not_called,,0,0,NONE,0,,,0,not_triaged,0.0,108325.25033333334,,False,0.0,0.0,0.0,0.0
MID103920,apparel,0,legit,none,0,0.0008929178894300584,,,,False,0,0.0,0.0,not_called,,0,0,NONE,0,,,0,not_triaged,0.0,112012.42333333334,,False,0.0,0.0,0.0,0.0
MID100234,apparel,0,legit,viral_spike,0,0.0004709704774276793,,,,False,0,0.0,0.0,not_called,,0,0,NONE,0,,,0,not_triaged,0.0,278584.261,,True,0.0,0.0,0.0,0.0
MID100456,travel_agency,0,legit,none,0,0.0012149330071458341,,,,False,0,0.0,0.0,not_called,,0,0,NONE,0,,,0,not_triaged,0.0,234314.06333333332,,False,0.0,0.0,0.0,0.0
MID103912,skill_gaming,0,legit,none,0,0.006254591567290733,,,,False,0,0.0,0.0,not_called,,0,0,NONE,0,,,0,not_triaged,0.0,124515.34533333332,,True,0.0,0.0,0.0,0.0
MID103137,apparel,0,legit,none,0,0.003719849619443632,,,,False,0,0.0,0.0,not_called,,0,0,NONE,0,,,0,not_triaged,0.0,64496.59566666667,,False,0.0,0.0,0.0,0.0
MID100267,electronics_retail,0,legit,none,0,0.0010607046211673177,,,,False,0,0.0,0.0,not_called,,0,0,NONE,0,,,0,not_triaged,0.0,434717.9436666668,,False,0.0,0.0,0.0,0.0
MID101155,home_furnishing,0,legit,none,0,0.001322162379968913,,,,False,0,0.0,0.0,not_called,,0,0,NONE,0,,,0,not_triaged,0.0,41554.350333333336,,False,0.0,0.0,0.0,0.0
MID103079,apparel,0,legit,festival_season,0,0.004988194588641948,,,,False,0,0.0,0.0,not_called,,0,0,NONE,0,,,0,not_triaged,0.0,451134.777,,True,0.0,0.0,0.0,0.0
MID103258,home_furnishing,0,legit,none,0,0.0013091172298361018,,,,False,0,0.0,0.0,not_called,,0,0,NONE,0,,,0,not_triaged,0.0,40665.51966666666,,False,0.0,0.0,0.0,0.0
MID100096,pharmacy,1,licensing_violation,none,0,0.5704011016117749,unregistered_pharmacy,0.99,homepage,False,0,0.0,0.0,answered,True,2,2,RESTRICT,3,storefront,,2,confidence_threshold_met,2.2,53104.28300000001,telemetry_drift,False,900.0,0.0,0.0,900.0
MID101048,travel_agency,0,legit,none,0,0.0013979951674622734,,,,False,0,0.0,0.0,not_called,,0,0,NONE,0,,,0,not_triaged,0.0,209336.6293333333,,False,0.0,0.0,0.0,0.0
MID100815,digital_services,0,legit,none,0,0.005889332068200922,,,,False,0,0.0,0.0,not_called,,0,0,NONE,0,,,0,not_triaged,0.0,143149.413,,False,0.0,0.0,0.0,0.0
MID100656,electronics_retail,0,legit,none,0,0.0017633222408249456,,,,False,0,0.0,0.0,not_called,,0,0,NONE,0,,,0,not_triaged,0.0,141080.01933333333,,False,0.0,0.0,0.0,0.0
MID100436,apparel,0,legit,none,0,0.0029199772566945834,,,,False,0,0.0,0.0,not_called,,0,0,NONE,0,,,0,not_triaged,0.0,43529.55066666667,,False,0.0,0.0,0.0,0.0
MID103952,home_furnishing,0,legit,viral_spike,0,0.007115552560596598,,,,False,0,0.0,0.0,not_called,,0,0,NONE,0,,,0,not_triaged,0.0,63273.19666666666,,True,0.0,0.0,0.0,0.0
MID102451,home_furnishing,0,legit,festival_season,0,0.18829122632945305,home_furnishing,0.99,homepage,False,0,0.0,0.0,not_called,,0,0,NONE,0,,,2,evidence_exhausted,2.2,37156.80099999999,volume_shape_change,False,0.0,0.0,0.0,0.0
MID101893,home_furnishing,0,legit,none,0,0.003102648043992308,,,,False,0,0.0,0.0,not_called,,0,0,NONE,0,,,0,not_triaged,0.0,45659.89466666666,,True,0.0,0.0,0.0,0.0
MID102827,electronics_retail,0,legit,none,0,0.0012342236164204507,,,,False,0,0.0,0.0,not_called,,0,0,NONE,0,,,0,not_triaged,0.0,103168.683,,True,0.0,0.0,0.0,0.0
MID102386,skill_gaming,0,legit,none,0,0.0012822030507697142,,,,False,0,0.0,0.0,not_called,,0,0,NONE,0,,,0,not_triaged,0.0,54651.577333333335,,False,0.0,0.0,0.0,0.0
MID103860,apparel,0,legit,none,0,0.002326100838600786,,,,False,0,0.0,0.0,not_called,,0,0,NONE,0,,,0,not_triaged,0.0,266886.2783333333,,False,0.0,0.0,0.0,0.0
MID100781,home_furnishing,0,legit,none,0,0.005645783370104456,,,,False,0,0.0,0.0,not_called,,0,0,NONE,0,,,0,not_triaged,0.0,69804.97433333333,,False,0.0,0.0,0.0,0.0
MID100125,electronics_retail,1,pivot_prohibited,none,1,0.9999008137441046,unknown,0.2942,homepage,False,0,0.0,0.0,not_called,,1,1,REVIEW,2,telemetry,,2,confidence_threshold_met,2.2,102147.513,telemetry_drift,False,900.0,0.0,0.0,900.0
MID100342,pharmacy,0,legit,none,0,0.00046906997930074474,,,,False,0,0.0,0.0,not_called,,0,0,NONE,0,,,0,not_triaged,0.0,27524.658333333333,,False,0.0,0.0,0.0,0.0
MID100693,travel_agency,0,legit,festival_season,0,0.002369340826263594,,,,False,0,0.0,0.0,not_called,,0,0,NONE,0,,,0,not_triaged,0.0,169060.11366666667,,False,0.0,0.0,0.0,0.0
MID101040,subscription_box,0,legit,viral_spike,0,0.0008536570773193478,,,,False,0,0.0,0.0,not_called,,0,0,NONE,0,,,0,not_triaged,0.0,127261.08699999998,,False,0.0,0.0,0.0,0.0
MID102149,apparel,0,legit,festival_season,0,0.0020522823902990096,,,,False,0,0.0,0.0,not_called,,0,0,NONE,0,,,0,not_triaged,0.0,151876.07599999997,,False,0.0,0.0,0.0,0.0
MID102849,apparel,0,legit,festival_season,0,0.0017532884618741851,,,,False,0,0.0,0.0,not_called,,0,0,NONE,0,,,0,not_triaged,0.0,37255.529,,False,0.0,0.0,0.0,0.0
MID100395,home_furnishing,0,legit,viral_spike,0,0.0006841939849971998,,,,False,0,0.0,0.0,not_called,,0,0,NONE,0,,,0,not_triaged,0.0,92451.915,,False,0.0,0.0,0.0,0.0
MID102438,subscription_box,0,legit,none,0,0.00436485570940285,,,,False,0,0.0,0.0,not_called,,0,0,NONE,0,,,0,not_triaged,0.0,31702.308666666668,,False,0.0,0.0,0.0,0.0
MID103397,apparel,0,legit,none,0,0.0065816136381102374,,,,False,0,0.0,0.0,not_called,,0,0,NONE,0,,,0,not_triaged,0.0,101850.33366666666,,False,0.0,0.0,0.0,0.0
MID101511,travel_agency,0,legit,none,0,0.0014628527475886715,,,,False,0,0.0,0.0,not_called,,0,0,NONE,0,,,0,not_triaged,0.0,369180.3813333334,,False,0.0,0.0,0.0,0.0
MID103617,subscription_box,0,legit,shared_platform,0,0.008007176717377999,,,,False,0,0.0,0.0,not_called,,0,0,NONE,0,,,0,not_triaged,0.0,24311.572333333334,,False,0.0,0.0,0.0,0.0
MID100694,apparel,0,legit,none,0,0.0009473942618440991,,,,False,0,0.0,0.0,not_called,,0,0,NONE,0,,,0,not_triaged,0.0,52989.85433333333,,False,0.0,0.0,0.0,0.0
MID103089,digital_services,0,legit,price_point_change,0,0.0026199586481917237,,,,False,0,0.0,0.0,not_called,,0,0,NONE,0,,,0,not_triaged,0.0,20334.515,,False,0.0,0.0,0.0,0.0
MID100592,electronics_retail,0,legit,none,0,0.006677808628478371,,,,False,0,0.0,0.0,not_called,,0,0,NONE,0,,,0,not_triaged,0.0,149934.422,,False,0.0,0.0,0.0,0.0
MID100529,skill_gaming,0,legit,none,0,0.0020782086076002308,,,,False,0,0.0,0.0,not_called,,0,0,NONE,0,,,0,not_triaged,0.0,310624.375,,True,0.0,0.0,0.0,0.0
MID102795,apparel,0,legit,none,0,0.0016704476449180404,,,,False,0,0.0,0.0,not_called,,0,0,NONE,0,,,0,not_triaged,0.0,57601.905666666666,,False,0.0,0.0,0.0,0.0
MID100159,home_furnishing,0,legit,viral_spike,0,0.0010780462631660636,,,,False,0,0.0,0.0,not_called,,0,0,NONE,0,,,0,not_triaged,0.0,76833.26233333333,,False,0.0,0.0,0.0,0.0
MID100025,apparel,1,funnel_ring,none,0,0.9845686632572668,crypto_exchange,0.923,checkout,False,7,0.9218,0.739,no_answer,,3,3,RESTRICT,4,telemetry;storefront;infrastructure,telemetry,4,confidence_threshold_met,4.4,231888.67100000003,telemetry_drift;network_cluster,False,900.0,0.0,0.0,900.0
MID102008,electronics_retail,0,legit,none,0,0.012053831461260971,electronics_retail,0.99,homepage,False,0,0.0,0.0,not_called,,0,0,NONE,0,,,2,evidence_exhausted,2.2,28447.574666666664,external_signal,False,0.0,0.0,0.0,0.0
MID100857,skill_gaming,0,legit,none,0,0.0016496169220920733,,,,False,0,0.0,0.0,not_called,,0,0,NONE,0,,,0,not_triaged,0.0,116190.67866666667,,False,0.0,0.0,0.0,0.0
MID102728,digital_services,0,legit,none,0,0.0018790045213786897,,,,False,0,0.0,0.0,not_called,,0,0,NONE,0,,,0,not_triaged,0.0,41888.845,,False,0.0,0.0,0.0,0.0
MID103829,electronics_retail,0,legit,none,0,0.005981991545787154,,,,False,0,0.0,0.0,not_called,,0,0,NONE,0,,,0,not_triaged,0.0,141901.02933333337,,False,0.0,0.0,0.0,0.0
MID103788,home_furnishing,0,legit,none,0,0.0010400741197669065,,,,False,0,0.0,0.0,not_called,,0,0,NONE,0,,,0,not_triaged,0.0,93198.03233333332,,False,0.0,0.0,0.0,0.0
MID103650,home_furnishing,0,legit,none,0,0.0016080982193326966,,,,False,0,0.0,0.0,not_called,,0,0,NONE,0,,,0,not_triaged,0.0,142062.7763333333,,False,0.0,0.0,0.0,0.0
MID102023,apparel,0,legit,viral_spike,0,0.0007737482140513298,,,,False,0,0.0,0.0,not_called,,0,0,NONE,0,,,0,not_triaged,0.0,96265.12333333334,,False,0.0,0.0,0.0,0.0
MID100700,skill_gaming,0,legit,none,0,0.005135709078403805,,,,False,0,0.0,0.0,not_called,,0,0,NONE,0,,,0,not_triaged,0.0,174871.24599999998,,False,0.0,0.0,0.0,0.0
MID100874,electronics_retail,0,legit,none,0,0.0006663016671930889,,,,False,0,0.0,0.0,not_called,,0,0,NONE,0,,,0,not_triaged,0.0,230014.487,,True,0.0,0.0,0.0,0.0
MID102868,skill_gaming,0,legit,none,0,0.026456416714102614,,,,False,0,0.0,0.0,not_called,,0,0,NONE,0,,,0,not_triaged,0.0,102144.307,,False,0.0,0.0,0.0,0.0
MID103080,travel_agency,0,legit,festival_season,0,0.0015894919164357816,,,,False,0,0.0,0.0,not_called,,0,0,NONE,0,,,0,not_triaged,0.0,46337.21733333333,,False,0.0,0.0,0.0,0.0
MID100866,home_furnishing,0,legit,none,0,0.05097413350859265,,,,False,0,0.0,0.0,not_called,,0,0,NONE,0,,,0,not_triaged,0.0,34802.97433333333,,False,0.0,0.0,0.0,0.0
MID102500,travel_agency,0,legit,none,0,0.0017597142865435483,,,,False,0,0.0,0.0,not_called,,0,0,NONE,0,,,0,not_triaged,0.0,113906.473,,True,0.0,0.0,0.0,0.0
MID101455,skill_gaming,0,legit,none,0,0.001844990334244841,,,,False,0,0.0,0.0,not_called,,0,0,NONE,0,,,0,not_triaged,0.0,238879.6673333333,,False,0.0,0.0,0.0,0.0
MID100004,apparel,1,funnel_ring,none,0,0.6079145799715786,crypto_exchange,0.9352,checkout,False,7,0.9291,0.764,answered,False,3,3,RESTRICT,4,storefront;infrastructure;statement,the merchant's own statement,4,confidence_threshold_met,4.4,116156.344,telemetry_drift;network_cluster,False,900.0,0.0,0.0,900.0
MID100961,digital_services,0,legit,none,0,0.029495762916747364,,,,False,0,0.0,0.0,not_called,,0,0,NONE,0,,,0,not_triaged,0.0,100780.586,,False,0.0,0.0,0.0,0.0
MID103249,skill_gaming,0,legit,none,0,0.00133757946849098,,,,False,0,0.0,0.0,not_called,,0,0,NONE,0,,,0,not_triaged,0.0,149632.19133333335,,False,0.0,0.0,0.0,0.0
MID101265,skill_gaming,0,legit,none,0,0.0012292961397245496,,,,False,0,0.0,0.0,not_called,,0,0,NONE,0,,,0,not_triaged,0.0,101903.82366666666,,True,0.0,0.0,0.0,0.0
MID101435,digital_services,0,legit,shared_platform,0,0.0008902970900341536,,,,False,0,0.0,0.0,not_called,,0,0,NONE,0,,,0,not_triaged,0.0,42518.701,,False,0.0,0.0,0.0,0.0
MID103395,electronics_retail,0,legit,festival_season,0,0.006139125687282816,,,,False,6,0.4291,0.155,not_called,,0,0,NONE,0,,,0,not_triaged,0.0,302712.48833333334,,False,0.0,0.0,0.0,0.0
MID103305,home_furnishing,0,legit,none,0,0.0010277373321922185,,,,False,0,0.0,0.0,not_called,,0,0,NONE,0,,,0,not_triaged,0.0,18049.67166666667,,False,0.0,0.0,0.0,0.0
MID101485,electronics_retail,0,legit,none,0,0.0024932057336566316,,,,False,0,0.0,0.0,not_called,,0,0,NONE,0,,,0,not_triaged,0.0,155802.99266666666,,True,0.0,0.0,0.0,0.0
MID102887,pharmacy,0,legit,none,0,0.01606799460155664,pharmacy,0.947,homepage,False,0,0.0,0.0,not_called,,0,0,NONE,0,,,2,evidence_exhausted,2.2,83183.11333333334,external_signal,False,0.0,0.0,0.0,0.0
MID100018,digital_services,1,funnel_ring,none,0,0.5265985020836885,crypto_exchange,0.9315,checkout,True,6,0.8896,0.632,answered,False,3,3,RESTRICT,4,storefront;infrastructure;statement,the merchant's own statement,4,confidence_threshold_met,4.4,25219.11233333333,telemetry_drift;network_cluster,False,900.0,0.0,0.0,900.0
MID103983,apparel,0,legit,none,0,0.0027958220421368985,,,,False,0,0.0,0.0,not_called,,0,0,NONE,0,,,0,not_triaged,0.0,60052.68133333333,,True,0.0,0.0,0.0,0.0
MID101363,pharmacy,0,legit,none,0,0.001365876448584257,,,,False,7,0.4052,0.091,not_called,,0,0,NONE,0,,,0,not_triaged,0.0,26434.51033333333,,False,0.0,0.0,0.0,0.0
MID100416,subscription_box,0,legit,price_point_change,0,0.001322513165861431,,,,False,11,0.4584,0.318,not_called,,1,1,REVIEW,0,,,0,not_triaged,0.0,31810.890666666663,,False,0.0,0.0,0.0,0.0
MID103377,apparel,0,legit,none,0,0.0012525742055231619,,,,False,0,0.0,0.0,not_called,,0,0,NONE,0,,,0,not_triaged,0.0,40101.990333333335,,True,0.0,0.0,0.0,0.0
MID101375,apparel,0,legit,none,0,0.0008803481669450659,,,,False,0,0.0,0.0,not_called,,0,0,NONE,0,,,0,not_triaged,0.0,47746.820666666674,,True,0.0,0.0,0.0,0.0
MID101771,electronics_retail,0,legit,none,0,0.0030766616051814957,,,,False,0,0.0,0.0,not_called,,0,0,NONE,0,,,0,not_triaged,0.0,89331.15866666667,,True,0.0,0.0,0.0,0.0
MID101120,home_furnishing,0,legit,none,0,0.0023499941950885705,,,,False,7,0.4052,0.091,not_called,,0,0,NONE,0,,,0,not_triaged,0.0,78086.52966666665,,True,0.0,0.0,0.0,0.0
MID103569,travel_agency,0,legit,none,0,0.0008316042056485022,unknown,0.2137,homepage,False,0,0.0,0.0,not_called,,0,0,NONE,0,,,4,evidence_exhausted,2.2,254168.82233333332,high_volume_rotation,True,0.0,0.0,0.0,0.0
MID103739,pharmacy,0,legit,none,0,0.028322602821315317,,,,False,0,0.0,0.0,not_called,,0,0,NONE,0,,,0,not_triaged,0.0,32133.660666666667,,True,0.0,0.0,0.0,0.0
MID100421,travel_agency,0,legit,none,0,0.000918403379529659,,,,False,0,0.0,0.0,not_called,,0,0,NONE,0,,,0,not_triaged,0.0,818695.4373333334,,False,0.0,0.0,0.0,0.0
MID103634,electronics_retail,0,legit,festival_season,0,0.003965985780436994,,,,False,0,0.0,0.0,not_called,,0,0,NONE,0,,,0,not_triaged,0.0,583770.4746666666,,False,0.0,0.0,0.0,0.0
MID101721,apparel,0,legit,none,0,0.0022506904764468413,,,,False,0,0.0,0.0,not_called,,0,0,NONE,0,,,0,not_triaged,0.0,51877.65,,True,0.0,0.0,0.0,0.0
MID101075,skill_gaming,0,legit,none,0,0.003644810975364189,,,,False,0,0.0,0.0,not_called,,0,0,NONE,0,,,0,not_triaged,0.0,240114.383,,True,0.0,0.0,0.0,0.0
MID102800,apparel,0,legit,viral_spike,0,0.005802217780142177,,,,False,0,0.0,0.0,not_called,,0,0,NONE,0,,,0,not_triaged,0.0,165127.19933333335,,False,0.0,0.0,0.0,0.0
MID100148,home_furnishing,0,legit,none,0,0.006462622511103462,,,,False,0,0.0,0.0,not_called,,0,0,NONE,0,,,0,not_triaged,0.0,26394.306666666667,,True,0.0,0.0,0.0,0.0
MID100433,travel_agency,0,legit,festival_season,0,0.01936664171195761,,,,False,0,0.0,0.0,not_called,,0,0,NONE,0,,,0,not_triaged,0.0,217441.37766666667,,True,0.0,0.0,0.0,0.0
MID102259,digital_services,0,legit,shared_platform,0,0.0010063526717461082,,,,False,0,0.0,0.0,not_called,,0,0,NONE,0,,,0,not_triaged,0.0,76004.622,,False,0.0,0.0,0.0,0.0
MID102114,travel_agency,0,legit,none,0,0.0008981903393414902,,,,False,0,0.0,0.0,not_called,,0,0,NONE,0,,,0,not_triaged,0.0,55720.971333333335,,False,0.0,0.0,0.0,0.0
MID100023,electronics_retail,1,funnel_ring,none,0,0.8291478437361212,crypto_exchange,0.99,checkout,False,7,0.9218,0.739,no_answer,,3,3,RESTRICT,4,telemetry;storefront;infrastructure,telemetry,4,confidence_threshold_met,4.4,391392.115,telemetry_drift;network_cluster,False,900.0,0.0,0.0,900.0
MID102384,home_furnishing,0,legit,none,0,0.004119173584479224,,,,False,0,0.0,0.0,not_called,,0,0,NONE,0,,,0,not_triaged,0.0,20957.745000000003,,False,0.0,0.0,0.0,0.0
MID102407,electronics_retail,0,legit,viral_spike,0,0.003272415838601264,electronics_retail,0.99,homepage,False,0,0.0,0.0,not_called,,0,0,NONE,0,,,2,evidence_exhausted,2.2,830546.3049999999,high_volume_rotation,False,0.0,0.0,0.0,0.0
MID100915,pharmacy,0,legit,none,0,0.00209674076493529,,,,False,15,0.4055,0.177,not_called,,0,0,NONE,0,,,0,not_triaged,0.0,59468.44933333333,,False,0.0,0.0,0.0,0.0
MID101103,subscription_box,0,legit,none,0,0.002208618065099616,,,,False,0,0.0,0.0,not_called,,0,0,NONE,0,,,0,not_triaged,0.0,53187.059,,False,0.0,0.0,0.0,0.0
MID100143,electronics_retail,0,legit,none,0,0.0013116029930812475,,,,False,0,0.0,0.0,not_called,,0,0,NONE,0,,,0,not_triaged,0.0,106835.36633333334,,False,0.0,0.0,0.0,0.0
MID103531,apparel,0,legit,none,0,0.0025654737296622126,,,,False,0,0.0,0.0,not_called,,0,0,NONE,0,,,0,not_triaged,0.0,49620.95533333333,,True,0.0,0.0,0.0,0.0
MID103274,apparel,0,legit,none,0,0.0018342903804495273,,,,False,0,0.0,0.0,not_called,,0,0,NONE,0,,,0,not_triaged,0.0,45590.52933333333,,False,0.0,0.0,0.0,0.0
MID100316,home_furnishing,0,legit,none,0,0.0018141637565045905,,,,False,0,0.0,0.0,not_called,,0,0,NONE,0,,,0,not_triaged,0.0,204361.0893333333,,False,0.0,0.0,0.0,0.0
MID100683,skill_gaming,0,legit,none,0,0.0009796034624786547,,,,False,0,0.0,0.0,not_called,,0,0,NONE,0,,,0,not_triaged,0.0,39237.04633333334,,False,0.0,0.0,0.0,0.0
MID101042,digital_services,0,legit,shared_platform,0,0.0008713900644280429,,,,False,0,0.0,0.0,not_called,,0,0,NONE,0,,,0,not_triaged,0.0,42117.14266666667,,False,0.0,0.0,0.0,0.0
MID102057,electronics_retail,0,legit,none,0,0.001052833440182421,,,,False,0,0.0,0.0,not_called,,0,0,NONE,0,,,0,not_triaged,0.0,396635.2273333333,,False,0.0,0.0,0.0,0.0
MID101573,subscription_box,0,legit,none,0,0.0021990148371206467,,,,False,0,0.0,0.0,not_called,,0,0,NONE,0,,,0,not_triaged,0.0,36535.58733333334,,False,0.0,0.0,0.0,0.0
MID102383,pharmacy,0,legit,none,0,0.04395629100374628,,,,False,0,0.0,0.0,not_called,,0,0,NONE,0,,,0,not_triaged,0.0,28611.629666666664,,True,0.0,0.0,0.0,0.0
MID103568,pharmacy,0,legit,none,0,0.0006393291200190452,,,,False,0,0.0,0.0,not_called,,0,0,NONE,0,,,0,not_triaged,0.0,48239.30566666667,,False,0.0,0.0,0.0,0.0
MID102129,skill_gaming,0,legit,none,0,0.0012624655734005937,skill_gaming,0.9856,homepage,False,0,0.0,0.0,not_called,,0,0,NONE,0,,,2,evidence_exhausted,2.2,255597.6643333333,high_volume_rotation,True,0.0,0.0,0.0,0.0
MID102876,apparel,0,legit,none,0,0.00122178090768408,,,,False,0,0.0,0.0,not_called,,0,0,NONE,0,,,0,not_triaged,0.0,48931.537,,False,0.0,0.0,0.0,0.0
MID101619,home_furnishing,0,legit,none,0,0.008858831503091724,,,,False,0,0.0,0.0,not_called,,0,0,NONE,0,,,0,not_triaged,0.0,63623.01233333333,,True,0.0,0.0,0.0,0.0
MID102534,apparel,0,legit,price_point_change,0,0.0007931760029272759,,,,False,0,0.0,0.0,not_called,,0,0,NONE,0,,,0,not_triaged,0.0,12708.282,,False,0.0,0.0,0.0,0.0
MID103877,subscription_box,0,legit,price_point_change,0,0.0004078773754841297,,,,False,0,0.0,0.0,not_called,,0,0,NONE,0,,,0,not_triaged,0.0,38016.87,,False,0.0,0.0,0.0,0.0
MID102705,pharmacy,0,legit,none,0,0.0023785906361932217,,,,False,0,0.0,0.0,not_called,,0,0,NONE,0,,,0,not_triaged,0.0,27700.96433333333,,False,0.0,0.0,0.0,0.0
MID103992,electronics_retail,0,legit,none,0,0.0010369993296834817,,,,False,0,0.0,0.0,not_called,,0,0,NONE,0,,,0,not_triaged,0.0,28044.25233333333,,False,0.0,0.0,0.0,0.0
MID103579,subscription_box,0,legit,none,0,0.010616027022908587,,,,False,0,0.0,0.0,not_called,,0,0,NONE,0,,,0,not_triaged,0.0,52511.77266666667,,False,0.0,0.0,0.0,0.0
MID101457,apparel,0,legit,none,0,0.0014450513238404203,,,,False,0,0.0,0.0,not_called,,0,0,NONE,0,,,0,not_triaged,0.0,176114.112,,False,0.0,0.0,0.0,0.0
MID103886,electronics_retail,0,legit,viral_spike,0,0.004243603153553129,electronics_retail,0.99,homepage,False,11,0.4584,0.318,not_called,,1,1,REVIEW,0,,,2,evidence_exhausted,2.2,126883.574,external_signal,False,0.0,0.0,0.0,0.0
MID101014,home_furnishing,0,legit,none,0,0.016142149331227897,,,,False,0,0.0,0.0,not_called,,0,0,NONE,0,,,0,not_triaged,0.0,26746.70233333333,,False,0.0,0.0,0.0,0.0
MID103157,skill_gaming,0,legit,none,0,0.0010105031342977542,,,,False,0,0.0,0.0,not_called,,0,0,NONE,0,,,0,not_triaged,0.0,47992.21633333333,,False,0.0,0.0,0.0,0.0
MID101253,apparel,0,legit,shared_platform,0,0.0008664947886261404,,,,False,0,0.0,0.0,not_called,,0,0,NONE,0,,,0,not_triaged,0.0,86883.81966666666,,True,0.0,0.0,0.0,0.0
MID101571,home_furnishing,0,legit,none,0,0.0013333960648775718,,,,False,0,0.0,0.0,not_called,,0,0,NONE,0,,,0,not_triaged,0.0,68277.241,,False,0.0,0.0,0.0,0.0
MID102756,subscription_box,0,legit,none,0,0.018876765058386438,,,,False,2,0.5667,0.843,not_called,,1,1,REVIEW,1,infrastructure,,0,not_triaged,0.0,69007.21666666666,,False,0.0,0.0,0.0,0.0
MID103965,skill_gaming,0,legit,none,0,0.001476047957178714,,,,False,0,0.0,0.0,not_called,,0,0,NONE,0,,,0,not_triaged,0.0,129848.04966666667,,True,0.0,0.0,0.0,0.0
MID102730,home_furnishing,0,legit,none,0,0.0015554131458911183,,,,False,0,0.0,0.0,not_called,,0,0,NONE,0,,,0,not_triaged,0.0,58005.960666666666,,False,0.0,0.0,0.0,0.0
MID102898,travel_agency,0,legit,festival_season,0,0.004909430439774219,,,,False,0,0.0,0.0,not_called,,0,0,NONE,0,,,0,not_triaged,0.0,719099.2593333333,,False,0.0,0.0,0.0,0.0
MID101916,skill_gaming,0,legit,none,0,0.000863045828670296,,,,False,0,0.0,0.0,not_called,,0,0,NONE,0,,,0,not_triaged,0.0,107309.099,,False,0.0,0.0,0.0,0.0
MID100877,electronics_retail,0,legit,viral_spike,0,0.18133335434473333,,,,False,0,0.0,0.0,not_called,,0,0,NONE,0,,,0,not_triaged,0.0,79380.57,,True,0.0,0.0,0.0,0.0
MID101154,digital_services,0,legit,none,0,0.0010527312999745579,,,,False,0,0.0,0.0,not_called,,0,0,NONE,0,,,0,not_triaged,0.0,23881.738666666664,,False,0.0,0.0,0.0,0.0
MID100646,digital_services,0,legit,none,0,0.006137419950005089,,,,False,0,0.0,0.0,not_called,,0,0,NONE,0,,,0,not_triaged,0.0,17664.667666666668,,True,0.0,0.0,0.0,0.0
MID100575,apparel,0,legit,festival_season,0,0.027262424277428587,apparel,0.99,homepage,False,0,0.0,0.0,not_called,,0,0,NONE,0,,,2,evidence_exhausted,2.2,75795.32833333334,volume_shape_change,True,0.0,0.0,0.0,0.0
MID102663,apparel,0,legit,none,0,0.0011487676465619047,,,,False,0,0.0,0.0,not_called,,0,0,NONE,0,,,0,not_triaged,0.0,14494.434666666668,,True,0.0,0.0,0.0,0.0
MID102869,digital_services,0,legit,none,0,0.0014365982798690265,,,,False,0,0.0,0.0,not_called,,0,0,NONE,0,,,0,not_triaged,0.0,35718.29433333334,,True,0.0,0.0,0.0,0.0
MID100655,subscription_box,0,legit,price_point_change,0,0.001770557101830539,,,,False,0,0.0,0.0,not_called,,0,0,NONE,0,,,0,not_triaged,0.0,13912.462,,False,0.0,0.0,0.0,0.0
MID101668,electronics_retail,0,legit,festival_season,0,0.04230696357834592,,,,False,0,0.0,0.0,not_called,,0,0,NONE,0,,,0,not_triaged,0.0,385871.172,,True,0.0,0.0,0.0,0.0
MID102463,home_furnishing,0,legit,none,0,0.002973626469466927,,,,False,0,0.0,0.0,not_called,,0,0,NONE,0,,,0,not_triaged,0.0,44207.86033333334,,False,0.0,0.0,0.0,0.0
MID100216,home_furnishing,0,legit,viral_spike,0,0.014630799880725392,,,,False,0,0.0,0.0,not_called,,0,0,NONE,0,,,0,not_triaged,0.0,78978.63533333332,,True,0.0,0.0,0.0,0.0
MID101345,electronics_retail,0,legit,none,0,0.0009697742445703778,,,,False,0,0.0,0.0,not_called,,0,0,NONE,0,,,0,not_triaged,0.0,122755.34866666669,,False,0.0,0.0,0.0,0.0
MID101691,skill_gaming,0,legit,none,0,0.001012790264780525,,,,False,0,0.0,0.0,not_called,,0,0,NONE,0,,,0,not_triaged,0.0,154741.625,,False,0.0,0.0,0.0,0.0
MID100430,home_furnishing,0,legit,viral_spike,0,0.004006075771884128,,,,False,0,0.0,0.0,not_called,,0,0,NONE,0,,,0,not_triaged,0.0,25187.77833333333,,False,0.0,0.0,0.0,0.0
MID102359,digital_services,0,legit,none,0,0.0014219492792938275,unknown,0.1568,homepage,False,0,0.0,0.0,not_called,,0,0,NONE,0,,,4,evidence_exhausted,2.2,24407.38133333333,high_volume_rotation,False,0.0,0.0,0.0,0.0
MID101115,home_furnishing,0,legit,festival_season,0,0.0608278798491839,,,,False,0,0.0,0.0,not_called,,0,0,NONE,0,,,0,not_triaged,0.0,565765.7956666667,,True,0.0,0.0,0.0,0.0
MID100086,apparel,1,rented_account,none,1,0.9897384723410197,unlicensed_lending,0.99,checkout,False,0,0.0,0.0,answered,True,3,3,RESTRICT,4,telemetry;storefront;scripts,telemetry,4,confidence_threshold_met,4.4,101591.49166666668,telemetry_drift,True,900.0,0.0,0.0,900.0
MID100535,digital_services,0,legit,none,0,0.0010920056441464194,,,,False,0,0.0,0.0,not_called,,0,0,NONE,0,,,0,not_triaged,0.0,155131.9673333333,,False,0.0,0.0,0.0,0.0
MID100340,digital_services,0,legit,none,0,0.023799316262788042,,,,False,0,0.0,0.0,not_called,,0,0,NONE,0,,,0,not_triaged,0.0,53317.82966666667,,False,0.0,0.0,0.0,0.0
MID102036,electronics_retail,0,legit,none,0,0.000731156639253273,,,,False,0,0.0,0.0,not_called,,0,0,NONE,0,,,0,not_triaged,0.0,464134.552,,False,0.0,0.0,0.0,0.0
MID100704,pharmacy,0,legit,none,0,0.0024061967076754393,,,,False,0,0.0,0.0,not_called,,0,0,NONE,0,,,0,not_triaged,0.0,36691.157,,False,0.0,0.0,0.0,0.0
MID102595,apparel,0,legit,none,0,0.0010136214833040315,,,,False,0,0.0,0.0,not_called,,0,0,NONE,0,,,0,not_triaged,0.0,99368.099,,False,0.0,0.0,0.0,0.0
MID100448,apparel,0,legit,price_point_change,0,0.0012550896921876174,,,,False,0,0.0,0.0,not_called,,0,0,NONE,0,,,0,not_triaged,0.0,28843.25633333334,,False,0.0,0.0,0.0,0.0
MID100771,pharmacy,0,legit,none,0,0.0019134507143026302,,,,False,0,0.0,0.0,not_called,,0,0,NONE,0,,,0,not_triaged,0.0,36560.14733333333,,True,0.0,0.0,0.0,0.0
MID103037,home_furnishing,0,legit,none,0,0.00197715983634382,,,,False,0,0.0,0.0,not_called,,0,0,NONE,0,,,0,not_triaged,0.0,89994.49066666666,,False,0.0,0.0,0.0,0.0
MID101284,home_furnishing,0,legit,none,0,0.0013689511008113896,,,,False,0,0.0,0.0,not_called,,0,0,NONE,0,,,0,not_triaged,0.0,30291.820666666667,,False,0.0,0.0,0.0,0.0
MID101107,home_furnishing,0,legit,none,0,0.002545446628358082,,,,False,11,0.4176,0.182,not_called,,0,0,NONE,0,,,0,not_triaged,0.0,35007.318,,False,0.0,0.0,0.0,0.0
MID100343,travel_agency,0,legit,festival_season,0,0.003111004907266222,,,,False,0,0.0,0.0,not_called,,0,0,NONE,0,,,0,not_triaged,0.0,312341.1526666666,,False,0.0,0.0,0.0,0.0
MID102573,skill_gaming,0,legit,none,0,0.005136110324984347,,,,False,0,0.0,0.0,not_called,,0,0,NONE,0,,,0,not_triaged,0.0,100726.413,,False,0.0,0.0,0.0,0.0
MID101702,travel_agency,0,legit,festival_season,0,0.009089575414352897,,,,False,0,0.0,0.0,not_called,,0,0,NONE,0,,,0,not_triaged,0.0,216804.95,,False,0.0,0.0,0.0,0.0
MID101476,pharmacy,0,legit,none,0,0.0017006841087789668,,,,False,0,0.0,0.0,not_called,,0,0,NONE,0,,,0,not_triaged,0.0,23068.115,,True,0.0,0.0,0.0,0.0
MID100313,apparel,0,legit,price_point_change,0,0.0006537156616589782,,,,False,0,0.0,0.0,not_called,,0,0,NONE,0,,,0,not_triaged,0.0,57363.968,,False,0.0,0.0,0.0,0.0
MID103559,digital_services,0,legit,none,0,0.006258200095333348,,,,False,0,0.0,0.0,not_called,,0,0,NONE,0,,,0,not_triaged,0.0,48789.21333333333,,False,0.0,0.0,0.0,0.0
MID102130,digital_services,0,legit,none,0,0.0012172201104420465,,,,False,0,0.0,0.0,not_called,,0,0,NONE,0,,,0,not_triaged,0.0,35098.02166666666,,False,0.0,0.0,0.0,0.0
MID100176,apparel,0,legit,none,0,0.000977325506665218,,,,False,0,0.0,0.0,not_called,,0,0,NONE,0,,,0,not_triaged,0.0,120971.85899999998,,False,0.0,0.0,0.0,0.0
MID100867,electronics_retail,0,legit,none,0,0.003647361034894186,,,,False,0,0.0,0.0,not_called,,0,0,NONE,0,,,0,not_triaged,0.0,244731.312,,True,0.0,0.0,0.0,0.0
MID101119,travel_agency,0,legit,none,0,0.0014467671660415558,,,,False,0,0.0,0.0,not_called,,0,0,NONE,0,,,0,not_triaged,0.0,52799.57533333333,,True,0.0,0.0,0.0,0.0
MID103721,travel_agency,0,legit,festival_season,0,0.0058292444361116875,,,,False,0,0.0,0.0,not_called,,0,0,NONE,0,,,0,not_triaged,0.0,118332.091,,True,0.0,0.0,0.0,0.0
MID100566,apparel,0,legit,none,0,0.0011876024170402667,,,,False,0,0.0,0.0,not_called,,0,0,NONE,0,,,0,not_triaged,0.0,28668.886666666665,,False,0.0,0.0,0.0,0.0
MID103905,apparel,0,legit,shared_platform,0,0.0009422803840352786,,,,False,0,0.0,0.0,not_called,,0,0,NONE,0,,,0,not_triaged,0.0,519360.975,,False,0.0,0.0,0.0,0.0
MID102047,electronics_retail,0,legit,none,0,0.002046312876744718,,,,False,0,0.0,0.0,not_called,,0,0,NONE,0,,,0,not_triaged,0.0,165293.227,,False,0.0,0.0,0.0,0.0
MID100642,electronics_retail,0,legit,festival_season,0,0.001636427229992769,,,,False,0,0.0,0.0,not_called,,0,0,NONE,0,,,0,not_triaged,0.0,401978.913,,False,0.0,0.0,0.0,0.0
MID100944,digital_services,0,legit,none,0,0.0006799827672498818,,,,False,0,0.0,0.0,not_called,,0,0,NONE,0,,,0,not_triaged,0.0,72183.78533333333,,True,0.0,0.0,0.0,0.0
MID101756,apparel,0,legit,none,0,0.001521827304220183,,,,False,0,0.0,0.0,not_called,,0,0,NONE,0,,,0,not_triaged,0.0,128457.23566666666,,False,0.0,0.0,0.0,0.0
MID101247,electronics_retail,0,legit,viral_spike,0,0.0008147997921759997,,,,False,0,0.0,0.0,not_called,,0,0,NONE,0,,,0,not_triaged,0.0,152489.94266666664,,True,0.0,0.0,0.0,0.0
MID102890,digital_services,0,legit,none,0,0.0009021824458528242,,,,False,0,0.0,0.0,not_called,,0,0,NONE,0,,,0,not_triaged,0.0,129584.963,,False,0.0,0.0,0.0,0.0
MID103178,skill_gaming,0,legit,none,0,0.0018979371839526872,,,,False,0,0.0,0.0,not_called,,0,0,NONE,0,,,0,not_triaged,0.0,307651.09900000005,,False,0.0,0.0,0.0,0.0
MID100109,home_furnishing,1,pivot_prohibited,none,1,0.981835119009408,sports_betting,0.8732,homepage,False,6,0.482,0.331,no_answer,,3,3,RESTRICT,4,telemetry;storefront,telemetry,2,confidence_threshold_met,2.2,70231.57333333333,telemetry_drift;external_signal,True,900.0,0.0,0.0,900.0
MID103618,digital_services,0,legit,none,0,0.0012165374597173924,,,,False,0,0.0,0.0,not_called,,0,0,NONE,0,,,0,not_triaged,0.0,74573.59599999999,,False,0.0,0.0,0.0,0.0
MID101261,electronics_retail,0,legit,none,0,0.004995104520844444,electronics_retail,0.9222,homepage,False,0,0.0,0.0,not_called,,0,0,NONE,0,,,2,evidence_exhausted,2.2,69730.25499999999,external_signal,False,0.0,0.0,0.0,0.0
MID100539,home_furnishing,0,legit,none,0,0.0024353729097699515,,,,False,0,0.0,0.0,not_called,,0,0,NONE,0,,,0,not_triaged,0.0,26935.86533333333,,False,0.0,0.0,0.0,0.0
MID102984,apparel,0,legit,viral_spike,0,0.0006997523472393428,,,,False,0,0.0,0.0,not_called,,0,0,NONE,0,,,0,not_triaged,0.0,60255.157666666666,,True,0.0,0.0,0.0,0.0
MID102933,home_furnishing,0,legit,none,0,0.0011229051288204125,,,,False,0,0.0,0.0,not_called,,0,0,NONE,0,,,0,not_triaged,0.0,32584.025,,False,0.0,0.0,0.0,0.0
MID100428,home_furnishing,0,legit,none,0,0.0004850067304770791,,,,False,0,0.0,0.0,not_called,,0,0,NONE,0,,,0,not_triaged,0.0,15925.700666666668,,True,0.0,0.0,0.0,0.0
MID102738,skill_gaming,0,legit,none,0,0.000590293442513352,,,,False,0,0.0,0.0,not_called,,0,0,NONE,0,,,0,not_triaged,0.0,164171.95833333334,,False,0.0,0.0,0.0,0.0
MID100022,electronics_retail,1,funnel_ring,none,0,0.8589924771953924,crypto_exchange,0.9368,checkout,False,6,0.8896,0.632,answered,False,4,4,RESTRICT,4,telemetry;storefront;infrastructure;statement,the merchant's own statement,4,confidence_threshold_met,4.4,150807.92333333334,telemetry_drift;network_cluster,False,900.0,0.0,0.0,900.0
MID103221,pharmacy,0,legit,shared_platform,0,0.0027092091090197014,,,,False,0,0.0,0.0,not_called,,0,0,NONE,0,,,0,not_triaged,0.0,22750.63433333333,,True,0.0,0.0,0.0,0.0
MID101826,electronics_retail,0,legit,viral_spike,0,0.0372872724085879,,,,False,0,0.0,0.0,not_called,,0,0,NONE,0,,,0,not_triaged,0.0,176093.61933333334,,False,0.0,0.0,0.0,0.0
MID100270,subscription_box,0,legit,shared_platform,0,0.0023499283699464925,,,,False,0,0.0,0.0,not_called,,0,0,NONE,0,,,0,not_triaged,0.0,56337.423,,False,0.0,0.0,0.0,0.0
MID103806,electronics_retail,0,legit,none,0,0.0029047322480044973,,,,False,0,0.0,0.0,not_called,,0,0,NONE,0,,,0,not_triaged,0.0,131342.69666666668,,False,0.0,0.0,0.0,0.0
MID103078,apparel,0,legit,none,0,0.008200473510523935,,,,False,0,0.0,0.0,not_called,,0,0,NONE,0,,,0,not_triaged,0.0,37363.82566666666,,False,0.0,0.0,0.0,0.0
MID102602,skill_gaming,0,legit,none,0,0.0032193378537235403,,,,False,0,0.0,0.0,not_called,,0,0,NONE,0,,,0,not_triaged,0.0,85220.60033333332,,False,0.0,0.0,0.0,0.0
MID102390,home_furnishing,0,legit,viral_spike,0,0.0017680289671837554,,,,False,0,0.0,0.0,not_called,,0,0,NONE,0,,,0,not_triaged,0.0,125885.32733333332,,False,0.0,0.0,0.0,0.0
MID100277,pharmacy,0,legit,none,0,0.016888741801831527,,,,False,0,0.0,0.0,not_called,,0,0,NONE,0,,,0,not_triaged,0.0,69000.76466666667,,False,0.0,0.0,0.0,0.0
MID101447,skill_gaming,0,legit,none,0,0.0009031851173437294,skill_gaming,0.99,homepage,False,0,0.0,0.0,not_called,,0,0,NONE,0,,,2,evidence_exhausted,2.2,257555.765,high_volume_rotation,False,0.0,0.0,0.0,0.0
MID101886,home_furnishing,0,legit,festival_season,0,0.007614694199959736,,,,False,0,0.0,0.0,not_called,,0,0,NONE,0,,,0,not_triaged,0.0,870727.5953333334,,True,0.0,0.0,0.0,0.0
MID101815,electronics_retail,0,legit,festival_season,0,0.003434239432742818,,,,False,0,0.0,0.0,not_called,,0,0,NONE,0,,,0,not_triaged,0.0,599667.0463333334,,True,0.0,0.0,0.0,0.0
MID102373,pharmacy,0,legit,shared_platform,0,0.001010179661651986,,,,False,0,0.0,0.0,not_called,,0,0,NONE,0,,,0,not_triaged,0.0,168360.45099999997,,False,0.0,0.0,0.0,0.0
MID100850,apparel,0,legit,festival_season,0,0.041850769857484774,,,,False,0,0.0,0.0,not_called,,0,0,NONE,0,,,0,not_triaged,0.0,72223.604,,False,0.0,0.0,0.0,0.0
MID101988,home_furnishing,0,legit,none,0,0.0017885575202341677,,,,False,0,0.0,0.0,not_called,,0,0,NONE,0,,,0,not_triaged,0.0,73955.00066666667,,True,0.0,0.0,0.0,0.0
MID102356,home_furnishing,0,legit,none,0,0.0008562559739437916,,,,False,0,0.0,0.0,not_called,,0,0,NONE,0,,,0,not_triaged,0.0,25328.837,,False,0.0,0.0,0.0,0.0
MID102190,travel_agency,0,legit,none,0,0.0011352775456393465,,,,False,0,0.0,0.0,not_called,,0,0,NONE,0,,,0,not_triaged,0.0,20099.478,,True,0.0,0.0,0.0,0.0
MID103836,digital_services,0,legit,shared_platform,0,0.0038465922505489863,,,,False,0,0.0,0.0,not_called,,0,0,NONE,0,,,0,not_triaged,0.0,31540.201999999997,,False,0.0,0.0,0.0,0.0
MID101420,skill_gaming,0,legit,none,0,0.0009349475112054008,,,,False,0,0.0,0.0,not_called,,0,0,NONE,0,,,0,not_triaged,0.0,179114.4153333333,,False,0.0,0.0,0.0,0.0
MID101307,digital_services,0,legit,none,0,0.0021450750013036583,,,,False,0,0.0,0.0,not_called,,0,0,NONE,0,,,0,not_triaged,0.0,73456.29533333333,,False,0.0,0.0,0.0,0.0
MID102110,home_furnishing,0,legit,festival_season,0,0.03073776964055849,,,,False,0,0.0,0.0,not_called,,0,0,NONE,0,,,0,not_triaged,0.0,243943.69566666664,,True,0.0,0.0,0.0,0.0
MID101077,digital_services,0,legit,none,0,0.0004642704763262165,,,,False,11,0.4176,0.182,not_called,,0,0,NONE,0,,,0,not_triaged,0.0,12358.360666666667,,False,0.0,0.0,0.0,0.0
MID101412,digital_services,0,legit,price_point_change,0,0.0061428720509207535,,,,False,7,0.4052,0.091,not_called,,0,0,NONE,0,,,0,not_triaged,0.0,67914.78199999999,,False,0.0,0.0,0.0,0.0
MID103498,pharmacy,0,legit,shared_platform,0,0.0014561822859409763,,,,False,0,0.0,0.0,not_called,,0,0,NONE,0,,,0,not_triaged,0.0,54053.239,,False,0.0,0.0,0.0,0.0
MID103254,subscription_box,0,legit,none,0,0.0025457919516375226,subscription_box,0.99,homepage,False,0,0.0,0.0,not_called,,0,0,NONE,0,,,2,evidence_exhausted,2.2,199383.328,high_volume_rotation,False,0.0,0.0,0.0,0.0
MID102552,subscription_box,0,legit,none,0,0.0024530623048636424,,,,False,0,0.0,0.0,not_called,,0,0,NONE,0,,,0,not_triaged,0.0,53116.73466666666,,False,0.0,0.0,0.0,0.0
MID102245,apparel,0,legit,none,0,0.0450647945693652,,,,False,0,0.0,0.0,not_called,,0,0,NONE,0,,,0,not_triaged,0.0,34184.12933333333,,False,0.0,0.0,0.0,0.0
MID102913,electronics_retail,0,legit,none,0,0.0008091804091366898,,,,False,0,0.0,0.0,not_called,,0,0,NONE,0,,,0,not_triaged,0.0,379030.826,,True,0.0,0.0,0.0,0.0
MID101407,travel_agency,0,legit,none,0,0.0008657477400783287,,,,False,0,0.0,0.0,not_called,,0,0,NONE,0,,,0,not_triaged,0.0,209914.11033333332,,False,0.0,0.0,0.0,0.0
MID102527,digital_services,0,legit,none,0,0.001462014850869329,,,,False,0,0.0,0.0,not_called,,0,0,NONE,0,,,0,not_triaged,0.0,37500.099,,False,0.0,0.0,0.0,0.0
MID102664,pharmacy,0,legit,none,0,0.00215021949608938,,,,False,0,0.0,0.0,not_called,,0,0,NONE,0,,,0,not_triaged,0.0,12885.445666666668,,False,0.0,0.0,0.0,0.0
MID103732,apparel,0,legit,none,0,0.005322365478611548,,,,False,0,0.0,0.0,not_called,,0,0,NONE,0,,,0,not_triaged,0.0,137684.08899999998,,True,0.0,0.0,0.0,0.0
MID102173,travel_agency,0,legit,none,0,0.0012384293456502774,,,,False,0,0.0,0.0,not_called,,0,0,NONE,0,,,0,not_triaged,0.0,97271.93233333332,,True,0.0,0.0,0.0,0.0
MID102243,apparel,0,legit,none,0,0.0036043040929645757,,,,False,0,0.0,0.0,not_called,,0,0,NONE,0,,,0,not_triaged,0.0,87595.68966666666,,True,0.0,0.0,0.0,0.0
MID100985,home_furnishing,0,legit,none,0,0.0012031060176851543,,,,False,0,0.0,0.0,not_called,,0,0,NONE,0,,,0,not_triaged,0.0,72371.19733333333,,False,0.0,0.0,0.0,0.0
MID102801,digital_services,0,legit,none,0,0.013518135858126702,,,,False,0,0.0,0.0,not_called,,0,0,NONE,0,,,0,not_triaged,0.0,23937.727000000003,,False,0.0,0.0,0.0,0.0
MID101226,skill_gaming,0,legit,none,0,0.004471472722616452,,,,False,0,0.0,0.0,not_called,,0,0,NONE,0,,,0,not_triaged,0.0,589871.95,,False,0.0,0.0,0.0,0.0
MID100624,apparel,0,legit,none,0,0.0013027932980769594,,,,False,0,0.0,0.0,not_called,,0,0,NONE,0,,,0,not_triaged,0.0,64912.05666666666,,False,0.0,0.0,0.0,0.0
MID100443,subscription_box,0,legit,viral_spike,0,0.004186065107057512,,,,False,0,0.0,0.0,not_called,,0,0,NONE,0,,,0,not_triaged,0.0,285485.9013333333,,False,0.0,0.0,0.0,0.0
MID101744,home_furnishing,0,legit,none,0,0.02523110858224024,home_furnishing,0.99,homepage,False,0,0.0,0.0,not_called,,0,0,NONE,0,,,2,evidence_exhausted,2.2,142930.33666666664,high_volume_rotation,False,0.0,0.0,0.0,0.0
MID101244,home_furnishing,0,legit,none,0,0.002149371791939486,,,,False,0,0.0,0.0,not_called,,0,0,NONE,0,,,0,not_triaged,0.0,18249.773666666664,,True,0.0,0.0,0.0,0.0
MID103140,electronics_retail,0,legit,none,0,0.0012186366095332764,,,,False,0,0.0,0.0,not_called,,0,0,NONE,0,,,0,not_triaged,0.0,240629.47,,True,0.0,0.0,0.0,0.0
MID102835,skill_gaming,0,legit,none,0,0.002393353771211329,,,,False,6,0.4291,0.155,not_called,,0,0,NONE,0,,,0,not_triaged,0.0,108155.52066666666,,True,0.0,0.0,0.0,0.0
MID102706,skill_gaming,0,legit,none,0,0.0005605187916516377,,,,False,0,0.0,0.0,not_called,,0,0,NONE,0,,,0,not_triaged,0.0,515279.6316666667,,False,0.0,0.0,0.0,0.0
MID103750,apparel,0,legit,none,0,0.12064816087884901,,,,False,11,0.4123,0.164,not_called,,0,0,NONE,0,,,0,not_triaged,0.0,31938.114666666665,,False,0.0,0.0,0.0,0.0
MID102539,apparel,0,legit,none,0,0.0011476404865584998,,,,False,0,0.0,0.0,not_called,,0,0,NONE,0,,,0,not_triaged,0.0,29674.780333333336,,False,0.0,0.0,0.0,0.0
MID100306,electronics_retail,0,legit,none,0,0.016866158845027637,,,,False,0,0.0,0.0,not_called,,0,0,NONE,0,,,0,not_triaged,0.0,59824.836,,False,0.0,0.0,0.0,0.0
MID101305,travel_agency,0,legit,none,0,0.0014305027361902112,,,,False,0,0.0,0.0,not_called,,0,0,NONE,0,,,0,not_triaged,0.0,123464.779,,False,0.0,0.0,0.0,0.0
MID101219,electronics_retail,0,legit,festival_season,0,0.003372565567153963,,,,False,0,0.0,0.0,not_called,,0,0,NONE,0,,,0,not_triaged,0.0,842663.2436666667,,False,0.0,0.0,0.0,0.0
MID102296,apparel,0,legit,none,0,0.0012483483063987248,,,,False,0,0.0,0.0,not_called,,0,0,NONE,0,,,0,not_triaged,0.0,56900.12566666667,,False,0.0,0.0,0.0,0.0
MID102378,pharmacy,0,legit,none,0,0.0012589318509692781,,,,False,0,0.0,0.0,not_called,,0,0,NONE,0,,,0,not_triaged,0.0,35795.638000000006,,False,0.0,0.0,0.0,0.0
MID100258,electronics_retail,0,legit,none,0,0.0012857640291211508,,,,False,0,0.0,0.0,not_called,,0,0,NONE,0,,,0,not_triaged,0.0,151680.871,,False,0.0,0.0,0.0,0.0
MID102431,apparel,0,legit,none,0,0.0012651033688312527,,,,False,0,0.0,0.0,not_called,,0,0,NONE,0,,,0,not_triaged,0.0,144272.49666666667,,False,0.0,0.0,0.0,0.0
MID102833,electronics_retail,0,legit,none,0,0.002443639219247682,,,,False,0,0.0,0.0,not_called,,0,0,NONE,0,,,0,not_triaged,0.0,455251.8073333333,,True,0.0,0.0,0.0,0.0
MID100864,digital_services,0,legit,none,0,0.0017001492801436,,,,False,0,0.0,0.0,not_called,,0,0,NONE,0,,,0,not_triaged,0.0,73232.52866666668,,True,0.0,0.0,0.0,0.0
MID100841,electronics_retail,0,legit,none,0,0.001076619709178627,,,,False,0,0.0,0.0,not_called,,0,0,NONE,0,,,0,not_triaged,0.0,433370.05833333335,,True,0.0,0.0,0.0,0.0
MID103961,digital_services,0,legit,shared_platform,0,0.006839931764919568,,,,False,0,0.0,0.0,not_called,,0,0,NONE,0,,,0,not_triaged,0.0,95594.70933333336,,False,0.0,0.0,0.0,0.0
MID102279,travel_agency,0,legit,none,0,0.00150648557267976,,,,False,0,0.0,0.0,not_called,,0,0,NONE,0,,,0,not_triaged,0.0,268103.2926666667,,False,0.0,0.0,0.0,0.0
MID103851,digital_services,0,legit,none,0,0.0024844853951377487,,,,False,0,0.0,0.0,not_called,,0,0,NONE,0,,,0,not_triaged,0.0,163134.78999999998,,False,0.0,0.0,0.0,0.0
MID103636,pharmacy,0,legit,shared_platform,0,0.0008975910429974737,,,,False,0,0.0,0.0,not_called,,0,0,NONE,0,,,0,not_triaged,0.0,200392.75766666667,,True,0.0,0.0,0.0,0.0
MID102184,digital_services,0,legit,none,0,0.0010060078203157836,,,,False,0,0.0,0.0,not_called,,0,0,NONE,0,,,0,not_triaged,0.0,22739.041666666668,,False,0.0,0.0,0.0,0.0
MID103940,apparel,0,legit,none,0,0.0006114479374049977,,,,False,0,0.0,0.0,not_called,,0,0,NONE,0,,,0,not_triaged,0.0,46763.24866666667,,True,0.0,0.0,0.0,0.0
MID100454,apparel,0,legit,viral_spike,0,0.0023282955151435656,,,,False,0,0.0,0.0,not_called,,0,0,NONE,0,,,0,not_triaged,0.0,142260.88333333333,,False,0.0,0.0,0.0,0.0
MID102644,travel_agency,0,legit,none,0,0.0008586333452991887,,,,False,0,0.0,0.0,not_called,,0,0,NONE,0,,,0,not_triaged,0.0,184156.19266666664,,True,0.0,0.0,0.0,0.0
MID103807,apparel,0,legit,none,0,0.005573623163610169,,,,False,0,0.0,0.0,not_called,,0,0,NONE,0,,,0,not_triaged,0.0,197469.941,,False,0.0,0.0,0.0,0.0
MID100844,apparel,0,legit,price_point_change,0,0.0026752346542653037,,,,False,0,0.0,0.0,not_called,,0,0,NONE,0,,,0,not_triaged,0.0,45824.371333333336,,False,0.0,0.0,0.0,0.0
MID103978,skill_gaming,0,legit,none,0,0.004189651009163217,,,,False,0,0.0,0.0,not_called,,0,0,NONE,0,,,0,not_triaged,0.0,165688.0593333333,,False,0.0,0.0,0.0,0.0
MID100254,electronics_retail,0,legit,none,0,0.0006509985882929746,,,,False,0,0.0,0.0,not_called,,0,0,NONE,0,,,0,not_triaged,0.0,126904.305,,False,0.0,0.0,0.0,0.0
MID103215,digital_services,0,legit,none,0,0.0004117515845590048,,,,False,0,0.0,0.0,not_called,,0,0,NONE,0,,,0,not_triaged,0.0,12193.997,,False,0.0,0.0,0.0,0.0
MID100610,apparel,0,legit,none,0,0.024191333178866174,,,,False,0,0.0,0.0,not_called,,0,0,NONE,0,,,0,not_triaged,0.0,70663.30199999998,,False,0.0,0.0,0.0,0.0
MID103985,apparel,0,legit,none,0,0.0014706353780029168,apparel,0.99,homepage,False,0,0.0,0.0,not_called,,0,0,NONE,0,,,2,evidence_exhausted,2.2,70000.90166666666,high_volume_rotation,True,0.0,0.0,0.0,0.0
MID103752,electronics_retail,0,legit,none,0,0.0006446335539614113,,,,False,0,0.0,0.0,not_called,,0,0,NONE,0,,,0,not_triaged,0.0,244074.16000000003,,False,0.0,0.0,0.0,0.0
MID101200,electronics_retail,0,legit,none,0,0.0016285455429873056,,,,False,0,0.0,0.0,not_called,,0,0,NONE,0,,,0,not_triaged,0.0,103083.18766666666,,False,0.0,0.0,0.0,0.0
MID102953,digital_services,0,legit,none,0,0.005422663146150579,,,,False,0,0.0,0.0,not_called,,0,0,NONE,0,,,0,not_triaged,0.0,36589.246,,False,0.0,0.0,0.0,0.0
MID101116,apparel,0,legit,viral_spike,0,0.012748868297918029,,,,False,0,0.0,0.0,not_called,,0,0,NONE,0,,,0,not_triaged,0.0,189367.24466666667,,False,0.0,0.0,0.0,0.0
MID102496,apparel,0,legit,none,0,0.0008205723361661821,apparel,0.99,homepage,False,0,0.0,0.0,not_called,,0,0,NONE,0,,,2,evidence_exhausted,2.2,232464.8736666667,high_volume_rotation,True,0.0,0.0,0.0,0.0
MID100347,skill_gaming,0,legit,none,0,0.0007160001735771232,,,,False,0,0.0,0.0,not_called,,0,0,NONE,0,,,0,not_triaged,0.0,135945.7966666667,,False,0.0,0.0,0.0,0.0
MID101935,apparel,0,legit,none,0,0.0012844952582874668,,,,False,0,0.0,0.0,not_called,,0,0,NONE,0,,,0,not_triaged,0.0,32909.2,,False,0.0,0.0,0.0,0.0
MID103267,pharmacy,0,legit,none,0,0.0007317932443802208,,,,False,0,0.0,0.0,not_called,,0,0,NONE,0,,,0,not_triaged,0.0,86071.42966666668,,True,0.0,0.0,0.0,0.0
MID101704,electronics_retail,0,legit,viral_spike,0,0.0019024779931196122,,,,False,0,0.0,0.0,not_called,,0,0,NONE,0,,,0,not_triaged,0.0,197855.5023333333,,False,0.0,0.0,0.0,0.0
MID101497,digital_services,0,legit,shared_platform,0,0.002331352313157973,,,,False,0,0.0,0.0,not_called,,0,0,NONE,0,,,0,not_triaged,0.0,59303.49,,True,0.0,0.0,0.0,0.0
MID102324,pharmacy,0,legit,none,0,0.00903498254823338,pharmacy,0.9663,homepage,False,0,0.0,0.0,not_called,,0,0,NONE,0,,,2,evidence_exhausted,2.2,23195.16933333333,external_signal,False,0.0,0.0,0.0,0.0
MID103549,subscription_box,0,legit,none,0,0.0014890873205478414,,,,False,0,0.0,0.0,not_called,,0,0,NONE,0,,,0,not_triaged,0.0,63435.23766666667,,True,0.0,0.0,0.0,0.0
MID103908,electronics_retail,0,legit,viral_spike,0,0.012495746838652419,,,,False,0,0.0,0.0,not_called,,0,0,NONE,0,,,0,not_triaged,0.0,361355.751,,False,0.0,0.0,0.0,0.0
MID102397,apparel,0,legit,none,0,0.00044725860799625476,,,,False,0,0.0,0.0,not_called,,0,0,NONE,0,,,0,not_triaged,0.0,47962.82766666667,,False,0.0,0.0,0.0,0.0
MID101275,electronics_retail,0,legit,none,0,0.024025069686501064,,,,False,0,0.0,0.0,not_called,,0,0,NONE,0,,,0,not_triaged,0.0,119316.81133333332,,False,0.0,0.0,0.0,0.0
MID103572,apparel,0,legit,none,0,0.005134197901949099,,,,False,0,0.0,0.0,not_called,,0,0,NONE,0,,,0,not_triaged,0.0,61659.54133333333,,False,0.0,0.0,0.0,0.0
MID100015,subscription_box,1,funnel_ring,none,0,0.890054235524803,crypto_exchange,0.9146,checkout,True,6,0.9424,0.808,answered,,3,3,RESTRICT,4,telemetry;storefront;infrastructure,telemetry,4,confidence_threshold_met,4.4,125279.641,telemetry_drift;network_cluster,True,900.0,0.0,0.0,900.0
MID102084,subscription_box,0,legit,none,0,0.00286305596181069,,,,False,0,0.0,0.0,not_called,,0,0,NONE,0,,,0,not_triaged,0.0,58732.067,,False,0.0,0.0,0.0,0.0
MID100614,home_furnishing,0,legit,none,0,0.0006388048542580702,,,,False,0,0.0,0.0,not_called,,0,0,NONE,0,,,0,not_triaged,0.0,18870.860999999997,,True,0.0,0.0,0.0,0.0
MID100186,pharmacy,0,legit,none,0,0.0067694049463611315,,,,False,0,0.0,0.0,not_called,,0,0,NONE,0,,,0,not_triaged,0.0,13008.528333333332,,True,0.0,0.0,0.0,0.0
MID102536,travel_agency,0,legit,festival_season,0,0.005731945832600968,,,,False,0,0.0,0.0,not_called,,0,0,NONE,0,,,0,not_triaged,0.0,177510.64833333337,,True,0.0,0.0,0.0,0.0
MID102449,apparel,0,legit,price_point_change,0,0.0013082180662788935,,,,False,15,0.4055,0.177,not_called,,0,0,NONE,0,,,0,not_triaged,0.0,20665.44933333333,,False,0.0,0.0,0.0,0.0
MID101866,electronics_retail,0,legit,viral_spike,0,0.0005772215971945374,,,,False,0,0.0,0.0,not_called,,0,0,NONE,0,,,0,not_triaged,0.0,71060.683,,False,0.0,0.0,0.0,0.0
MID102258,digital_services,0,legit,none,0,0.0012113401295546307,,,,False,0,0.0,0.0,not_called,,0,0,NONE,0,,,0,not_triaged,0.0,92592.29466666668,,True,0.0,0.0,0.0,0.0
MID102423,home_furnishing,0,legit,none,0,0.003190775838426118,,,,False,0,0.0,0.0,not_called,,0,0,NONE,0,,,0,not_triaged,0.0,33811.64866666667,,False,0.0,0.0,0.0,0.0
MID100044,digital_services,1,pivot_prohibited,none,1,0.9950010041908987,sports_betting,0.9168,homepage,True,0,0.0,0.0,no_answer,,2,2,RESTRICT,4,telemetry;storefront,telemetry,2,confidence_threshold_met,2.2,38705.04233333333,telemetry_drift,True,900.0,0.0,0.0,900.0
MID101057,subscription_box,0,legit,none,0,0.001287696663239743,,,,False,0,0.0,0.0,not_called,,0,0,NONE,0,,,0,not_triaged,0.0,131443.49666666667,,False,0.0,0.0,0.0,0.0
MID102315,electronics_retail,0,legit,none,0,0.001630597263828541,,,,False,0,0.0,0.0,not_called,,0,0,NONE,0,,,0,not_triaged,0.0,78964.87366666667,,False,0.0,0.0,0.0,0.0
MID103438,electronics_retail,0,legit,none,0,0.0019313486300370658,,,,False,0,0.0,0.0,not_called,,0,0,NONE,0,,,0,not_triaged,0.0,160703.543,,False,0.0,0.0,0.0,0.0
MID100233,home_furnishing,0,legit,festival_season,0,0.001313655114739823,,,,False,0,0.0,0.0,not_called,,0,0,NONE,0,,,0,not_triaged,0.0,26038.000666666667,,True,0.0,0.0,0.0,0.0
MID101144,electronics_retail,0,legit,none,0,0.0024787877238950616,,,,False,0,0.0,0.0,not_called,,0,0,NONE,0,,,0,not_triaged,0.0,201604.03066666663,,False,0.0,0.0,0.0,0.0
MID102627,apparel,0,legit,none,0,0.016181027845711644,,,,False,0,0.0,0.0,not_called,,0,0,NONE,0,,,0,not_triaged,0.0,140668.63433333335,,False,0.0,0.0,0.0,0.0
MID101604,electronics_retail,0,legit,none,0,0.0033888163613771142,,,,False,0,0.0,0.0,not_called,,0,0,NONE,0,,,0,not_triaged,0.0,59139.202333333335,,False,0.0,0.0,0.0,0.0
MID101745,apparel,0,legit,none,0,0.00524833497996546,,,,False,9,0.4795,0.366,not_called,,1,1,REVIEW,0,,,0,not_triaged,0.0,127101.94666666668,,True,0.0,0.0,0.0,0.0
MID101990,digital_services,0,legit,none,0,0.003980921407929912,,,,False,0,0.0,0.0,not_called,,0,0,NONE,0,,,0,not_triaged,0.0,133702.66033333333,,False,0.0,0.0,0.0,0.0
MID101489,electronics_retail,0,legit,none,0,0.001771892057133708,,,,False,0,0.0,0.0,not_called,,0,0,NONE,0,,,0,not_triaged,0.0,208093.28666666665,,False,0.0,0.0,0.0,0.0
MID103164,pharmacy,0,legit,shared_platform,0,0.0014699051610676658,pharmacy,0.99,homepage,False,0,0.0,0.0,not_called,,0,0,NONE,0,,,2,evidence_exhausted,2.2,22694.945,external_signal,True,0.0,0.0,0.0,0.0
MID101349,electronics_retail,0,legit,none,0,0.04856676422309996,,,,False,0,0.0,0.0,not_called,,0,0,NONE,0,,,0,not_triaged,0.0,158730.7513333333,,True,0.0,0.0,0.0,0.0
MID103314,home_furnishing,0,legit,festival_season,0,0.04164188865750523,,,,False,0,0.0,0.0,not_called,,0,0,NONE,0,,,0,not_triaged,0.0,79928.30766666666,,True,0.0,0.0,0.0,0.0
MID102531,electronics_retail,0,legit,none,0,0.0009255697196638965,,,,False,0,0.0,0.0,not_called,,0,0,NONE,0,,,0,not_triaged,0.0,89493.30233333334,,False,0.0,0.0,0.0,0.0
MID102355,pharmacy,0,legit,shared_platform,0,0.0010323810825607156,,,,False,0,0.0,0.0,not_called,,0,0,NONE,0,,,0,not_triaged,0.0,49523.42266666667,,True,0.0,0.0,0.0,0.0
MID103271,home_furnishing,0,legit,viral_spike,0,0.006869959046479203,,,,False,0,0.0,0.0,not_called,,0,0,NONE,0,,,0,not_triaged,0.0,90899.35366666666,,False,0.0,0.0,0.0,0.0
MID101231,travel_agency,0,legit,festival_season,0,0.02510048780717072,,,,False,0,0.0,0.0,not_called,,0,0,NONE,0,,,0,not_triaged,0.0,217716.65033333327,,False,0.0,0.0,0.0,0.0
MID102014,digital_services,0,legit,none,0,0.002519977825280015,,,,False,0,0.0,0.0,not_called,,0,0,NONE,0,,,0,not_triaged,0.0,24642.63633333333,,False,0.0,0.0,0.0,0.0
MID101270,subscription_box,0,legit,none,0,0.009262700400359394,,,,False,0,0.0,0.0,not_called,,0,0,NONE,0,,,0,not_triaged,0.0,49188.753,,True,0.0,0.0,0.0,0.0
MID100047,digital_services,1,pivot_prohibited,none,1,0.8345303330756615,sports_betting,0.9496,homepage,False,0,0.0,0.0,answered,,2,2,RESTRICT,4,telemetry;storefront,telemetry,2,confidence_threshold_met,2.2,67206.64933333333,telemetry_drift,True,900.0,0.0,0.0,900.0
MID103748,skill_gaming,0,legit,none,0,0.0036406735886000594,,,,False,0,0.0,0.0,not_called,,0,0,NONE,0,,,0,not_triaged,0.0,123929.56366666668,,False,0.0,0.0,0.0,0.0
MID103010,apparel,0,legit,none,0,0.002575222470836946,,,,False,0,0.0,0.0,not_called,,0,0,NONE,0,,,0,not_triaged,0.0,24945.00633333333,,False,0.0,0.0,0.0,0.0
MID101982,electronics_retail,0,legit,none,0,0.006081268982307936,,,,False,0,0.0,0.0,not_called,,0,0,NONE,0,,,0,not_triaged,0.0,37301.06966666667,,False,0.0,0.0,0.0,0.0
MID101959,pharmacy,0,legit,none,0,0.0033111582947374218,,,,False,0,0.0,0.0,not_called,,0,0,NONE,0,,,0,not_triaged,0.0,139905.745,,False,0.0,0.0,0.0,0.0
MID101051,travel_agency,0,legit,none,0,0.06310120751507711,,,,False,0,0.0,0.0,not_called,,0,0,NONE,0,,,0,not_triaged,0.0,497411.38666666666,,False,0.0,0.0,0.0,0.0
MID101939,travel_agency,0,legit,festival_season,0,0.05211998311661631,,,,False,0,0.0,0.0,not_called,,0,0,NONE,0,,,0,not_triaged,0.0,533464.9456666666,,False,0.0,0.0,0.0,0.0
MID100230,apparel,0,legit,none,0,0.0009309330336685934,,,,False,0,0.0,0.0,not_called,,0,0,NONE,0,,,0,not_triaged,0.0,95169.516,,True,0.0,0.0,0.0,0.0
MID100002,digital_services,1,funnel_ring,none,0,0.9704315351237432,crypto_exchange,0.9673,checkout,True,7,0.9291,0.764,answered,True,4,4,RESTRICT,4,telemetry;storefront;infrastructure,telemetry,4,confidence_threshold_met,4.4,38330.89166666667,telemetry_drift;network_cluster,False,900.0,0.0,0.0,900.0
MID102216,electronics_retail,0,legit,none,0,0.0015175387760676588,,,,False,0,0.0,0.0,not_called,,0,0,NONE,0,,,0,not_triaged,0.0,309144.48233333335,,True,0.0,0.0,0.0,0.0
MID100172,digital_services,0,legit,none,0,0.022744360457287217,,,,False,11,0.4176,0.182,not_called,,0,0,NONE,0,,,0,not_triaged,0.0,35093.143000000004,,False,0.0,0.0,0.0,0.0
MID101853,home_furnishing,0,legit,festival_season,0,0.1023110109196016,,,,False,0,0.0,0.0,not_called,,0,0,NONE,0,,,0,not_triaged,0.0,174524.82933333333,,True,0.0,0.0,0.0,0.0
MID101500,digital_services,0,legit,price_point_change,0,0.0010071424774262918,,,,False,0,0.0,0.0,not_called,,0,0,NONE,0,,,0,not_triaged,0.0,5844.105,,True,0.0,0.0,0.0,0.0
MID103700,electronics_retail,0,legit,none,0,0.0008332581459451218,,,,False,0,0.0,0.0,not_called,,0,0,NONE,0,,,0,not_triaged,0.0,492617.589,,True,0.0,0.0,0.0,0.0
MID103240,home_furnishing,0,legit,viral_spike,0,0.011778900360178517,,,,False,0,0.0,0.0,not_called,,0,0,NONE,0,,,0,not_triaged,0.0,33504.483,,True,0.0,0.0,0.0,0.0
MID103098,electronics_retail,0,legit,viral_spike,0,0.0022519876211818586,,,,False,0,0.0,0.0,not_called,,0,0,NONE,0,,,0,not_triaged,0.0,123682.82566666669,,True,0.0,0.0,0.0,0.0
MID100201,skill_gaming,0,legit,none,0,0.0006645047024014403,,,,False,0,0.0,0.0,not_called,,0,0,NONE,0,,,0,not_triaged,0.0,140798.943,,False,0.0,0.0,0.0,0.0
MID100077,electronics_retail,1,pivot_prohibited,none,1,0.999420611266449,sports_betting,0.9826,homepage,True,0,0.0,0.0,answered,True,3,3,RESTRICT,4,telemetry;storefront,telemetry,2,confidence_threshold_met,2.2,150298.995,telemetry_drift,False,900.0,0.0,0.0,900.0
MID103554,electronics_retail,0,legit,none,0,0.0020957982252112588,,,,False,0,0.0,0.0,not_called,,0,0,NONE,0,,,0,not_triaged,0.0,133325.44066666666,,False,0.0,0.0,0.0,0.0
MID101609,pharmacy,0,legit,none,0,0.0006961931024017247,,,,False,0,0.0,0.0,not_called,,0,0,NONE,0,,,0,not_triaged,0.0,25794.968,,False,0.0,0.0,0.0,0.0
MID101280,home_furnishing,0,legit,none,0,0.0017116772978363406,,,,False,0,0.0,0.0,not_called,,0,0,NONE,0,,,0,not_triaged,0.0,61786.64433333334,,False,0.0,0.0,0.0,0.0
MID103709,home_furnishing,0,legit,none,0,0.012331468778101427,,,,False,0,0.0,0.0,not_called,,0,0,NONE,0,,,0,not_triaged,0.0,105940.89566666666,,False,0.0,0.0,0.0,0.0
MID100635,skill_gaming,0,legit,none,0,0.0010366783236709475,,,,False,0,0.0,0.0,not_called,,0,0,NONE,0,,,0,not_triaged,0.0,138319.04400000002,,False,0.0,0.0,0.0,0.0
MID103837,home_furnishing,0,legit,festival_season,0,0.0019705994103940802,,,,False,11,0.4123,0.164,not_called,,0,0,NONE,0,,,0,not_triaged,0.0,109514.286,,True,0.0,0.0,0.0,0.0
MID103243,apparel,0,legit,none,0,0.0010882896571544557,,,,False,0,0.0,0.0,not_called,,0,0,NONE,0,,,0,not_triaged,0.0,43864.116,,False,0.0,0.0,0.0,0.0
MID100129,apparel,1,pivot_prohibited,none,1,0.9977378433391323,sports_betting,0.8487,homepage,False,0,0.0,0.0,answered,True,3,3,RESTRICT,4,telemetry;storefront,telemetry,2,confidence_threshold_met,2.2,66426.55066666666,telemetry_drift;external_signal,False,900.0,0.0,0.0,900.0
MID101032,skill_gaming,0,legit,none,0,0.0009903257363856222,,,,False,0,0.0,0.0,not_called,,0,0,NONE,0,,,0,not_triaged,0.0,274379.7253333333,,True,0.0,0.0,0.0,0.0
MID102287,digital_services,0,legit,price_point_change,0,0.01149777953952805,,,,False,0,0.0,0.0,not_called,,0,0,NONE,0,,,0,not_triaged,0.0,31151.806666666664,,True,0.0,0.0,0.0,0.0
MID102503,home_furnishing,0,legit,none,0,0.003059182738187644,home_furnishing,0.9543,homepage,False,0,0.0,0.0,not_called,,0,0,NONE,0,,,2,evidence_exhausted,2.2,21603.99133333333,external_signal,False,0.0,0.0,0.0,0.0
MID100875,electronics_retail,0,legit,none,0,0.003936872962171544,,,,False,0,0.0,0.0,not_called,,0,0,NONE,0,,,0,not_triaged,0.0,90375.66266666666,,False,0.0,0.0,0.0,0.0
MID100457,travel_agency,0,legit,festival_season,0,0.00507892118367243,,,,False,0,0.0,0.0,not_called,,0,0,NONE,0,,,0,not_triaged,0.0,418161.59766666667,,False,0.0,0.0,0.0,0.0
MID102278,electronics_retail,0,legit,viral_spike,0,0.000472826938889924,,,,False,0,0.0,0.0,not_called,,0,0,NONE,0,,,0,not_triaged,0.0,310394.7056666667,,False,0.0,0.0,0.0,0.0
MID102437,apparel,0,legit,none,0,0.0008420785156381621,,,,False,0,0.0,0.0,not_called,,0,0,NONE,0,,,0,not_triaged,0.0,99733.48666666663,,True,0.0,0.0,0.0,0.0
MID102040,travel_agency,0,legit,festival_season,0,0.0025452930592530574,travel_agency,0.99,homepage,False,0,0.0,0.0,not_called,,0,0,NONE,0,,,2,evidence_exhausted,2.2,438708.8436666666,high_volume_rotation,False,0.0,0.0,0.0,0.0
MID103854,apparel,0,legit,none,0,0.0012376764695164466,,,,False,0,0.0,0.0,not_called,,0,0,NONE,0,,,0,not_triaged,0.0,78699.58266666667,,False,0.0,0.0,0.0,0.0
MID103865,electronics_retail,0,legit,festival_season,0,0.0006711934272202263,,,,False,0,0.0,0.0,not_called,,0,0,NONE,0,,,0,not_triaged,0.0,765888.6286666667,,False,0.0,0.0,0.0,0.0
MID103142,apparel,0,legit,none,0,0.0020059109344051904,,,,False,0,0.0,0.0,not_called,,0,0,NONE,0,,,0,not_triaged,0.0,63608.99566666667,,True,0.0,0.0,0.0,0.0
MID102179,electronics_retail,0,legit,viral_spike,0,0.005505522526201614,,,,False,0,0.0,0.0,not_called,,0,0,NONE,0,,,0,not_triaged,0.0,126150.38433333334,,True,0.0,0.0,0.0,0.0
MID101357,electronics_retail,0,legit,none,0,0.0009368183202267607,,,,False,0,0.0,0.0,not_called,,0,0,NONE,0,,,0,not_triaged,0.0,231803.62866666663,,True,0.0,0.0,0.0,0.0
MID101064,apparel,0,legit,none,0,0.007311972637237064,,,,False,0,0.0,0.0,not_called,,0,0,NONE,0,,,0,not_triaged,0.0,198908.20433333333,,False,0.0,0.0,0.0,0.0
MID103871,home_furnishing,0,legit,none,0,0.003183769868047965,home_furnishing,0.9824,homepage,False,0,0.0,0.0,not_called,,0,0,NONE,0,,,2,evidence_exhausted,2.2,51250.617666666665,external_signal,False,0.0,0.0,0.0,0.0
MID103191,skill_gaming,0,legit,none,0,0.002048624236255209,,,,False,0,0.0,0.0,not_called,,0,0,NONE,0,,,0,not_triaged,0.0,141549.5576666667,,False,0.0,0.0,0.0,0.0
MID101274,apparel,0,legit,none,0,0.0016500999704295472,,,,False,11,0.4584,0.318,not_called,,1,1,REVIEW,0,,,0,not_triaged,0.0,178895.33999999997,,False,0.0,0.0,0.0,0.0
MID100257,home_furnishing,0,legit,none,0,0.0007892202806450987,,,,False,0,0.0,0.0,not_called,,0,0,NONE,0,,,0,not_triaged,0.0,171437.19933333335,,False,0.0,0.0,0.0,0.0
MID103002,pharmacy,0,legit,none,0,0.006269913929482665,,,,False,0,0.0,0.0,not_called,,0,0,NONE,0,,,0,not_triaged,0.0,38359.21233333334,,False,0.0,0.0,0.0,0.0
MID101940,electronics_retail,0,legit,festival_season,0,0.007433702106662223,,,,False,0,0.0,0.0,not_called,,0,0,NONE,0,,,0,not_triaged,0.0,560526.7036666666,,False,0.0,0.0,0.0,0.0
MID103246,electronics_retail,0,legit,none,0,0.0007439151475194757,,,,False,0,0.0,0.0,not_called,,0,0,NONE,0,,,0,not_triaged,0.0,876527.419,,True,0.0,0.0,0.0,0.0
MID101343,skill_gaming,0,legit,none,0,0.02029020734796425,,,,False,0,0.0,0.0,not_called,,0,0,NONE,0,,,0,not_triaged,0.0,148581.71766666666,,False,0.0,0.0,0.0,0.0
MID100677,subscription_box,0,legit,none,0,0.0015408969006315706,,,,False,0,0.0,0.0,not_called,,0,0,NONE,0,,,0,not_triaged,0.0,18253.33,,False,0.0,0.0,0.0,0.0
MID103979,home_furnishing,0,legit,none,0,0.0020804990287273673,,,,False,0,0.0,0.0,not_called,,0,0,NONE,0,,,0,not_triaged,0.0,71950.293,,True,0.0,0.0,0.0,0.0
MID102791,pharmacy,0,legit,none,0,0.08475398152183482,pharmacy,0.99,homepage,False,0,0.0,0.0,not_called,,0,0,NONE,0,,,2,evidence_exhausted,2.2,33263.871333333336,external_signal,False,0.0,0.0,0.0,0.0
MID102700,travel_agency,0,legit,none,0,0.001018326001801207,,,,False,0,0.0,0.0,not_called,,0,0,NONE,0,,,0,not_triaged,0.0,95542.521,,False,0.0,0.0,0.0,0.0
MID102476,pharmacy,0,legit,none,0,0.0009298258772272895,,,,False,0,0.0,0.0,not_called,,0,0,NONE,0,,,0,not_triaged,0.0,76198.88366666666,,True,0.0,0.0,0.0,0.0
MID101956,subscription_box,0,legit,none,0,0.0012032257438627787,,,,False,0,0.0,0.0,not_called,,0,0,NONE,0,,,0,not_triaged,0.0,136089.90033333332,,True,0.0,0.0,0.0,0.0
MID103742,home_furnishing,0,legit,viral_spike,0,0.0003230706519724032,,,,False,0,0.0,0.0,not_called,,0,0,NONE,0,,,0,not_triaged,0.0,36570.92166666666,,False,0.0,0.0,0.0,0.0
MID103519,travel_agency,0,legit,none,0,0.0012586651146530706,,,,False,0,0.0,0.0,not_called,,0,0,NONE,0,,,0,not_triaged,0.0,507242.6066666666,,False,0.0,0.0,0.0,0.0
MID101920,skill_gaming,0,legit,none,0,0.0029577195601249687,,,,False,0,0.0,0.0,not_called,,0,0,NONE,0,,,0,not_triaged,0.0,42603.17133333334,,True,0.0,0.0,0.0,0.0
MID102735,travel_agency,0,legit,none,0,0.0017254005826703,,,,False,0,0.0,0.0,not_called,,0,0,NONE,0,,,0,not_triaged,0.0,141621.88133333335,,False,0.0,0.0,0.0,0.0
MID102899,home_furnishing,0,legit,none,0,0.002371593510626933,,,,False,0,0.0,0.0,not_called,,0,0,NONE,0,,,0,not_triaged,0.0,33091.617,,False,0.0,0.0,0.0,0.0
MID103042,apparel,0,legit,none,0,0.01165888531052681,,,,False,0,0.0,0.0,not_called,,0,0,NONE,0,,,0,not_triaged,0.0,30425.965333333334,,True,0.0,0.0,0.0,0.0
MID100248,electronics_retail,0,legit,none,0,0.04891170572961757,,,,False,0,0.0,0.0,not_called,,0,0,NONE,0,,,0,not_triaged,0.0,73899.352,,True,0.0,0.0,0.0,0.0
MID103259,electronics_retail,0,legit,festival_season,0,0.0021891081162285506,,,,False,0,0.0,0.0,not_called,,0,0,NONE,0,,,0,not_triaged,0.0,566197.2603333334,,False,0.0,0.0,0.0,0.0
MID103659,skill_gaming,0,legit,none,0,0.004779011454087468,,,,False,0,0.0,0.0,not_called,,0,0,NONE,0,,,0,not_triaged,0.0,134648.476,,True,0.0,0.0,0.0,0.0
MID102941,digital_services,0,legit,none,0,0.019065133654955917,,,,False,0,0.0,0.0,not_called,,0,0,NONE,0,,,0,not_triaged,0.0,63095.261333333336,,False,0.0,0.0,0.0,0.0
MID102683,electronics_retail,0,legit,festival_season,0,0.24435555324384312,electronics_retail,0.9728,homepage,False,0,0.0,0.0,not_called,,0,0,NONE,0,,,2,evidence_exhausted,2.2,321297.52466666664,high_volume_rotation,True,0.0,0.0,0.0,0.0
MID100355,digital_services,0,legit,none,0,0.0009372003313441343,,,,False,0,0.0,0.0,not_called,,0,0,NONE,0,,,0,not_triaged,0.0,105950.81233333332,,False,0.0,0.0,0.0,0.0
MID103622,home_furnishing,0,legit,viral_spike,0,0.0011850460683234774,,,,False,0,0.0,0.0,not_called,,0,0,NONE,0,,,0,not_triaged,0.0,20008.372000000007,,True,0.0,0.0,0.0,0.0
MID101827,electronics_retail,0,legit,none,0,0.0030605502097842997,,,,False,0,0.0,0.0,not_called,,0,0,NONE,0,,,0,not_triaged,0.0,346632.808,,True,0.0,0.0,0.0,0.0
MID101878,home_furnishing,0,legit,none,0,0.0011400071828042944,,,,False,0,0.0,0.0,not_called,,0,0,NONE,0,,,0,not_triaged,0.0,61417.33,,True,0.0,0.0,0.0,0.0
MID103135,skill_gaming,0,legit,none,0,0.0017246751169953168,,,,False,0,0.0,0.0,not_called,,0,0,NONE,0,,,0,not_triaged,0.0,69999.95633333334,,True,0.0,0.0,0.0,0.0
MID100975,home_furnishing,0,legit,none,0,0.0009519100538164341,,,,False,0,0.0,0.0,not_called,,0,0,NONE,0,,,0,not_triaged,0.0,52950.70133333334,,False,0.0,0.0,0.0,0.0
MID101331,apparel,0,legit,none,0,0.0010811566349717223,,,,False,0,0.0,0.0,not_called,,0,0,NONE,0,,,0,not_triaged,0.0,74196.16866666666,,False,0.0,0.0,0.0,0.0
MID100541,electronics_retail,0,legit,viral_spike,0,0.1054645945705554,,,,False,0,0.0,0.0,not_called,,0,0,NONE,0,,,0,not_triaged,0.0,107233.44666666668,,False,0.0,0.0,0.0,0.0
MID100338,electronics_retail,0,legit,festival_season,0,0.029587325168667855,,,,False,0,0.0,0.0,not_called,,0,0,NONE,0,,,0,not_triaged,0.0,214609.454,,False,0.0,0.0,0.0,0.0
MID100860,home_furnishing,0,legit,none,0,0.0017361794296672027,,,,False,0,0.0,0.0,not_called,,0,0,NONE,0,,,0,not_triaged,0.0,242153.54866666667,,False,0.0,0.0,0.0,0.0
MID101644,subscription_box,0,legit,none,0,0.000830772404868732,,,,False,0,0.0,0.0,not_called,,0,0,NONE,0,,,0,not_triaged,0.0,170620.89,,True,0.0,0.0,0.0,0.0
MID103096,apparel,0,legit,none,0,0.007170991163012943,,,,False,0,0.0,0.0,not_called,,0,0,NONE,0,,,0,not_triaged,0.0,41691.971333333335,,False,0.0,0.0,0.0,0.0
MID100224,subscription_box,0,legit,none,0,0.000594795883096792,,,,False,0,0.0,0.0,not_called,,0,0,NONE,0,,,0,not_triaged,0.0,32171.849666666665,,False,0.0,0.0,0.0,0.0
MID103289,pharmacy,0,legit,shared_platform,0,0.0009061059777355103,,,,False,0,0.0,0.0,not_called,,0,0,NONE,0,,,0,not_triaged,0.0,50135.19266666667,,False,0.0,0.0,0.0,0.0
MID100947,digital_services,0,legit,none,0,0.0031663930479290735,,,,False,0,0.0,0.0,not_called,,0,0,NONE,0,,,0,not_triaged,0.0,25501.343666666664,,False,0.0,0.0,0.0,0.0
MID101942,travel_agency,0,legit,none,0,0.0005435013636935369,,,,False,0,0.0,0.0,not_called,,0,0,NONE,0,,,0,not_triaged,0.0,75548.30933333332,,False,0.0,0.0,0.0,0.0
MID101748,electronics_retail,0,legit,none,0,0.0009688343989742546,,,,False,0,0.0,0.0,not_called,,0,0,NONE,0,,,0,not_triaged,0.0,41534.02366666667,,False,0.0,0.0,0.0,0.0
MID101474,skill_gaming,0,legit,none,0,0.001388770150361675,,,,False,0,0.0,0.0,not_called,,0,0,NONE,0,,,0,not_triaged,0.0,51487.38166666667,,True,0.0,0.0,0.0,0.0
MID100550,electronics_retail,0,legit,none,0,0.0011829951939716452,,,,False,0,0.0,0.0,not_called,,0,0,NONE,0,,,0,not_triaged,0.0,60968.614,,False,0.0,0.0,0.0,0.0
MID103773,electronics_retail,0,legit,viral_spike,0,0.011639017024958193,,,,False,11,0.4584,0.318,not_called,,1,1,REVIEW,0,,,0,not_triaged,0.0,410903.226,,False,0.0,0.0,0.0,0.0
MID102616,home_furnishing,0,legit,viral_spike,0,0.00032621330778222473,,,,False,0,0.0,0.0,not_called,,0,0,NONE,0,,,0,not_triaged,0.0,153819.35133333332,,False,0.0,0.0,0.0,0.0
MID101199,skill_gaming,0,legit,none,0,0.002859990122185585,,,,False,0,0.0,0.0,not_called,,0,0,NONE,0,,,0,not_triaged,0.0,30617.545,,False,0.0,0.0,0.0,0.0
MID100759,subscription_box,0,legit,none,0,0.002221943634130809,,,,False,0,0.0,0.0,not_called,,0,0,NONE,0,,,0,not_triaged,0.0,97587.81133333332,,True,0.0,0.0,0.0,0.0
MID102229,electronics_retail,0,legit,none,0,0.0011024537910547163,,,,False,0,0.0,0.0,not_called,,0,0,NONE,0,,,0,not_triaged,0.0,331901.8573333333,,False,0.0,0.0,0.0,0.0
MID101096,travel_agency,0,legit,festival_season,0,0.025210991040803203,,,,False,0,0.0,0.0,not_called,,0,0,NONE,0,,,0,not_triaged,0.0,550084.9276666666,,True,0.0,0.0,0.0,0.0
MID101544,subscription_box,0,legit,none,0,0.003971301180041998,,,,False,0,0.0,0.0,not_called,,0,0,NONE,0,,,0,not_triaged,0.0,43408.564666666665,,False,0.0,0.0,0.0,0.0
MID103802,skill_gaming,0,legit,none,0,0.004829290408913544,,,,False,0,0.0,0.0,not_called,,0,0,NONE,0,,,0,not_triaged,0.0,84330.60266666667,,False,0.0,0.0,0.0,0.0
MID100193,home_furnishing,0,legit,none,0,0.0016158467122542063,,,,False,0,0.0,0.0,not_called,,0,0,NONE,0,,,0,not_triaged,0.0,54503.683,,False,0.0,0.0,0.0,0.0
MID102806,home_furnishing,0,legit,none,0,0.0025742337811016825,,,,False,0,0.0,0.0,not_called,,0,0,NONE,0,,,0,not_triaged,0.0,101555.24933333336,,False,0.0,0.0,0.0,0.0
MID102697,home_furnishing,0,legit,none,0,0.0016693259168538567,,,,False,0,0.0,0.0,not_called,,0,0,NONE,0,,,0,not_triaged,0.0,31813.94833333333,,True,0.0,0.0,0.0,0.0
MID103885,home_furnishing,0,legit,festival_season,0,0.012091326946684966,,,,False,0,0.0,0.0,not_called,,0,0,NONE,0,,,0,not_triaged,0.0,147791.80866666665,,True,0.0,0.0,0.0,0.0
MID103085,electronics_retail,0,legit,none,0,0.0009692207093258496,,,,False,0,0.0,0.0,not_called,,0,0,NONE,0,,,0,not_triaged,0.0,390044.82000000007,,False,0.0,0.0,0.0,0.0
MID102680,travel_agency,0,legit,none,0,0.0008511247534461809,,,,False,0,0.0,0.0,not_called,,0,0,NONE,0,,,0,not_triaged,0.0,70639.23633333333,,True,0.0,0.0,0.0,0.0
MID102445,home_furnishing,0,legit,none,0,0.016458628094063774,,,,False,0,0.0,0.0,not_called,,0,0,NONE,0,,,0,not_triaged,0.0,32654.713,,False,0.0,0.0,0.0,0.0
MID103117,pharmacy,0,legit,shared_platform,0,0.0013072370422405211,,,,False,0,0.0,0.0,not_called,,0,0,NONE,0,,,0,not_triaged,0.0,12380.693666666668,,False,0.0,0.0,0.0,0.0
MID100213,subscription_box,0,legit,none,0,0.0025554453704425416,,,,False,0,0.0,0.0,not_called,,0,0,NONE,0,,,0,not_triaged,0.0,110023.66766666666,,True,0.0,0.0,0.0,0.0
MID103402,apparel,0,legit,none,0,0.06299287204207697,,,,False,0,0.0,0.0,not_called,,0,0,NONE,0,,,0,not_triaged,0.0,121655.26733333337,,True,0.0,0.0,0.0,0.0
MID102265,digital_services,0,legit,price_point_change,0,0.005442253609629281,,,,False,0,0.0,0.0,not_called,,0,0,NONE,0,,,0,not_triaged,0.0,22800.803000000004,,False,0.0,0.0,0.0,0.0
MID103682,electronics_retail,0,legit,none,0,0.005205850031265244,,,,False,0,0.0,0.0,not_called,,0,0,NONE,0,,,0,not_triaged,0.0,578420.0866666667,,True,0.0,0.0,0.0,0.0
MID102369,digital_services,0,legit,none,0,0.002792619186873459,,,,False,0,0.0,0.0,not_called,,0,0,NONE,0,,,0,not_triaged,0.0,508471.5783333333,,False,0.0,0.0,0.0,0.0
MID101838,digital_services,0,legit,shared_platform,0,0.0018514362732838395,,,,False,0,0.0,0.0,not_called,,0,0,NONE,0,,,0,not_triaged,0.0,60331.44833333333,,False,0.0,0.0,0.0,0.0
MID103629,apparel,0,legit,none,0,0.003090641878443262,,,,False,0,0.0,0.0,not_called,,0,0,NONE,0,,,0,not_triaged,0.0,258990.57866666667,,False,0.0,0.0,0.0,0.0
MID103830,skill_gaming,0,legit,none,0,0.012489383225917005,,,,False,0,0.0,0.0,not_called,,0,0,NONE,0,,,0,not_triaged,0.0,32010.18733333334,,False,0.0,0.0,0.0,0.0
MID101320,apparel,0,legit,none,0,0.0012869679351841883,,,,False,0,0.0,0.0,not_called,,0,0,NONE,0,,,0,not_triaged,0.0,55523.554333333326,,False,0.0,0.0,0.0,0.0
MID103892,apparel,0,legit,none,0,0.0012472350339498683,,,,False,0,0.0,0.0,not_called,,0,0,NONE,0,,,0,not_triaged,0.0,70350.51433333334,,False,0.0,0.0,0.0,0.0
MID103167,skill_gaming,0,legit,none,0,0.00869542698565515,,,,False,0,0.0,0.0,not_called,,0,0,NONE,0,,,0,not_triaged,0.0,65889.236,,False,0.0,0.0,0.0,0.0
MID100030,electronics_retail,1,funnel_ring,none,0,0.9955738046497739,crypto_exchange,0.9711,checkout,False,7,0.9218,0.739,no_answer,,3,3,RESTRICT,4,telemetry;storefront;infrastructure,telemetry,4,confidence_threshold_met,4.4,156123.32599999997,telemetry_drift;network_cluster,False,900.0,0.0,0.0,900.0
MID100317,apparel,0,legit,none,0,0.017576632330205903,,,,False,0,0.0,0.0,not_called,,0,0,NONE,0,,,0,not_triaged,0.0,76909.67933333333,,True,0.0,0.0,0.0,0.0
MID103733,home_furnishing,0,legit,none,0,0.011382602524882943,,,,False,0,0.0,0.0,not_called,,0,0,NONE,0,,,0,not_triaged,0.0,67346.85333333333,,False,0.0,0.0,0.0,0.0
MID102062,travel_agency,0,legit,festival_season,0,0.01990678700535244,,,,False,0,0.0,0.0,not_called,,0,0,NONE,0,,,0,not_triaged,0.0,542250.8336666666,,False,0.0,0.0,0.0,0.0
MID103624,travel_agency,0,legit,none,0,0.001325749630990489,,,,False,0,0.0,0.0,not_called,,0,0,NONE,0,,,0,not_triaged,0.0,317024.0936666666,,False,0.0,0.0,0.0,0.0
MID100515,digital_services,0,legit,shared_platform,0,0.0006814708608331475,,,,False,0,0.0,0.0,not_called,,0,0,NONE,0,,,0,not_triaged,0.0,32625.19866666667,,True,0.0,0.0,0.0,0.0
MID100060,electronics_retail,1,pivot_prohibited,none,1,0.9973158812143531,sports_betting,0.9298,homepage,False,0,0.0,0.0,answered,True,3,3,RESTRICT,4,telemetry;storefront,telemetry,2,confidence_threshold_met,2.2,100123.70366666668,telemetry_drift;external_signal,False,900.0,0.0,0.0,900.0
MID101181,skill_gaming,0,legit,none,0,0.0013748968884468914,,,,False,0,0.0,0.0,not_called,,0,0,NONE,0,,,0,not_triaged,0.0,318177.8653333334,,False,0.0,0.0,0.0,0.0
MID100630,pharmacy,0,legit,none,0,0.03201728467919214,,,,False,0,0.0,0.0,not_called,,0,0,NONE,0,,,0,not_triaged,0.0,43292.777,,True,0.0,0.0,0.0,0.0
MID100636,electronics_retail,0,legit,festival_season,0,0.003051023414417979,,,,False,0,0.0,0.0,not_called,,0,0,NONE,0,,,0,not_triaged,0.0,548852.3306666666,,False,0.0,0.0,0.0,0.0
MID101060,apparel,0,legit,none,0,0.0021587452123071763,,,,False,11,0.4584,0.318,not_called,,1,1,REVIEW,0,,,0,not_triaged,0.0,37440.644,,False,0.0,0.0,0.0,0.0
MID101642,apparel,0,legit,none,0,0.0006418235143918203,,,,False,0,0.0,0.0,not_called,,0,0,NONE,0,,,0,not_triaged,0.0,127171.04133333333,,False,0.0,0.0,0.0,0.0
MID102060,electronics_retail,0,legit,none,0,0.0022461301220771473,,,,False,0,0.0,0.0,not_called,,0,0,NONE,0,,,0,not_triaged,0.0,160792.408,,False,0.0,0.0,0.0,0.0
MID103534,electronics_retail,0,legit,none,0,0.0048050517731892395,,,,False,0,0.0,0.0,not_called,,0,0,NONE,0,,,0,not_triaged,0.0,118215.915,,False,0.0,0.0,0.0,0.0
MID101938,electronics_retail,0,legit,none,0,0.0006024608399353075,,,,False,6,0.482,0.331,not_called,,1,1,REVIEW,0,,,0,not_triaged,0.0,613230.7423333334,,False,0.0,0.0,0.0,0.0
MID101954,electronics_retail,0,legit,none,0,0.0013553194207283868,,,,False,0,0.0,0.0,not_called,,0,0,NONE,0,,,0,not_triaged,0.0,182875.61733333333,,True,0.0,0.0,0.0,0.0
MID102988,skill_gaming,0,legit,none,0,0.001834731171793164,,,,False,0,0.0,0.0,not_called,,0,0,NONE,0,,,0,not_triaged,0.0,258409.66966666665,,False,0.0,0.0,0.0,0.0
MID103155,pharmacy,0,legit,none,0,0.0014998101842667478,,,,False,11,0.4176,0.182,not_called,,0,0,NONE,0,,,0,not_triaged,0.0,54829.59466666666,,False,0.0,0.0,0.0,0.0
MID102860,travel_agency,0,legit,none,0,0.0016199185323440876,,,,False,0,0.0,0.0,not_called,,0,0,NONE,0,,,0,not_triaged,0.0,93567.60633333334,,False,0.0,0.0,0.0,0.0
MID103449,home_furnishing,0,legit,viral_spike,0,0.004801193575436885,,,,False,0,0.0,0.0,not_called,,0,0,NONE,0,,,0,not_triaged,0.0,94407.32,,False,0.0,0.0,0.0,0.0
MID102654,pharmacy,0,legit,none,0,0.0012170508317729434,pharmacy,0.8903,homepage,False,0,0.0,0.0,not_called,,0,0,NONE,0,,,2,evidence_exhausted,2.2,38107.37899999999,external_signal,False,0.0,0.0,0.0,0.0
MID100385,electronics_retail,0,legit,festival_season,0,0.004523537800045991,,,,False,0,0.0,0.0,not_called,,0,0,NONE,0,,,0,not_triaged,0.0,537729.0993333333,,False,0.0,0.0,0.0,0.0
MID100483,home_furnishing,0,legit,none,0,0.0011415866573216092,,,,False,0,0.0,0.0,not_called,,0,0,NONE,0,,,0,not_triaged,0.0,51815.70733333334,,True,0.0,0.0,0.0,0.0
MID101861,home_furnishing,0,legit,none,0,0.0010855244492220138,,,,False,15,0.4055,0.177,not_called,,0,0,NONE,0,,,0,not_triaged,0.0,79485.15533333334,,True,0.0,0.0,0.0,0.0
MID103261,subscription_box,0,legit,none,0,0.02127067287798077,,,,False,0,0.0,0.0,not_called,,0,0,NONE,0,,,0,not_triaged,0.0,50382.10633333333,,False,0.0,0.0,0.0,0.0
MID100925,skill_gaming,0,legit,none,0,0.027983260140053406,,,,False,0,0.0,0.0,not_called,,0,0,NONE,0,,,0,not_triaged,0.0,84061.29633333332,,False,0.0,0.0,0.0,0.0
MID101350,electronics_retail,0,legit,none,0,0.001221414723791164,,,,False,0,0.0,0.0,not_called,,0,0,NONE,0,,,0,not_triaged,0.0,59875.678,,False,0.0,0.0,0.0,0.0
MID101629,apparel,0,legit,none,0,0.0008861058277622281,,,,False,0,0.0,0.0,not_called,,0,0,NONE,0,,,0,not_triaged,0.0,149700.46066666668,,False,0.0,0.0,0.0,0.0
MID103161,electronics_retail,0,legit,none,0,0.0034030037571905034,,,,False,0,0.0,0.0,not_called,,0,0,NONE,0,,,0,not_triaged,0.0,170699.85833333334,,True,0.0,0.0,0.0,0.0
MID103353,subscription_box,0,legit,shared_platform,0,0.0007411688697689813,,,,False,0,0.0,0.0,not_called,,0,0,NONE,0,,,0,not_triaged,0.0,152908.60566666667,,False,0.0,0.0,0.0,0.0
MID103890,electronics_retail,0,legit,none,0,0.001590949757925709,,,,False,0,0.0,0.0,not_called,,0,0,NONE,0,,,0,not_triaged,0.0,52482.67333333334,,False,0.0,0.0,0.0,0.0
MID102112,home_furnishing,0,legit,none,0,0.0010843655286901014,,,,False,0,0.0,0.0,not_called,,0,0,NONE,0,,,0,not_triaged,0.0,77338.40266666668,,False,0.0,0.0,0.0,0.0
MID101809,home_furnishing,0,legit,viral_spike,0,0.0013391061799762612,,,,False,0,0.0,0.0,not_called,,0,0,NONE,0,,,0,not_triaged,0.0,27253.128666666667,,False,0.0,0.0,0.0,0.0
MID101477,subscription_box,0,legit,none,0,0.0009820598569365575,,,,False,0,0.0,0.0,not_called,,0,0,NONE,0,,,0,not_triaged,0.0,177377.351,,False,0.0,0.0,0.0,0.0
MID102598,skill_gaming,0,legit,none,0,0.003356632401895139,,,,False,0,0.0,0.0,not_called,,0,0,NONE,0,,,0,not_triaged,0.0,211795.77233333333,,False,0.0,0.0,0.0,0.0
MID102608,subscription_box,0,legit,none,0,0.002690037281588542,,,,False,0,0.0,0.0,not_called,,0,0,NONE,0,,,0,not_triaged,0.0,53740.938,,True,0.0,0.0,0.0,0.0
MID101684,electronics_retail,0,legit,none,0,0.004850463429803636,,,,False,0,0.0,0.0,not_called,,0,0,NONE,0,,,0,not_triaged,0.0,169502.7403333333,,True,0.0,0.0,0.0,0.0
MID100691,electronics_retail,0,legit,none,0,0.0013972517223819262,,,,False,0,0.0,0.0,not_called,,0,0,NONE,0,,,0,not_triaged,0.0,178331.3633333333,,False,0.0,0.0,0.0,0.0
MID100514,home_furnishing,0,legit,none,0,0.04180197787342076,home_furnishing,0.99,homepage,False,0,0.0,0.0,not_called,,0,0,NONE,0,,,2,evidence_exhausted,2.2,23024.264000000003,external_signal,True,0.0,0.0,0.0,0.0
MID101720,home_furnishing,0,legit,none,0,0.02472542775156599,,,,False,0,0.0,0.0,not_called,,0,0,NONE,0,,,0,not_triaged,0.0,99181.20866666667,,True,0.0,0.0,0.0,0.0
MID102131,electronics_retail,0,legit,none,0,0.000986702235777575,,,,False,0,0.0,0.0,not_called,,0,0,NONE,0,,,0,not_triaged,0.0,193842.38166666668,,False,0.0,0.0,0.0,0.0
MID100719,subscription_box,0,legit,none,0,0.0016241040334597258,,,,False,0,0.0,0.0,not_called,,0,0,NONE,0,,,0,not_triaged,0.0,89825.47133333333,,False,0.0,0.0,0.0,0.0
MID101050,digital_services,0,legit,none,0,0.0005808412429639776,,,,False,0,0.0,0.0,not_called,,0,0,NONE,0,,,0,not_triaged,0.0,20638.115,,False,0.0,0.0,0.0,0.0
MID102181,pharmacy,0,legit,shared_platform,0,0.0008048818150009197,,,,False,0,0.0,0.0,not_called,,0,0,NONE,0,,,0,not_triaged,0.0,36219.80766666667,,False,0.0,0.0,0.0,0.0
MID101452,travel_agency,0,legit,none,0,0.0009279216988833586,,,,False,0,0.0,0.0,not_called,,0,0,NONE,0,,,0,not_triaged,0.0,96677.259,,False,0.0,0.0,0.0,0.0
MID103673,apparel,0,legit,shared_platform,0,0.0009963653604702632,,,,False,0,0.0,0.0,not_called,,0,0,NONE,0,,,0,not_triaged,0.0,36042.822666666674,,False,0.0,0.0,0.0,0.0
MID103348,subscription_box,0,legit,none,0,0.006196345398143363,,,,False,0,0.0,0.0,not_called,,0,0,NONE,0,,,0,not_triaged,0.0,109752.00233333334,,True,0.0,0.0,0.0,0.0
MID100825,apparel,0,legit,none,0,0.002971148362395084,,,,False,0,0.0,0.0,not_called,,0,0,NONE,0,,,0,not_triaged,0.0,147632.747,,False,0.0,0.0,0.0,0.0
MID101915,digital_services,0,legit,none,0,0.011300524678437833,,,,False,0,0.0,0.0,not_called,,0,0,NONE,0,,,0,not_triaged,0.0,42794.54566666667,,True,0.0,0.0,0.0,0.0
MID100065,travel_agency,1,rented_account,none,1,0.911794530273474,unlicensed_lending,0.99,checkout,True,0,0.0,0.0,answered,True,3,3,RESTRICT,4,telemetry;storefront,telemetry,3,confidence_threshold_met,4.4,83891.84766666667,telemetry_drift,False,900.0,0.0,0.0,900.0
MID100979,pharmacy,0,legit,none,0,0.006401854354722621,,,,False,0,0.0,0.0,not_called,,0,0,NONE,0,,,0,not_triaged,0.0,15828.227333333334,,False,0.0,0.0,0.0,0.0
MID100171,electronics_retail,0,legit,none,0,0.0015172470976723296,,,,False,0,0.0,0.0,not_called,,0,0,NONE,0,,,0,not_triaged,0.0,161806.75366666666,,True,0.0,0.0,0.0,0.0
MID103035,apparel,0,legit,viral_spike,0,0.002966853127366155,,,,False,0,0.0,0.0,not_called,,0,0,NONE,0,,,0,not_triaged,0.0,60063.694,,False,0.0,0.0,0.0,0.0
MID100495,digital_services,0,legit,none,0,0.001560859283535535,,,,False,0,0.0,0.0,not_called,,0,0,NONE,0,,,0,not_triaged,0.0,67657.31,,False,0.0,0.0,0.0,0.0
MID102498,digital_services,0,legit,none,0,0.0011048185141747063,,,,False,0,0.0,0.0,not_called,,0,0,NONE,0,,,0,not_triaged,0.0,51160.56133333334,,False,0.0,0.0,0.0,0.0
MID102171,skill_gaming,0,legit,none,0,0.016831107577025096,skill_gaming,0.9579,homepage,False,0,0.0,0.0,not_called,,0,0,NONE,0,,,2,evidence_exhausted,2.2,188968.36800000005,external_signal,False,0.0,0.0,0.0,0.0
MID102282,electronics_retail,0,legit,none,0,0.001314011546819471,,,,False,0,0.0,0.0,not_called,,0,0,NONE,0,,,0,not_triaged,0.0,174931.37866666666,,False,0.0,0.0,0.0,0.0
MID100643,electronics_retail,0,legit,none,0,0.001589215697348296,,,,False,0,0.0,0.0,not_called,,0,0,NONE,0,,,0,not_triaged,0.0,120859.557,,True,0.0,0.0,0.0,0.0
MID102892,subscription_box,0,legit,none,0,0.0022858943560758196,,,,False,0,0.0,0.0,not_called,,0,0,NONE,0,,,0,not_triaged,0.0,93835.14333333333,,False,0.0,0.0,0.0,0.0
MID100422,home_furnishing,0,legit,none,0,0.003746151742979519,,,,False,0,0.0,0.0,not_called,,0,0,NONE,0,,,0,not_triaged,0.0,42077.711,,False,0.0,0.0,0.0,0.0
MID100739,apparel,0,legit,none,0,0.0010083767649671103,,,,False,0,0.0,0.0,not_called,,0,0,NONE,0,,,0,not_triaged,0.0,90843.79166666669,,False,0.0,0.0,0.0,0.0
MID103493,electronics_retail,0,legit,viral_spike,0,0.0033919001699083723,,,,False,0,0.0,0.0,not_called,,0,0,NONE,0,,,0,not_triaged,0.0,88510.21233333334,,True,0.0,0.0,0.0,0.0
MID101171,home_furnishing,0,legit,none,0,0.0062674944494220215,,,,False,0,0.0,0.0,not_called,,0,0,NONE,0,,,0,not_triaged,0.0,93349.02033333332,,False,0.0,0.0,0.0,0.0
MID100363,digital_services,0,legit,price_point_change,0,0.0017341567233218574,,,,False,0,0.0,0.0,not_called,,0,0,NONE,0,,,0,not_triaged,0.0,31166.09633333333,,False,0.0,0.0,0.0,0.0
MID103318,digital_services,0,legit,none,0,0.0013569367718581037,,,,False,0,0.0,0.0,not_called,,0,0,NONE,0,,,0,not_triaged,0.0,33845.672,,False,0.0,0.0,0.0,0.0
MID102435,skill_gaming,0,legit,none,0,0.001321560569941896,,,,False,0,0.0,0.0,not_called,,0,0,NONE,0,,,0,not_triaged,0.0,134665.66533333334,,False,0.0,0.0,0.0,0.0
MID102661,apparel,0,legit,none,0,0.0013597183945090404,,,,False,0,0.0,0.0,not_called,,0,0,NONE,0,,,0,not_triaged,0.0,47604.80333333334,,False,0.0,0.0,0.0,0.0
MID103462,apparel,0,legit,shared_platform,0,0.0014949431522164058,,,,False,0,0.0,0.0,not_called,,0,0,NONE,0,,,0,not_triaged,0.0,44567.204000000005,,False,0.0,0.0,0.0,0.0
MID102867,apparel,0,legit,none,0,0.0014529468617676354,,,,False,0,0.0,0.0,not_called,,0,0,NONE,0,,,0,not_triaged,0.0,346013.581,,False,0.0,0.0,0.0,0.0
MID101683,pharmacy,0,legit,none,0,0.0011144242968432676,,,,False,0,0.0,0.0,not_called,,0,0,NONE,0,,,0,not_triaged,0.0,79092.83966666667,,False,0.0,0.0,0.0,0.0
MID103975,skill_gaming,0,legit,none,0,0.000454083222949444,,,,False,0,0.0,0.0,not_called,,0,0,NONE,0,,,0,not_triaged,0.0,221304.49,,False,0.0,0.0,0.0,0.0
MID103672,electronics_retail,0,legit,none,0,0.0009108363595223439,electronics_retail,0.9628,homepage,False,0,0.0,0.0,not_called,,0,0,NONE,0,,,2,evidence_exhausted,2.2,201923.1343333333,high_volume_rotation,False,0.0,0.0,0.0,0.0
MID101313,skill_gaming,0,legit,none,0,0.0015765464818725797,,,,False,0,0.0,0.0,not_called,,0,0,NONE,0,,,0,not_triaged,0.0,337907.02,,False,0.0,0.0,0.0,0.0
MID100540,skill_gaming,0,legit,none,0,0.0011059756738306988,skill_gaming,0.99,homepage,False,0,0.0,0.0,not_called,,0,0,NONE,0,,,2,evidence_exhausted,2.2,156243.66466666668,high_volume_rotation,False,0.0,0.0,0.0,0.0
MID101066,skill_gaming,0,legit,none,0,0.0013328320103705884,,,,False,0,0.0,0.0,not_called,,0,0,NONE,0,,,0,not_triaged,0.0,54730.30833333333,,False,0.0,0.0,0.0,0.0
MID100980,electronics_retail,0,legit,none,0,0.0013483635102897807,electronics_retail,0.99,homepage,False,0,0.0,0.0,not_called,,0,0,NONE,0,,,2,evidence_exhausted,2.2,185310.0593333333,high_volume_rotation,False,0.0,0.0,0.0,0.0
MID101137,subscription_box,0,legit,none,0,0.029265631058769233,,,,False,0,0.0,0.0,not_called,,0,0,NONE,0,,,0,not_triaged,0.0,74067.612,,True,0.0,0.0,0.0,0.0
MID102811,apparel,0,legit,none,0,0.0008076116028019301,,,,False,0,0.0,0.0,not_called,,0,0,NONE,0,,,0,not_triaged,0.0,87002.69466666666,,False,0.0,0.0,0.0,0.0
MID100229,home_furnishing,0,legit,festival_season,0,0.1676276494955139,,,,False,0,0.0,0.0,not_called,,0,0,NONE,0,,,0,not_triaged,0.0,33250.28833333334,,False,0.0,0.0,0.0,0.0
MID100752,digital_services,0,legit,none,0,0.001075399399929552,,,,False,0,0.0,0.0,not_called,,0,0,NONE,0,,,0,not_triaged,0.0,27769.36333333333,,False,0.0,0.0,0.0,0.0
MID102404,electronics_retail,0,legit,none,0,0.0016748387314853893,,,,False,0,0.0,0.0,not_called,,0,0,NONE,0,,,0,not_triaged,0.0,235308.53133333332,,False,0.0,0.0,0.0,0.0
MID103950,home_furnishing,0,legit,viral_spike,0,0.0034575540670024724,,,,False,0,0.0,0.0,not_called,,0,0,NONE,0,,,0,not_triaged,0.0,261694.382,,False,0.0,0.0,0.0,0.0
MID102452,home_furnishing,0,legit,festival_season,0,0.03386554067860247,,,,False,0,0.0,0.0,not_called,,0,0,NONE,0,,,0,not_triaged,0.0,160367.97033333333,,False,0.0,0.0,0.0,0.0
MID100131,apparel,1,pivot_prohibited,none,1,0.014447919896775355,,,,False,0,0.0,0.0,not_called,,0,0,NONE,0,,,0,not_triaged,0.0,82982.93366666668,,True,0.0,0.0,577235.96,577235.96
MID102180,electronics_retail,0,legit,none,0,0.002373367419237091,,,,False,0,0.0,0.0,not_called,,0,0,NONE,0,,,0,not_triaged,0.0,56118.151,,True,0.0,0.0,0.0,0.0
MID103182,electronics_retail,0,legit,none,0,0.0010883654739077438,,,,False,0,0.0,0.0,not_called,,0,0,NONE,0,,,0,not_triaged,0.0,489107.8906666667,,False,0.0,0.0,0.0,0.0
MID101551,apparel,0,legit,none,0,0.0013689647014935762,,,,False,0,0.0,0.0,not_called,,0,0,NONE,0,,,0,not_triaged,0.0,91891.65433333332,,True,0.0,0.0,0.0,0.0
MID101450,home_furnishing,0,legit,none,0,0.0076433859909071766,,,,False,0,0.0,0.0,not_called,,0,0,NONE,0,,,0,not_triaged,0.0,69945.331,,False,0.0,0.0,0.0,0.0
MID100169,pharmacy,0,legit,none,0,0.00201123156280074,,,,False,0,0.0,0.0,not_called,,0,0,NONE,0,,,0,not_triaged,0.0,59863.87833333333,,True,0.0,0.0,0.0,0.0
MID102474,skill_gaming,0,legit,none,0,0.0007993616665658825,,,,False,0,0.0,0.0,not_called,,0,0,NONE,0,,,0,not_triaged,0.0,122128.99499999998,,False,0.0,0.0,0.0,0.0
MID103021,electronics_retail,0,legit,none,0,0.002093863901824286,,,,False,0,0.0,0.0,not_called,,0,0,NONE,0,,,0,not_triaged,0.0,57143.239,,False,0.0,0.0,0.0,0.0
MID101100,digital_services,0,legit,shared_platform,0,0.0011109269645227977,,,,False,0,0.0,0.0,not_called,,0,0,NONE,0,,,0,not_triaged,0.0,51272.50466666667,,False,0.0,0.0,0.0,0.0
MID101580,skill_gaming,0,legit,none,0,0.014788387272308882,,,,False,0,0.0,0.0,not_called,,0,0,NONE,0,,,0,not_triaged,0.0,118621.391,,False,0.0,0.0,0.0,0.0
MID101128,apparel,0,legit,price_point_change,0,0.002464392039628493,,,,False,0,0.0,0.0,not_called,,0,0,NONE,0,,,0,not_triaged,0.0,46013.19633333333,,False,0.0,0.0,0.0,0.0
MID103097,electronics_retail,0,legit,viral_spike,0,0.018898980540331328,,,,False,0,0.0,0.0,not_called,,0,0,NONE,0,,,0,not_triaged,0.0,158477.00266666667,,True,0.0,0.0,0.0,0.0
MID103260,electronics_retail,0,legit,none,0,0.0006358214561877483,,,,False,0,0.0,0.0,not_called,,0,0,NONE,0,,,0,not_triaged,0.0,483725.8073333333,,False,0.0,0.0,0.0,0.0
MID103236,electronics_retail,0,legit,none,0,0.014966591641643752,,,,False,0,0.0,0.0,not_called,,0,0,NONE,0,,,0,not_triaged,0.0,105414.68666666668,,True,0.0,0.0,0.0,0.0
MID100214,digital_services,0,legit,none,0,0.0010272979588929105,,,,False,0,0.0,0.0,not_called,,0,0,NONE,0,,,0,not_triaged,0.0,99396.20366666668,,False,0.0,0.0,0.0,0.0
MID100127,pharmacy,1,licensing_violation,none,0,0.0011908764044957078,,,,False,0,0.0,0.0,not_called,,0,0,NONE,0,,,0,not_triaged,0.0,76991.81733333334,,True,0.0,0.0,923794.57,923794.57
MID100508,subscription_box,0,legit,none,0,0.0016310612023939172,,,,False,0,0.0,0.0,not_called,,0,0,NONE,0,,,0,not_triaged,0.0,30585.749,,False,0.0,0.0,0.0,0.0
MID100616,subscription_box,0,legit,none,0,0.010385641311086198,subscription_box,0.99,homepage,False,9,0.4795,0.366,not_called,,1,1,REVIEW,0,,,2,evidence_exhausted,2.2,23503.465333333334,external_signal,False,0.0,0.0,0.0,0.0
MID103341,pharmacy,0,legit,none,0,0.0007110615110430787,,,,False,0,0.0,0.0,not_called,,0,0,NONE,0,,,0,not_triaged,0.0,67466.63933333333,,True,0.0,0.0,0.0,0.0
MID103369,apparel,0,legit,none,0,0.00247755637113517,,,,False,0,0.0,0.0,not_called,,0,0,NONE,0,,,0,not_triaged,0.0,65101.26133333333,,False,0.0,0.0,0.0,0.0
MID100680,apparel,0,legit,none,0,0.005829193889564947,,,,False,11,0.4176,0.182,not_called,,0,0,NONE,0,,,0,not_triaged,0.0,57069.00033333334,,True,0.0,0.0,0.0,0.0
MID102333,skill_gaming,0,legit,none,0,0.002499372086653458,,,,False,0,0.0,0.0,not_called,,0,0,NONE,0,,,0,not_triaged,0.0,142765.15433333334,,False,0.0,0.0,0.0,0.0
MID101925,apparel,0,legit,none,0,0.020814209435320974,,,,False,0,0.0,0.0,not_called,,0,0,NONE,0,,,0,not_triaged,0.0,97051.873,,False,0.0,0.0,0.0,0.0
MID103926,travel_agency,0,legit,none,0,0.0011441864130328203,,,,False,0,0.0,0.0,not_called,,0,0,NONE,0,,,0,not_triaged,0.0,227614.62766666667,,False,0.0,0.0,0.0,0.0
MID102160,apparel,0,legit,none,0,0.00472051556837504,,,,False,0,0.0,0.0,not_called,,0,0,NONE,0,,,0,not_triaged,0.0,88896.34899999999,,True,0.0,0.0,0.0,0.0
MID102613,apparel,0,legit,none,0,0.0009603744210720928,,,,False,0,0.0,0.0,not_called,,0,0,NONE,0,,,0,not_triaged,0.0,55777.04666666666,,False,0.0,0.0,0.0,0.0
MID101165,apparel,0,legit,none,0,0.004979030472768088,,,,False,0,0.0,0.0,not_called,,0,0,NONE,0,,,0,not_triaged,0.0,16154.301666666668,,False,0.0,0.0,0.0,0.0
MID101431,digital_services,0,legit,none,0,0.025024681395531035,,,,False,0,0.0,0.0,not_called,,0,0,NONE,0,,,0,not_triaged,0.0,46536.536,,False,0.0,0.0,0.0,0.0
MID100039,pharmacy,1,licensing_violation,none,0,0.5736962129184309,unregistered_pharmacy,0.99,homepage,False,0,0.0,0.0,answered,True,2,2,RESTRICT,3,storefront,,4,confidence_threshold_met,2.2,16322.252,telemetry_drift,False,900.0,0.0,0.0,900.0
MID102284,home_furnishing,0,legit,none,0,0.001476156015494147,,,,False,0,0.0,0.0,not_called,,0,0,NONE,0,,,0,not_triaged,0.0,24814.786,,False,0.0,0.0,0.0,0.0
MID103011,skill_gaming,0,legit,none,0,0.001266292502328541,,,,False,0,0.0,0.0,not_called,,0,0,NONE,0,,,0,not_triaged,0.0,264468.4693333333,,False,0.0,0.0,0.0,0.0
MID100247,digital_services,0,legit,shared_platform,0,0.003917343279176734,,,,False,0,0.0,0.0,not_called,,0,0,NONE,0,,,0,not_triaged,0.0,29059.88766666667,,False,0.0,0.0,0.0,0.0
MID100006,apparel,1,funnel_ring,none,0,0.99947363677696,crypto_exchange,0.9699,checkout,True,7,0.9291,0.764,declined,,3,3,RESTRICT,4,telemetry;storefront;infrastructure,telemetry,4,confidence_threshold_met,4.4,341748.476,telemetry_drift;network_cluster,False,900.0,0.0,0.0,900.0
MID103590,apparel,0,legit,none,0,0.004130229276217797,,,,False,0,0.0,0.0,not_called,,0,0,NONE,0,,,0,not_triaged,0.0,41058.228,,False,0.0,0.0,0.0,0.0
MID100386,travel_agency,0,legit,none,0,0.0011128697879399748,,,,False,0,0.0,0.0,not_called,,0,0,NONE,0,,,0,not_triaged,0.0,451313.7806666667,,False,0.0,0.0,0.0,0.0
MID100768,subscription_box,0,legit,none,0,0.004496845373572926,,,,False,0,0.0,0.0,not_called,,0,0,NONE,0,,,0,not_triaged,0.0,68841.65333333334,,False,0.0,0.0,0.0,0.0
MID102694,pharmacy,0,legit,none,0,0.006726465644359805,pharmacy,0.99,homepage,False,0,0.0,0.0,not_called,,0,0,NONE,0,,,2,evidence_exhausted,2.2,22837.391,external_signal,False,0.0,0.0,0.0,0.0
MID101110,skill_gaming,0,legit,none,0,0.0010703705098748242,,,,False,0,0.0,0.0,not_called,,0,0,NONE,0,,,0,not_triaged,0.0,530409.378,,False,0.0,0.0,0.0,0.0
MID100531,apparel,0,legit,none,0,0.00992377833427169,,,,False,0,0.0,0.0,not_called,,0,0,NONE,0,,,0,not_triaged,0.0,120008.46566666669,,False,0.0,0.0,0.0,0.0
MID101723,apparel,0,legit,shared_platform,0,0.03323428476352791,,,,False,0,0.0,0.0,not_called,,0,0,NONE,0,,,0,not_triaged,0.0,60008.07633333334,,False,0.0,0.0,0.0,0.0
MID101470,apparel,0,legit,none,0,0.002024209589282954,,,,False,0,0.0,0.0,not_called,,0,0,NONE,0,,,0,not_triaged,0.0,85082.232,,True,0.0,0.0,0.0,0.0
MID101724,home_furnishing,0,legit,none,0,0.0014008117913770735,,,,False,7,0.3996,0.072,not_called,,0,0,NONE,0,,,0,not_triaged,0.0,88482.48966666665,,False,0.0,0.0,0.0,0.0
MID101532,travel_agency,0,legit,none,0,0.0004771356895775629,,,,False,0,0.0,0.0,not_called,,0,0,NONE,0,,,0,not_triaged,0.0,165466.47166666668,,True,0.0,0.0,0.0,0.0
MID102432,skill_gaming,0,legit,none,0,0.054241330901633605,,,,False,0,0.0,0.0,not_called,,0,0,NONE,0,,,0,not_triaged,0.0,63885.36299999999,,False,0.0,0.0,0.0,0.0
MID102579,home_furnishing,0,legit,none,0,0.00595472125024077,,,,False,0,0.0,0.0,not_called,,0,0,NONE,0,,,0,not_triaged,0.0,84237.457,,True,0.0,0.0,0.0,0.0
MID102938,subscription_box,0,legit,shared_platform,0,0.000899679219699335,,,,False,0,0.0,0.0,not_called,,0,0,NONE,0,,,0,not_triaged,0.0,38340.693333333336,,True,0.0,0.0,0.0,0.0
MID102358,travel_agency,0,legit,festival_season,0,0.006497447257568058,,,,False,0,0.0,0.0,not_called,,0,0,NONE,0,,,0,not_triaged,0.0,384962.749,,False,0.0,0.0,0.0,0.0
MID100662,apparel,0,legit,price_point_change,0,0.001296493126788833,,,,False,0,0.0,0.0,not_called,,0,0,NONE,0,,,0,not_triaged,0.0,107173.53733333334,,True,0.0,0.0,0.0,0.0
MID102174,subscription_box,0,legit,none,0,0.004225711948303848,,,,False,0,0.0,0.0,not_called,,0,0,NONE,0,,,0,not_triaged,0.0,60928.86333333333,,False,0.0,0.0,0.0,0.0
MID100863,pharmacy,0,legit,none,0,0.0016035837281059974,,,,False,0,0.0,0.0,not_called,,0,0,NONE,0,,,0,not_triaged,0.0,99898.91533333334,,False,0.0,0.0,0.0,0.0
MID101179,apparel,0,legit,festival_season,0,0.01373902119922879,,,,False,0,0.0,0.0,not_called,,0,0,NONE,0,,,0,not_triaged,0.0,76829.83333333333,,False,0.0,0.0,0.0,0.0
MID102283,apparel,0,legit,none,0,0.0011390641745466828,,,,False,0,0.0,0.0,not_called,,0,0,NONE,0,,,0,not_triaged,0.0,71515.10866666668,,True,0.0,0.0,0.0,0.0
MID102591,subscription_box,0,legit,none,0,0.005985297412109721,,,,False,0,0.0,0.0,not_called,,0,0,NONE,0,,,0,not_triaged,0.0,97735.31433333331,,True,0.0,0.0,0.0,0.0
MID101543,apparel,0,legit,price_point_change,0,0.005908090220195627,,,,False,0,0.0,0.0,not_called,,0,0,NONE,0,,,0,not_triaged,0.0,29462.709333333336,,True,0.0,0.0,0.0,0.0
MID103224,travel_agency,0,legit,none,0,0.0005673557468123929,,,,False,0,0.0,0.0,not_called,,0,0,NONE,0,,,0,not_triaged,0.0,70328.03233333332,,False,0.0,0.0,0.0,0.0
MID103746,apparel,0,legit,none,0,0.001993532577979108,,,,False,0,0.0,0.0,not_called,,0,0,NONE,0,,,0,not_triaged,0.0,68820.19133333332,,False,0.0,0.0,0.0,0.0
MID102457,apparel,0,legit,festival_season,0,0.008268901665701432,,,,False,0,0.0,0.0,not_called,,0,0,NONE,0,,,0,not_triaged,0.0,301742.35666666663,,True,0.0,0.0,0.0,0.0
MID103217,apparel,0,legit,shared_platform,0,0.0005805993225153098,,,,False,0,0.0,0.0,not_called,,0,0,NONE,0,,,0,not_triaged,0.0,61621.98033333333,,True,0.0,0.0,0.0,0.0
MID101078,pharmacy,0,legit,none,0,0.010189260063584756,,,,False,0,0.0,0.0,not_called,,0,0,NONE,0,,,0,not_triaged,0.0,24746.984333333334,,False,0.0,0.0,0.0,0.0
MID100927,subscription_box,0,legit,shared_platform,0,0.002272684911155024,subscription_box,0.9194,homepage,False,0,0.0,0.0,not_called,,0,0,NONE,0,,,2,evidence_exhausted,2.2,69293.77633333333,high_volume_rotation,True,0.0,0.0,0.0,0.0
MID101391,pharmacy,0,legit,none,0,0.0007667810902241128,,,,False,0,0.0,0.0,not_called,,0,0,NONE,0,,,0,not_triaged,0.0,32435.391333333333,,True,0.0,0.0,0.0,0.0
MID102832,pharmacy,0,legit,shared_platform,0,0.0021979202268830895,,,,False,0,0.0,0.0,not_called,,0,0,NONE,0,,,0,not_triaged,0.0,9149.047333333332,,False,0.0,0.0,0.0,0.0
MID103521,home_furnishing,0,legit,none,0,0.008100411216874501,,,,False,0,0.0,0.0,not_called,,0,0,NONE,0,,,0,not_triaged,0.0,125882.06833333331,,False,0.0,0.0,0.0,0.0
MID103464,electronics_retail,0,legit,none,0,0.038705136879582096,,,,False,0,0.0,0.0,not_called,,0,0,NONE,0,,,0,not_triaged,0.0,88209.62933333333,,True,0.0,0.0,0.0,0.0
MID103263,electronics_retail,0,legit,viral_spike,0,0.0012524457489353777,,,,False,0,0.0,0.0,not_called,,0,0,NONE,0,,,0,not_triaged,0.0,374046.8896666667,,True,0.0,0.0,0.0,0.0
MID102302,apparel,0,legit,none,0,0.003945626515554075,,,,False,0,0.0,0.0,not_called,,0,0,NONE,0,,,0,not_triaged,0.0,247423.779,,False,0.0,0.0,0.0,0.0
MID101227,apparel,0,legit,none,0,0.0020235008332689895,,,,False,0,0.0,0.0,not_called,,0,0,NONE,0,,,0,not_triaged,0.0,77977.33366666666,,True,0.0,0.0,0.0,0.0
MID103891,electronics_retail,0,legit,festival_season,0,0.0010183665040225743,,,,False,0,0.0,0.0,not_called,,0,0,NONE,0,,,0,not_triaged,0.0,449872.972,,False,0.0,0.0,0.0,0.0
MID101388,home_furnishing,0,legit,festival_season,0,0.16892734564174855,home_furnishing,0.99,homepage,False,0,0.0,0.0,not_called,,0,0,NONE,0,,,2,evidence_exhausted,2.2,154081.89733333333,external_signal,True,0.0,0.0,0.0,0.0
MID103368,home_furnishing,0,legit,none,0,0.029942750588303535,,,,False,0,0.0,0.0,not_called,,0,0,NONE,0,,,0,not_triaged,0.0,63846.282666666666,,False,0.0,0.0,0.0,0.0
MID100973,home_furnishing,0,legit,none,0,0.0009289132138824985,,,,False,0,0.0,0.0,not_called,,0,0,NONE,0,,,0,not_triaged,0.0,42274.68566666666,,False,0.0,0.0,0.0,0.0
MID101031,electronics_retail,0,legit,none,0,0.012543724025271846,,,,False,0,0.0,0.0,not_called,,0,0,NONE,0,,,0,not_triaged,0.0,382715.387,,True,0.0,0.0,0.0,0.0
MID100078,electronics_retail,1,pivot_prohibited,none,1,0.9996309341891225,sports_betting,0.99,homepage,False,0,0.0,0.0,declined,,2,2,RESTRICT,4,telemetry;storefront,telemetry,2,confidence_threshold_met,2.2,117778.47066666668,telemetry_drift;external_signal,False,900.0,0.0,0.0,900.0
MID100762,subscription_box,0,legit,none,0,0.0032321531731541904,,,,False,0,0.0,0.0,not_called,,0,0,NONE,0,,,0,not_triaged,0.0,71784.82033333332,,True,0.0,0.0,0.0,0.0
MID101902,apparel,0,legit,viral_spike,0,0.0018400016463806321,,,,False,0,0.0,0.0,not_called,,0,0,NONE,0,,,0,not_triaged,0.0,64000.14866666667,,False,0.0,0.0,0.0,0.0
MID100162,apparel,0,legit,viral_spike,0,0.0033352205919973785,apparel,0.99,homepage,False,0,0.0,0.0,not_called,,0,0,NONE,0,,,2,evidence_exhausted,2.2,82449.90699999999,external_signal,False,0.0,0.0,0.0,0.0
MID101473,skill_gaming,0,legit,none,0,0.0040122761150506465,,,,False,0,0.0,0.0,not_called,,0,0,NONE,0,,,0,not_triaged,0.0,89427.65733333334,,False,0.0,0.0,0.0,0.0
MID102998,digital_services,0,legit,none,0,0.0011785778605397916,,,,False,0,0.0,0.0,not_called,,0,0,NONE,0,,,0,not_triaged,0.0,40042.701,,True,0.0,0.0,0.0,0.0
MID103705,electronics_retail,0,legit,none,0,0.006853700448721888,,,,False,0,0.0,0.0,not_called,,0,0,NONE,0,,,0,not_triaged,0.0,143712.80333333332,,False,0.0,0.0,0.0,0.0
